registry_version,track,geometry,system,target,signal,budget_level,unit,budget_per_frame,overhead,overhead_provenance,n_frames,k_zero_overhead,feasible,all_cheap_loss,O_0_share,G_rank_zero_overhead_equals_scorer,note,share_after_overhead,k_after_overhead,stream_rate_realised,O_o_share,G_rank_share,G_stream_share,gap_share,term_overhead_share,term_ranking_share,term_causal_share,term_causal_sign,tau,tie_p,tie_draws,gap_share_lo,gap_share_hi,term_overhead_share_lo,term_overhead_share_hi,term_ranking_share_lo,term_ranking_share_hi,term_causal_share_lo,term_causal_share_hi
2026-09-23.1,nuScenes,oracle,brake,J,gate_ridge,0.2,ms,16.5801677512718,3.925717499981829,measured on nuScenes,955,191,False,246.6178238736764,0.191907477467463,True,infeasible: overhead 3.9257 ms exceeds the headroom 3.8703 ms,,,,,,,,,,,,,,,,,,,,,,
2026-09-23.1,nuScenes,oracle,brake,J,gate_ridge,0.5,ms,22.38554650102742,3.925717499981829,measured on nuScenes,955,477,True,246.6178238736764,0.191907477467463,True,,0.2971337787316417,283.0,0.20523560209424083,0.191907477467463,0.09909873474494903,0.09808520398982555,0.09382227347763744,0.0,0.09280874272251398,0.0010135307551234673,positive,0.066357169,0.9770832733241264,1.0,0.038767885629974665,0.14220848432157562,0.0,0.0,0.026526864847121696,0.18352330600819292,-0.09044360957232861,0.044620428175418066
2026-09-23.1,nuScenes,oracle,brake,J,gate_gbm,0.2,ms,16.5801677512718,21.376582500010954,measured on nuScenes,955,191,False,246.6178238736764,0.191907477467463,True,infeasible: overhead 21.3766 ms exceeds the headroom 3.8703 ms,,,,,,,,,,,,,,,,,,,,,,
2026-09-23.1,nuScenes,oracle,brake,J,gate_gbm,0.5,ms,22.38554650102742,21.376582500010954,measured on nuScenes,955,477,False,246.6178238736764,0.191907477467463,True,infeasible: overhead 21.3766 ms exceeds the headroom 9.6756 ms,,,,,,,,,,,,,,,,,,,,,,
2026-09-23.1,nuScenes,oracle,brake,J,R1_mlp_reg,0.2,ms,16.5801677512718,0.6491920000541995,measured on nuScenes,955,191,True,246.6178238736764,0.191907477467463,True,,0.16645221467687044,158.0,0.09633507853403141,0.191907477467463,0.0366875694104904,0.0039720758062258,0.1879354016612372,0.0,0.1552199080569726,0.0327154936042646,positive,0.238707411,0.8636085344896003,32.0,0.09524258617550654,0.29712128725393117,0.0,0.0,0.09160310125975896,0.2329681825679224,2.8999073591854515e-18,0.0881863076189998
2026-09-23.1,nuScenes,oracle,brake,J,R1_mlp_reg,0.5,ms,22.38554650102742,0.6491920000541995,measured on nuScenes,955,477,True,246.6178238736764,0.191907477467463,True,,0.4664522146768704,445.0,0.4178010471204188,0.191907477467463,0.06460453831363462,0.04684403988323114,0.14506343758423185,0.0,0.1273029391538284,0.017760498430403483,positive,0.045458757,0.6636085344895832,32.0,0.08096906566814176,0.2440015132924895,0.0,0.0,0.057631375942995,0.24038849546563396,-0.005254392133100831,0.049978709148395924
2026-09-23.1,nuScenes,oracle,brake,J,R1_mlp_clf,0.2,ms,16.5801677512718,0.6491920000541995,measured on nuScenes,955,191,True,246.6178238736764,0.191907477467463,True,,0.16645221467687044,158.0,0.1162303664921466,0.191907477467463,0.004053392969187365,0.008925087973133402,0.1829823894943296,0.0,0.18785408449827565,-0.004871695003946036,negative,0.01316684,0.8636085344896003,32.0,0.07984367470591464,0.28703388163204563,0.0,0.0,0.0839293744837498,0.2932217731192171,-0.016606699412934776,2.853639778566503e-18
2026-09-23.1,nuScenes,oracle,brake,J,R1_mlp_clf,0.5,ms,22.38554650102742,0.6491920000541995,measured on nuScenes,955,477,True,246.6178238736764,0.191907477467463,True,,0.4664522146768704,445.0,0.4083769633507853,0.191907477467463,0.06927825016072299,0.056400680036397755,0.13550679743106525,0.0,0.12262922730674,0.012877570124325239,positive,3.5e-08,0.8318042672447916,32.0,0.06850757272948567,0.20794697375428833,0.0,0.0,0.046766387793910735,0.2212760598978524,-0.05284072378782703,0.05808655531808292
2026-09-23.1,nuScenes,oracle,brake,J,R1_gbm_reg,0.2,ms,16.5801677512718,15.909292499998173,measured on nuScenes,955,191,False,246.6178238736764,0.191907477467463,True,infeasible: overhead 15.9093 ms exceeds the headroom 3.8703 ms,,,,,,,,,,,,,,,,,,,,,,
2026-09-23.1,nuScenes,oracle,brake,J,R1_gbm_reg,0.5,ms,22.38554650102742,15.909292499998173,measured on nuScenes,955,477,False,246.6178238736764,0.191907477467463,True,infeasible: overhead 15.9093 ms exceeds the headroom 9.6756 ms,,,,,,,,,,,,,,,,,,,,,,
2026-09-23.1,nuScenes,oracle,brake,J,R1_gbm_clf,0.2,ms,16.5801677512718,15.909292499998173,measured on nuScenes,955,191,False,246.6178238736764,0.191907477467463,True,infeasible: overhead 15.9093 ms exceeds the headroom 3.8703 ms,,,,,,,,,,,,,,,,,,,,,,
2026-09-23.1,nuScenes,oracle,brake,J,R1_gbm_clf,0.5,ms,22.38554650102742,15.909292499998173,measured on nuScenes,955,477,False,246.6178238736764,0.191907477467463,True,infeasible: overhead 15.9093 ms exceeds the headroom 9.6756 ms,,,,,,,,,,,,,,,,,,,,,,
2026-09-23.1,nuScenes,oracle,plan_ade,JC_ade,gate_ridge,0.2,ms,16.5801677512718,3.925717499981829,measured on nuScenes,752,150,False,3015.1530604685695,0.028733094320147645,True,infeasible: overhead 3.9257 ms exceeds the headroom 3.8703 ms,,,,,,,,,,,,,,,,,,,,,,
2026-09-23.1,nuScenes,oracle,plan_ade,JC_ade,gate_ridge,0.5,ms,22.38554650102742,3.925717499981829,measured on nuScenes,752,376,True,3015.1530604685695,0.028733094320147645,True,,0.2971337787316417,223.0,0.15824468085106383,0.028733094320147645,-0.004972182427977349,-0.003135018109389661,0.031868112429537306,0.0,0.03370527674812499,-0.0018371643185876884,negative,0.038216764,0.26975558708920744,1.0,0.016221526731104906,0.05208391872380497,0.0,0.0,0.01710756441207332,0.05548311559472367,-0.005439100810660596,0.004214156007230629
2026-09-23.1,nuScenes,oracle,plan_ade,JC_ade,gate_gbm,0.2,ms,16.5801677512718,21.376582500010954,measured on nuScenes,752,150,False,3015.1530604685695,0.028733094320147645,True,infeasible: overhead 21.3766 ms exceeds the headroom 3.8703 ms,,,,,,,,,,,,,,,,,,,,,,
2026-09-23.1,nuScenes,oracle,plan_ade,JC_ade,gate_gbm,0.5,ms,22.38554650102742,21.376582500010954,measured on nuScenes,752,376,False,3015.1530604685695,0.028733094320147645,True,infeasible: overhead 21.3766 ms exceeds the headroom 9.6756 ms,,,,,,,,,,,,,,,,,,,,,,
2026-09-23.1,nuScenes,oracle,plan_ade,JC_ade,R1_mlp_reg,0.2,ms,16.5801677512718,0.6491920000541995,measured on nuScenes,752,150,True,3015.1530604685695,0.028733094320147645,True,,0.16645221467687044,125.0,0.09042553191489362,0.028364517743837976,-0.0026530952120184925,-0.0013509392721506917,0.030084033592298335,0.0003685765763096684,0.031017612955856467,-0.001302155939867801,negative,0.389536976,0.05965512375834692,32.0,0.01726892219970623,0.04722708311673452,0.0,0.0012998626667708032,0.017776531014876903,0.04767677987814317,-0.005087839453484957,0.0033810087044311666
2026-09-23.1,nuScenes,oracle,plan_ade,JC_ade,R1_mlp_reg,0.5,ms,22.38554650102742,0.6491920000541995,measured on nuScenes,752,376,True,3015.1530604685695,0.028733094320147645,True,,0.4664522146768704,350.0,0.37367021276595747,0.028733094320147645,0.0006288490234961365,-5.24684079330143e-05,0.02878556272808066,0.0,0.02810424529665151,0.0006813174314291508,positive,0.050214779,0.7596551237583355,32.0,0.018090178819073356,0.04564065159676892,0.0,0.0,0.018232548262342864,0.044247388166063994,-0.002042650437697442,0.0051080413331824615
2026-09-23.1,nuScenes,oracle,plan_ade,JC_ade,R1_mlp_clf,0.2,ms,16.5801677512718,0.6491920000541995,measured on nuScenes,752,150,True,3015.1530604685695,0.028733094320147645,True,,0.16645221467687044,125.0,0.1023936170212766,0.028364517743837976,-0.0018073112418255266,-0.005105376284724261,0.033838470604871905,0.0003685765763096684,0.030171828985663503,0.0032980650428987342,positive,0.37983819,0.05965512375834692,32.0,0.019790398335475176,0.05157877221085168,0.0,0.0012998626667708032,0.017656764908903725,0.048062929702173414,-0.0009491632778984518,0.0075619718837586355
2026-09-23.1,nuScenes,oracle,plan_ade,JC_ade,R1_mlp_clf,0.5,ms,22.38554650102742,0.6491920000541995,measured on nuScenes,752,376,True,3015.1530604685695,0.028733094320147645,True,,0.4664522146768704,350.0,0.3537234042553192,0.028733094320147645,-0.0021619886670908904,-0.004353426765155808,0.03308652108530345,0.0,0.030895082987238538,0.0021914380980649173,positive,0.108454468,0.7596551237583355,32.0,0.016816847524282644,0.0552400153506683,0.0,0.0,0.016005195908230182,0.05366187321493656,-0.003510154045269584,0.004884357712224373
2026-09-23.1,nuScenes,oracle,plan_ade,JC_ade,R1_gbm_reg,0.2,ms,16.5801677512718,15.909292499998173,measured on nuScenes,752,150,False,3015.1530604685695,0.028733094320147645,True,infeasible: overhead 15.9093 ms exceeds the headroom 3.8703 ms,,,,,,,,,,,,,,,,,,,,,,
2026-09-23.1,nuScenes,oracle,plan_ade,JC_ade,R1_gbm_reg,0.5,ms,22.38554650102742,15.909292499998173,measured on nuScenes,752,376,False,3015.1530604685695,0.028733094320147645,True,infeasible: overhead 15.9093 ms exceeds the headroom 9.6756 ms,,,,,,,,,,,,,,,,,,,,,,
2026-09-23.1,nuScenes,oracle,plan_ade,JC_ade,R1_gbm_clf,0.2,ms,16.5801677512718,15.909292499998173,measured on nuScenes,752,150,False,3015.1530604685695,0.028733094320147645,True,infeasible: overhead 15.9093 ms exceeds the headroom 3.8703 ms,,,,,,,,,,,,,,,,,,,,,,
2026-09-23.1,nuScenes,oracle,plan_ade,JC_ade,R1_gbm_clf,0.5,ms,22.38554650102742,15.909292499998173,measured on nuScenes,752,376,False,3015.1530604685695,0.028733094320147645,True,infeasible: overhead 15.9093 ms exceeds the headroom 9.6756 ms,,,,,,,,,,,,,,,,,,,,,,
2026-09-23.1,nuScenes,oracle,plan_fde,JC_fde,gate_ridge,0.2,ms,16.5801677512718,3.925717499981829,measured on nuScenes,752,150,False,5814.220981124377,0.047260438435018856,True,infeasible: overhead 3.9257 ms exceeds the headroom 3.8703 ms,,,,,,,,,,,,,,,,,,,,,,
2026-09-23.1,nuScenes,oracle,plan_fde,JC_fde,gate_ridge,0.5,ms,22.38554650102742,3.925717499981829,measured on nuScenes,752,376,True,5814.220981124377,0.047260438435018856,True,,0.2971337787316417,223.0,0.1449468085106383,0.047260438435018856,-0.0035181199414050916,-0.003348082466929745,0.0506085209019486,0.0,0.05077855837642394,-0.00017003747447534654,negative,0.04084531,0.26975558708920744,1.0,0.02663506713102137,0.08072164879586276,0.0,0.0,0.024082965065976927,0.08546632412143858,-0.009839278292959433,0.010633590322870996
2026-09-23.1,nuScenes,oracle,plan_fde,JC_fde,gate_gbm,0.2,ms,16.5801677512718,21.376582500010954,measured on nuScenes,752,150,False,5814.220981124377,0.047260438435018856,True,infeasible: overhead 21.3766 ms exceeds the headroom 3.8703 ms,,,,,,,,,,,,,,,,,,,,,,
2026-09-23.1,nuScenes,oracle,plan_fde,JC_fde,gate_gbm,0.5,ms,22.38554650102742,21.376582500010954,measured on nuScenes,752,376,False,5814.220981124377,0.047260438435018856,True,infeasible: overhead 21.3766 ms exceeds the headroom 9.6756 ms,,,,,,,,,,,,,,,,,,,,,,
2026-09-23.1,nuScenes,oracle,plan_fde,JC_fde,R1_mlp_reg,0.2,ms,16.5801677512718,0.6491920000541995,measured on nuScenes,752,150,True,5814.220981124377,0.047260438435018856,True,,0.16645221467687044,125.0,0.0797872340425532,0.047260438435018856,0.0018950247646233411,-0.00047257677672158424,0.04773301521174044,0.0,0.04536541367039551,0.0023676015413449255,positive,0.539156128,0.05965512375834692,32.0,0.02638508266036917,0.07921719967656163,0.0,0.0,0.022143956520980685,0.07563255498051237,-0.002132197605903951,0.011907806552340108
2026-09-23.1,nuScenes,oracle,plan_fde,JC_fde,R1_mlp_reg,0.5,ms,22.38554650102742,0.6491920000541995,measured on nuScenes,752,376,True,5814.220981124377,0.047260438435018856,True,,0.4664522146768704,350.0,0.37437666223404253,0.047260438435018856,0.010736336703369521,0.006775069467844797,0.04048536896717406,0.0,0.036524101731649335,0.003961267235524725,positive,-0.14255787,0.6533141735421297,32.0,0.023175040189220463,0.06613935371656739,0.0,0.0,0.0206082614026347,0.056885574352410685,-0.002472125158075316,0.01461922695908783
2026-09-23.1,nuScenes,oracle,plan_fde,JC_fde,R1_mlp_clf,0.2,ms,16.5801677512718,0.6491920000541995,measured on nuScenes,752,150,True,5814.220981124377,0.047260438435018856,True,,0.16645221467687044,125.0,0.07313829787234043,0.047260438435018856,0.004173900763524887,0.0005045896939109433,0.046755848741107914,0.0,0.043086537671493966,0.0036693110696139437,positive,0.110161179,0.05965512375834692,32.0,0.02654085839020943,0.07483164962984026,0.0,0.0,0.022884976360215477,0.07143167039614233,-0.0027575910562298474,0.012976576875566968
2026-09-23.1,nuScenes,oracle,plan_fde,JC_fde,R1_mlp_clf,0.5,ms,22.38554650102742,0.6491920000541995,measured on nuScenes,752,376,True,5814.220981124377,0.047260438435018856,True,,0.4664522146768704,350.0,0.40691489361702127,0.047260438435018856,0.00597199252604474,0.009650291587506018,0.03761014684751284,0.0,0.04128844590897412,-0.0036782990614612787,negative,0.026723237,0.7596551237583355,32.0,0.022968269515680637,0.0568378342939909,0.0,0.0,0.023551400683786586,0.06279830139078954,-0.016976758139707504,0.0047688327007908
2026-09-23.1,nuScenes,oracle,plan_fde,JC_fde,R1_gbm_reg,0.2,ms,16.5801677512718,15.909292499998173,measured on nuScenes,752,150,False,5814.220981124377,0.047260438435018856,True,infeasible: overhead 15.9093 ms exceeds the headroom 3.8703 ms,,,,,,,,,,,,,,,,,,,,,,
2026-09-23.1,nuScenes,oracle,plan_fde,JC_fde,R1_gbm_reg,0.5,ms,22.38554650102742,15.909292499998173,measured on nuScenes,752,376,False,5814.220981124377,0.047260438435018856,True,infeasible: overhead 15.9093 ms exceeds the headroom 9.6756 ms,,,,,,,,,,,,,,,,,,,,,,
2026-09-23.1,nuScenes,oracle,plan_fde,JC_fde,R1_gbm_clf,0.2,ms,16.5801677512718,15.909292499998173,measured on nuScenes,752,150,False,5814.220981124377,0.047260438435018856,True,infeasible: overhead 15.9093 ms exceeds the headroom 3.8703 ms,,,,,,,,,,,,,,,,,,,,,,
2026-09-23.1,nuScenes,oracle,plan_fde,JC_fde,R1_gbm_clf,0.5,ms,22.38554650102742,15.909292499998173,measured on nuScenes,752,376,False,5814.220981124377,0.047260438435018856,True,infeasible: overhead 15.9093 ms exceeds the headroom 9.6756 ms,,,,,,,,,,,,,,,,,,,,,,
2026-09-23.1,nuScenes,mono,brake,J,gate_ridge,0.2,ms,16.5801677512718,3.925717499981829,measured on nuScenes,955,191,False,332.31933917287085,0.24937987705403142,True,infeasible: overhead 3.9257 ms exceeds the headroom 3.8703 ms,,,,,,,,,,,,,,,,,,,,,,
2026-09-23.1,nuScenes,mono,brake,J,gate_ridge,0.5,ms,22.38554650102742,3.925717499981829,measured on nuScenes,955,477,True,332.31933917287085,0.24937987705403142,True,,0.2971337787316417,283.0,0.19895287958115182,0.24937987705403142,0.08432964384951823,0.06847119512230725,0.18090868193172419,0.0,0.16505023320451317,0.015858448727210983,positive,0.106561561,0.9770832733241264,1.0,0.057223455307056234,0.32548104012809237,0.0,0.0,0.05115416948889194,0.31073487100646274,-0.009528222560247815,0.034782882472606746
2026-09-23.1,nuScenes,mono,brake,J,gate_gbm,0.2,ms,16.5801677512718,21.376582500010954,measured on nuScenes,955,191,False,332.31933917287085,0.24937987705403142,True,infeasible: overhead 21.3766 ms exceeds the headroom 3.8703 ms,,,,,,,,,,,,,,,,,,,,,,
2026-09-23.1,nuScenes,mono,brake,J,gate_gbm,0.5,ms,22.38554650102742,21.376582500010954,measured on nuScenes,955,477,False,332.31933917287085,0.24937987705403142,True,infeasible: overhead 21.3766 ms exceeds the headroom 9.6756 ms,,,,,,,,,,,,,,,,,,,,,,
2026-09-23.1,nuScenes,mono,brake,J,R1_mlp_reg,0.2,ms,16.5801677512718,0.6491920000541995,measured on nuScenes,955,191,True,332.31933917287085,0.24937987705403142,True,,0.16645221467687044,158.0,0.07853403141361257,0.24937987705403142,0.04813382808952168,0.013605312222201987,0.2357745648318294,0.0,0.20124604896450973,0.03452851586731969,positive,0.455931934,0.8636085344896003,32.0,0.11485256808369797,0.37143782043258394,0.0,0.0,0.09602885258396672,0.3298935890568184,0.002226828528785569,0.06353846275807401
2026-09-23.1,nuScenes,mono,brake,J,R1_mlp_reg,0.5,ms,22.38554650102742,0.6491920000541995,measured on nuScenes,955,477,True,332.31933917287085,0.24937987705403142,True,,0.4664522146768704,445.0,0.4077225130890052,0.24937987705403142,0.08567709338805203,0.037321329798068126,0.21205854725596326,0.0,0.16370278366597937,0.048355763589983905,positive,0.069657059,0.287521735970384,32.0,0.11336761621324429,0.3064915232002697,0.0,0.0,0.09184750362669668,0.23115602742789373,0.008444327291607661,0.08803914464590248
2026-09-23.1,nuScenes,mono,brake,J,R1_mlp_clf,0.2,ms,16.5801677512718,0.6491920000541995,measured on nuScenes,955,191,True,332.31933917287085,0.24937987705403142,True,,0.16645221467687044,158.0,0.12774869109947645,0.24937987705403142,0.07616441700197658,0.035033482497230616,0.2143463945568008,0.0,0.17321546005205482,0.041130934504745975,positive,0.005790351,0.8636085344896003,32.0,0.10123514415213875,0.3304072903301625,0.0,0.0,0.11134635628251212,0.26033956587869983,-0.04775926909300655,0.10099870827504975
2026-09-23.1,nuScenes,mono,brake,J,R1_mlp_clf,0.5,ms,22.38554650102742,0.6491920000541995,measured on nuScenes,955,477,True,332.31933917287085,0.24937987705403142,True,,0.4664522146768704,445.0,0.42094240837696334,0.24937987705403142,0.07576359404425627,0.06332728547654702,0.18605259157748438,0.0,0.17361628300977514,0.012436308567709255,positive,3.078e-06,0.6636085344895832,32.0,0.08172083448492883,0.28061191289242926,0.0,0.0,0.10088937576585776,0.24514973974608004,-0.07392511478398571,0.06434896996057292
2026-09-23.1,nuScenes,mono,brake,J,R1_gbm_reg,0.2,ms,16.5801677512718,15.909292499998173,measured on nuScenes,955,191,False,332.31933917287085,0.24937987705403142,True,infeasible: overhead 15.9093 ms exceeds the headroom 3.8703 ms,,,,,,,,,,,,,,,,,,,,,,
2026-09-23.1,nuScenes,mono,brake,J,R1_gbm_reg,0.5,ms,22.38554650102742,15.909292499998173,measured on nuScenes,955,477,False,332.31933917287085,0.24937987705403142,True,infeasible: overhead 15.9093 ms exceeds the headroom 9.6756 ms,,,,,,,,,,,,,,,,,,,,,,
2026-09-23.1,nuScenes,mono,brake,J,R1_gbm_clf,0.2,ms,16.5801677512718,15.909292499998173,measured on nuScenes,955,191,False,332.31933917287085,0.24937987705403142,True,infeasible: overhead 15.9093 ms exceeds the headroom 3.8703 ms,,,,,,,,,,,,,,,,,,,,,,
2026-09-23.1,nuScenes,mono,brake,J,R1_gbm_clf,0.5,ms,22.38554650102742,15.909292499998173,measured on nuScenes,955,477,False,332.31933917287085,0.24937987705403142,True,infeasible: overhead 15.9093 ms exceeds the headroom 9.6756 ms,,,,,,,,,,,,,,,,,,,,,,
2026-09-23.1,nuScenes,mono,plan_ade,JC_ade,gate_ridge,0.2,ms,16.5801677512718,3.925717499981829,measured on nuScenes,752,150,False,2978.375498800933,0.05705698004959491,True,infeasible: overhead 3.9257 ms exceeds the headroom 3.8703 ms,,,,,,,,,,,,,,,,,,,,,,
2026-09-23.1,nuScenes,mono,plan_ade,JC_ade,gate_ridge,0.5,ms,22.38554650102742,3.925717499981829,measured on nuScenes,752,376,True,2978.375498800933,0.05863239208581819,True,,0.2971337787316417,223.0,0.19946808510638298,0.05863103851220747,0.00048356883832099804,0.0027742635615485524,0.055858128524269635,1.3535736107260237e-06,0.05814746967388647,-0.0022906947232275545,negative,0.014359601,0.26975558708920744,1.0,0.028446237783691358,0.09317459360551712,0.0,0.0007726395138301101,0.030641824463521906,0.09991297848879795,-0.011047559429561303,0.003957284319040873
2026-09-23.1,nuScenes,mono,plan_ade,JC_ade,gate_gbm,0.2,ms,16.5801677512718,21.376582500010954,measured on nuScenes,752,150,False,2978.375498800933,0.05705698004959491,True,infeasible: overhead 21.3766 ms exceeds the headroom 3.8703 ms,,,,,,,,,,,,,,,,,,,,,,
2026-09-23.1,nuScenes,mono,plan_ade,JC_ade,gate_gbm,0.5,ms,22.38554650102742,21.376582500010954,measured on nuScenes,752,376,False,2978.375498800933,0.05863239208581819,True,infeasible: overhead 21.3766 ms exceeds the headroom 9.6756 ms,,,,,,,,,,,,,,,,,,,,,,
2026-09-23.1,nuScenes,mono,plan_ade,JC_ade,R1_mlp_reg,0.2,ms,16.5801677512718,0.6491920000541995,measured on nuScenes,752,150,True,2978.375498800933,0.05705698004959491,True,,0.16645221467687044,125.0,0.09973404255319149,0.0558836445594042,-8.999050054581878e-05,-0.0011442382259426497,0.058201218275537564,0.0011733354901907168,0.05597363505995001,0.001054247725396831,positive,0.248302185,0.05965512375834692,32.0,0.025050686755536032,0.10600633894141887,0.0006048886942839298,0.002102988867585493,0.023895977528471685,0.10427445795170236,-0.003688303616630835,0.003629182356393257
2026-09-23.1,nuScenes,mono,plan_ade,JC_ade,R1_mlp_reg,0.5,ms,22.38554650102742,0.6491920000541995,measured on nuScenes,752,376,True,2978.375498800933,0.05863239208581819,True,,0.4664522146768704,350.0,0.45345744680851063,0.05863239208581819,0.002543201984496173,0.007434995865202584,0.0511973962206156,0.0,0.05608919010132202,-0.004891793880706411,negative,-0.024257451,0.7596551237583355,32.0,0.02500368385729391,0.0877119359620755,0.0,0.0,0.026033865602772262,0.09707944475342804,-0.014108838291321812,0.0029211794599248923
2026-09-23.1,nuScenes,mono,plan_ade,JC_ade,R1_mlp_clf,0.2,ms,16.5801677512718,0.6491920000541995,measured on nuScenes,752,150,True,2978.375498800933,0.05705698004959491,True,,0.16645221467687044,125.0,0.09042553191489362,0.0558836445594042,-0.00036737605164599075,-0.002135193043690906,0.05919217309328582,0.0011733354901907168,0.05625102061105019,0.0017678169920449151,positive,0.631661818,0.05965512375834692,32.0,0.026767114362184444,0.1032579245070608,0.0006048886942839298,0.002102988867585493,0.026730428130959456,0.09559335979372914,-0.005090093214716371,0.010034749127651559
2026-09-23.1,nuScenes,mono,plan_ade,JC_ade,R1_mlp_clf,0.5,ms,22.38554650102742,0.6491920000541995,measured on nuScenes,752,376,True,2978.375498800933,0.05863239208581819,True,,0.4664522146768704,350.0,0.3390957446808511,0.05863239208581819,0.006739312567897448,0.008014340716179865,0.050618051369638324,0.0,0.051893079517920736,-0.001275028148282418,negative,0.263172136,0.7596551237583355,32.0,0.026107790081990767,0.08305774129066539,0.0,0.0,0.026627278901385713,0.08347404359236481,-0.00218497869548559,0.010358221687155854
2026-09-23.1,nuScenes,mono,plan_ade,JC_ade,R1_gbm_reg,0.2,ms,16.5801677512718,15.909292499998173,measured on nuScenes,752,150,False,2978.375498800933,0.05705698004959491,True,infeasible: overhead 15.9093 ms exceeds the headroom 3.8703 ms,,,,,,,,,,,,,,,,,,,,,,
2026-09-23.1,nuScenes,mono,plan_ade,JC_ade,R1_gbm_reg,0.5,ms,22.38554650102742,15.909292499998173,measured on nuScenes,752,376,False,2978.375498800933,0.05863239208581819,True,infeasible: overhead 15.9093 ms exceeds the headroom 9.6756 ms,,,,,,,,,,,,,,,,,,,,,,
2026-09-23.1,nuScenes,mono,plan_ade,JC_ade,R1_gbm_clf,0.2,ms,16.5801677512718,15.909292499998173,measured on nuScenes,752,150,False,2978.375498800933,0.05705698004959491,True,infeasible: overhead 15.9093 ms exceeds the headroom 3.8703 ms,,,,,,,,,,,,,,,,,,,,,,
2026-09-23.1,nuScenes,mono,plan_ade,JC_ade,R1_gbm_clf,0.5,ms,22.38554650102742,15.909292499998173,measured on nuScenes,752,376,False,2978.375498800933,0.05863239208581819,True,infeasible: overhead 15.9093 ms exceeds the headroom 9.6756 ms,,,,,,,,,,,,,,,,,,,,,,
2026-09-23.1,nuScenes,mono,plan_fde,JC_fde,gate_ridge,0.2,ms,16.5801677512718,3.925717499981829,measured on nuScenes,752,150,False,5729.766952419244,0.0760612352384452,True,infeasible: overhead 3.9257 ms exceeds the headroom 3.8703 ms,,,,,,,,,,,,,,,,,,,,,,
2026-09-23.1,nuScenes,mono,plan_fde,JC_fde,gate_ridge,0.5,ms,22.38554650102742,3.925717499981829,measured on nuScenes,752,376,True,5729.766952419244,0.0760612352384452,True,,0.2971337787316417,223.0,0.2566489361702128,0.0760612352384452,0.006880999678935276,0.01856629386349037,0.057494941374954825,0.0,0.06918023555950993,-0.011685294184555096,negative,-0.057156767,0.26975558708920744,1.0,0.030392093315844203,0.09303005255151905,0.0,0.0,0.03824909601935995,0.1041804682917871,-0.02607885386376293,6.915055109036967e-06
2026-09-23.1,nuScenes,mono,plan_fde,JC_fde,gate_gbm,0.2,ms,16.5801677512718,21.376582500010954,measured on nuScenes,752,150,False,5729.766952419244,0.0760612352384452,True,infeasible: overhead 21.3766 ms exceeds the headroom 3.8703 ms,,,,,,,,,,,,,,,,,,,,,,
2026-09-23.1,nuScenes,mono,plan_fde,JC_fde,gate_gbm,0.5,ms,22.38554650102742,21.376582500010954,measured on nuScenes,752,376,False,5729.766952419244,0.0760612352384452,True,infeasible: overhead 21.3766 ms exceeds the headroom 9.6756 ms,,,,,,,,,,,,,,,,,,,,,,
2026-09-23.1,nuScenes,mono,plan_fde,JC_fde,R1_mlp_reg,0.2,ms,16.5801677512718,0.6491920000541995,measured on nuScenes,752,150,True,5729.766952419244,0.0760612352384452,True,,0.16645221467687044,125.0,0.09042553191489362,0.0760612352384452,0.010307777476425787,0.004416722855772205,0.071644512382673,0.0,0.06575345776201941,0.005891054620653581,positive,1.072914069,0.05965512375834692,32.0,0.03667318725840044,0.11811499744627771,0.0,0.0001372476161300498,0.034170641996778,0.10752869840918682,-0.0009589263833485466,0.013900219369196366
2026-09-23.1,nuScenes,mono,plan_fde,JC_fde,R1_mlp_reg,0.5,ms,22.38554650102742,0.6491920000541995,measured on nuScenes,752,376,True,5729.766952419244,0.0760612352384452,True,,0.4664522146768704,350.0,0.4175531914893617,0.0760612352384452,0.021283699116868286,0.010476811293873822,0.06558442394457138,0.0,0.05477753612157691,0.010806887822994464,positive,0.172306596,0.7596551237583355,32.0,0.03558814924038787,0.10630427482487399,0.0,0.0,0.03029911627871599,0.08834456378420066,-0.0032272293426373858,0.029082123918925878
2026-09-23.1,nuScenes,mono,plan_fde,JC_fde,R1_mlp_clf,0.2,ms,16.5801677512718,0.6491920000541995,measured on nuScenes,752,150,True,5729.766952419244,0.0760612352384452,True,,0.16645221467687044,125.0,0.11835106382978723,0.0760612352384452,0.00891542107587843,0.0063330835627497225,0.06972815167569547,0.0,0.06714581416256676,0.002582337513128708,positive,0.115716054,0.05965512375834692,32.0,0.03686620411815872,0.11301995655330227,0.0,0.0001372476161300498,0.03524204137327935,0.10675487238575489,-0.0030337882511531954,0.009730128810796617
2026-09-23.1,nuScenes,mono,plan_fde,JC_fde,R1_mlp_clf,0.5,ms,22.38554650102742,0.6491920000541995,measured on nuScenes,752,376,True,5729.766952419244,0.0760612352384452,True,,0.4664522146768704,350.0,0.42154255319148937,0.0760612352384452,0.027051957264316046,0.026182443849324468,0.04987879138912073,0.0,0.04900927797412915,0.00086951341499158,positive,0.021498941,0.7596551237583355,32.0,0.029497159465202406,0.07831312930033102,0.0,0.0,0.027315938985200915,0.07694015640518867,-0.004226401696310845,0.0075045193399691495
2026-09-23.1,nuScenes,mono,plan_fde,JC_fde,R1_gbm_reg,0.2,ms,16.5801677512718,15.909292499998173,measured on nuScenes,752,150,False,5729.766952419244,0.0760612352384452,True,infeasible: overhead 15.9093 ms exceeds the headroom 3.8703 ms,,,,,,,,,,,,,,,,,,,,,,
2026-09-23.1,nuScenes,mono,plan_fde,JC_fde,R1_gbm_reg,0.5,ms,22.38554650102742,15.909292499998173,measured on nuScenes,752,376,False,5729.766952419244,0.0760612352384452,True,infeasible: overhead 15.9093 ms exceeds the headroom 9.6756 ms,,,,,,,,,,,,,,,,,,,,,,
2026-09-23.1,nuScenes,mono,plan_fde,JC_fde,R1_gbm_clf,0.2,ms,16.5801677512718,15.909292499998173,measured on nuScenes,752,150,False,5729.766952419244,0.0760612352384452,True,infeasible: overhead 15.9093 ms exceeds the headroom 3.8703 ms,,,,,,,,,,,,,,,,,,,,,,
2026-09-23.1,nuScenes,mono,plan_fde,JC_fde,R1_gbm_clf,0.5,ms,22.38554650102742,15.909292499998173,measured on nuScenes,752,376,False,5729.766952419244,0.0760612352384452,True,infeasible: overhead 15.9093 ms exceeds the headroom 9.6756 ms,,,,,,,,,,,,,,,,,,,,,,
2026-09-23.1,KITTI,oracle,brake,J,gate_ridge,0.2,ms,16.87258609890705,3.932014499980596,measured on KITTI,3536,707,False,4585.479391436285,0.3863069151572221,True,infeasible: overhead 3.9320 ms exceeds the headroom 3.6938 ms,,,,,,,,,,,,,,,,,,,,,,
2026-09-23.1,KITTI,oracle,brake,J,gate_ridge,0.5,ms,22.41333162328374,3.932014499980596,measured on KITTI,3536,1768,True,4585.479391436285,0.3863069151572221,True,,0.28710367678781284,1015.0,0.21097285067873303,0.3863069151572221,0.13017578200068686,0.0945855316038023,0.29172138355341976,0.0,0.25613113315653524,0.03559025039688456,positive,2.016985127,0.7434356595604186,1.0,0.1476915437288647,0.46884469787207833,0.0,0.0,0.1210054278180848,0.3965692141678052,-0.05096817781169694,0.08727644786560733
2026-09-23.1,KITTI,oracle,brake,J,gate_gbm,0.2,ms,16.87258609890705,21.38287950000972,measured on KITTI,3536,707,False,4585.479391436285,0.3863069151572221,True,infeasible: overhead 21.3829 ms exceeds the headroom 3.6938 ms,,,,,,,,,,,,,,,,,,,,,,
2026-09-23.1,KITTI,oracle,brake,J,gate_gbm,0.5,ms,22.41333162328374,21.38287950000972,measured on KITTI,3536,1768,False,4585.479391436285,0.3863069151572221,True,infeasible: overhead 21.3829 ms exceeds the headroom 9.2346 ms,,,,,,,,,,,,,,,,,,,,,,
2026-09-23.1,KITTI,oracle,brake,J,R1_mlp_reg,0.2,ms,16.87258609890705,0.6543920000012804,measured on KITTI,3536,707,True,4585.479391436285,0.3863069151572221,True,,0.16456837818364362,581.0,0.11849547511312217,0.3863069151572221,0.0681050745137482,0.06810287848441379,0.3182040366728083,0.0,0.3182018406434739,2.1960293344086037e-06,positive,5.918807952,0.5827716675574379,32.0,0.1730223377562793,0.5415357316242,0.0,0.0288236160781276,0.16297837372106547,0.4565300368806862,-0.013401346570750415,0.10232099448514456
2026-09-23.1,KITTI,oracle,brake,J,R1_mlp_reg,0.5,ms,22.41333162328374,0.6543920000012804,measured on KITTI,3536,1768,True,4585.479391436285,0.3863069151572221,True,,0.4645683781836436,1642.0,0.3591628959276018,0.3863069151572221,0.21541041912773629,0.13462992259371778,0.25167699256350434,0.0,0.1708964960294858,0.08078049653401852,positive,1.625461735,0.18277166755740382,32.0,0.14509656529223433,0.3858701118273727,0.0,0.0,0.08532645681896905,0.3220133297781892,-0.002824766032483354,0.17386407464124887
2026-09-23.1,KITTI,oracle,brake,J,R1_mlp_clf,0.2,ms,16.87258609890705,0.6543920000012804,measured on KITTI,3536,707,True,4585.479391436285,0.3863069151572221,True,,0.16456837818364362,581.0,0.10548642533936652,0.3863069151572221,0.07551521257424058,0.04594428705182996,0.34036262810539214,0.0,0.31079170258298155,0.029570925522410623,positive,0.42362774,0.5827716675574379,32.0,0.17932119343091465,0.5511794582260949,0.0,0.0288236160781276,0.1650041532887823,0.4690836753984428,0.0038256891909136163,0.1520261682268107
2026-09-23.1,KITTI,oracle,brake,J,R1_mlp_clf,0.5,ms,22.41333162328374,0.6543920000012804,measured on KITTI,3536,1768,True,4585.479391436285,0.3863069151572221,True,,0.4645683781836436,1642.0,0.3269230769230769,0.3863069151572221,0.22264772240225467,0.1265567697025709,0.2597501454546512,0.0,0.16365919275496743,0.09609095269968375,positive,0.002356026,0.18277166755740382,32.0,0.15178855665466512,0.3996802435041162,0.0,0.0,0.09266691889068397,0.34680158646285814,0.015813518460095082,0.17502068346115093
2026-09-23.1,KITTI,oracle,brake,J,R1_gbm_reg,0.2,ms,16.87258609890705,15.914492499945254,measured on KITTI,3536,707,False,4585.479391436285,0.3863069151572221,True,infeasible: overhead 15.9145 ms exceeds the headroom 3.6938 ms,,,,,,,,,,,,,,,,,,,,,,
2026-09-23.1,KITTI,oracle,brake,J,R1_gbm_reg,0.5,ms,22.41333162328374,15.914492499945254,measured on KITTI,3536,1768,False,4585.479391436285,0.3863069151572221,True,infeasible: overhead 15.9145 ms exceeds the headroom 9.2346 ms,,,,,,,,,,,,,,,,,,,,,,
2026-09-23.1,KITTI,oracle,brake,J,R1_gbm_clf,0.2,ms,16.87258609890705,15.914492499945254,measured on KITTI,3536,707,False,4585.479391436285,0.3863069151572221,True,infeasible: overhead 15.9145 ms exceeds the headroom 3.6938 ms,,,,,,,,,,,,,,,,,,,,,,
2026-09-23.1,KITTI,oracle,brake,J,R1_gbm_clf,0.5,ms,22.41333162328374,15.914492499945254,measured on KITTI,3536,1768,False,4585.479391436285,0.3863069151572221,True,infeasible: overhead 15.9145 ms exceeds the headroom 9.2346 ms,,,,,,,,,,,,,,,,,,,,,,
2026-09-23.1,KITTI,oracle,traj,JB,gate_ridge,0.2,ms,16.87258609890705,3.932014499980596,measured on KITTI,3536,707,False,1799.2805109286678,0.5205903858140389,True,infeasible: overhead 3.9320 ms exceeds the headroom 3.6938 ms,,,,,,,,,,,,,,,,,,,,,,
2026-09-23.1,KITTI,oracle,traj,JB,gate_ridge,0.5,ms,22.41333162328374,3.932014499980596,measured on KITTI,3536,1768,True,1799.2805109286678,0.5205903858140389,True,,0.28710367678781284,1015.0,0.2610294117647059,0.5205903858140389,0.4279859291618914,0.23959383868706685,0.28099654712697203,0.0,0.0926044566521475,0.18839209047482453,positive,0.278604873,0.7434356595604186,1.0,0.02546913217491618,0.47098687003994694,0.0,0.0,0.0032424630431878852,0.4281501814542236,-0.023894074093659644,0.28600454335862696
2026-09-23.1,KITTI,oracle,traj,JB,gate_gbm,0.2,ms,16.87258609890705,21.38287950000972,measured on KITTI,3536,707,False,1799.2805109286678,0.5205903858140389,True,infeasible: overhead 21.3829 ms exceeds the headroom 3.6938 ms,,,,,,,,,,,,,,,,,,,,,,
2026-09-23.1,KITTI,oracle,traj,JB,gate_gbm,0.5,ms,22.41333162328374,21.38287950000972,measured on KITTI,3536,1768,False,1799.2805109286678,0.5205903858140389,True,infeasible: overhead 21.3829 ms exceeds the headroom 9.2346 ms,,,,,,,,,,,,,,,,,,,,,,
2026-09-23.1,KITTI,oracle,traj,JB,R1_mlp_reg,0.2,ms,16.87258609890705,0.6543920000012804,measured on KITTI,3536,707,True,1799.2805109286678,0.5205903858140389,True,,0.16456837818364362,581.0,0.1085972850678733,0.5205903858140389,0.15966692153893858,0.09865034944416763,0.42194003636987126,0.0,0.3609234642751003,0.061016572094770946,positive,4.231816526,0.5827716675574379,32.0,0.02744607855123604,0.6414523743212791,0.0,0.0,0.02641696781044592,0.6317755948760726,-0.02644279684321885,0.10984612982609242
2026-09-23.1,KITTI,oracle,traj,JB,R1_mlp_reg,0.5,ms,22.41333162328374,0.6543920000012804,measured on KITTI,3536,1768,True,1799.2805109286678,0.5205903858140389,True,,0.4645683781836436,1642.0,0.3778280542986425,0.5205903858140389,0.3291057564467344,0.2281609817677927,0.29242940404624623,0.0,0.19148462936730445,0.10094477467894172,positive,0.837751064,0.18277166755740382,32.0,0.01587479519000573,0.4650354856176587,0.0,0.0,0.0037024019851592017,0.42547050372823736,8.765227007981713e-06,0.16115761947493684
2026-09-23.1,KITTI,oracle,traj,JB,R1_mlp_clf,0.2,ms,16.87258609890705,0.6543920000012804,measured on KITTI,3536,707,True,1799.2805109286678,0.5205903858140389,True,,0.16456837818364362,581.0,0.10690045248868778,0.5205903858140389,0.1817637680840864,0.11136354873415923,0.40922683707987967,0.0,0.3388266177299525,0.07040021934992717,positive,0.086499696,0.5827716675574379,32.0,0.035911675010117064,0.6354441887044192,0.0,0.0,0.005083373136341561,0.6137618851042606,1.710019249925634e-18,0.1441659015823818
2026-09-23.1,KITTI,oracle,traj,JB,R1_mlp_clf,0.5,ms,22.41333162328374,0.6543920000012804,measured on KITTI,3536,1768,True,1799.2805109286678,0.5205903858140389,True,,0.4645683781836436,1642.0,0.31052036199095023,0.5205903858140389,0.4425519211766265,0.2547131769313882,0.2658772088826507,0.0,0.07803846463741239,0.18783874424523833,positive,0.000190949,0.18277166755740382,32.0,0.015451901894482088,0.3827291133412704,0.0,0.0,0.003262569367308296,0.3538976280795759,0.0006930538949929715,0.24051615931605227
2026-09-23.1,KITTI,oracle,traj,JB,R1_gbm_reg,0.2,ms,16.87258609890705,15.914492499945254,measured on KITTI,3536,707,False,1799.2805109286678,0.5205903858140389,True,infeasible: overhead 15.9145 ms exceeds the headroom 3.6938 ms,,,,,,,,,,,,,,,,,,,,,,
2026-09-23.1,KITTI,oracle,traj,JB,R1_gbm_reg,0.5,ms,22.41333162328374,15.914492499945254,measured on KITTI,3536,1768,False,1799.2805109286678,0.5205903858140389,True,infeasible: overhead 15.9145 ms exceeds the headroom 9.2346 ms,,,,,,,,,,,,,,,,,,,,,,
2026-09-23.1,KITTI,oracle,traj,JB,R1_gbm_clf,0.2,ms,16.87258609890705,15.914492499945254,measured on KITTI,3536,707,False,1799.2805109286678,0.5205903858140389,True,infeasible: overhead 15.9145 ms exceeds the headroom 3.6938 ms,,,,,,,,,,,,,,,,,,,,,,
2026-09-23.1,KITTI,oracle,traj,JB,R1_gbm_clf,0.5,ms,22.41333162328374,15.914492499945254,measured on KITTI,3536,1768,False,1799.2805109286678,0.5205903858140389,True,infeasible: overhead 15.9145 ms exceeds the headroom 9.2346 ms,,,,,,,,,,,,,,,,,,,,,,
2026-09-23.1,KITTI,mono,brake,J,gate_ridge,0.2,ms,16.87258609890705,3.932014499980596,measured on KITTI,3536,707,False,7904.410690898589,0.27941132563437954,True,infeasible: overhead 3.9320 ms exceeds the headroom 3.6938 ms,,,,,,,,,,,,,,,,,,,,,,
2026-09-23.1,KITTI,mono,brake,J,gate_ridge,0.5,ms,22.41333162328374,3.932014499980596,measured on KITTI,3536,1768,True,7904.410690898589,0.27941132563437954,True,,0.28710367678781284,1015.0,0.21069004524886878,0.27941132563437954,0.06843437602767291,0.04381589922697137,0.23559542640740813,0.0,0.21097694960670663,0.024618476800701533,positive,1.989241415,0.7434356595604186,1.0,0.13598789865414104,0.38968985650064975,0.0,0.0,0.11804868018046455,0.32653885478384226,-0.024937013562389008,0.06740895815834363
2026-09-23.1,KITTI,mono,brake,J,gate_gbm,0.2,ms,16.87258609890705,21.38287950000972,measured on KITTI,3536,707,False,7904.410690898589,0.27941132563437954,True,infeasible: overhead 21.3829 ms exceeds the headroom 3.6938 ms,,,,,,,,,,,,,,,,,,,,,,
2026-09-23.1,KITTI,mono,brake,J,gate_gbm,0.5,ms,22.41333162328374,21.38287950000972,measured on KITTI,3536,1768,False,7904.410690898589,0.27941132563437954,True,infeasible: overhead 21.3829 ms exceeds the headroom 9.2346 ms,,,,,,,,,,,,,,,,,,,,,,
2026-09-23.1,KITTI,mono,brake,J,R1_mlp_reg,0.2,ms,16.87258609890705,0.6543920000012804,measured on KITTI,3536,707,True,7904.410690898589,0.27941132563437954,True,,0.16456837818364362,581.0,0.12330316742081449,0.27941132563437954,0.03096617904358878,0.03468657624084812,0.2447247493935314,0.0,0.24844514659079073,-0.003720397197259347,negative,6.473123663,0.5827716675574379,32.0,0.1404293919207993,0.4199870016615541,0.0,0.037238398185862255,0.13981764976871247,0.3774863129801697,-0.01795938946849256,0.02793706751482085
2026-09-23.1,KITTI,mono,brake,J,R1_mlp_reg,0.5,ms,22.41333162328374,0.6543920000012804,measured on KITTI,3536,1768,True,7904.410690898589,0.27941132563437954,True,,0.4645683781836436,1642.0,0.4168552036199095,0.27941132563437954,0.08480470026791576,0.041515907130216606,0.2378954185041629,0.0,0.19460662536646378,0.04328879313769914,positive,1.176467277,0.18277166755740382,32.0,0.1328473404512509,0.38823499981280724,0.0,0.0,0.10639063660946335,0.3187175048666968,0.0153948111415926,0.07990396339945981
2026-09-23.1,KITTI,mono,brake,J,R1_mlp_clf,0.2,ms,16.87258609890705,0.6543920000012804,measured on KITTI,3536,707,True,7904.410690898589,0.27941132563437954,True,,0.16456837818364362,581.0,0.12415158371040724,0.27941132563437954,0.02863077626826124,0.028885664246233372,0.25052566138814614,0.0,0.25078054936611827,-0.000254887977972133,negative,0.1984933,0.5827716675574379,32.0,0.13828043236541815,0.4215523593235625,0.0,0.037238398185862255,0.1415393306478514,0.36514729365057313,-0.021354682725929233,0.04981448456219525
2026-09-23.1,KITTI,mono,brake,J,R1_mlp_clf,0.5,ms,22.41333162328374,0.6543920000012804,measured on KITTI,3536,1768,True,7904.410690898589,0.27941132563437954,True,,0.4645683781836436,1642.0,0.36142533936651583,0.27941132563437954,0.0994916083012528,0.05848314578392291,0.22092817985045662,0.0,0.17991971733312676,0.04100846251732988,positive,0.000388643,0.18277166755740382,32.0,0.1264176866547403,0.36590620512545013,0.0,0.0,0.10484564954817462,0.3349734095861892,-0.020600772228712115,0.06870741601737883
2026-09-23.1,KITTI,mono,brake,J,R1_gbm_reg,0.2,ms,16.87258609890705,15.914492499945254,measured on KITTI,3536,707,False,7904.410690898589,0.27941132563437954,True,infeasible: overhead 15.9145 ms exceeds the headroom 3.6938 ms,,,,,,,,,,,,,,,,,,,,,,
2026-09-23.1,KITTI,mono,brake,J,R1_gbm_reg,0.5,ms,22.41333162328374,15.914492499945254,measured on KITTI,3536,1768,False,7904.410690898589,0.27941132563437954,True,infeasible: overhead 15.9145 ms exceeds the headroom 9.2346 ms,,,,,,,,,,,,,,,,,,,,,,
2026-09-23.1,KITTI,mono,brake,J,R1_gbm_clf,0.2,ms,16.87258609890705,15.914492499945254,measured on KITTI,3536,707,False,7904.410690898589,0.27941132563437954,True,infeasible: overhead 15.9145 ms exceeds the headroom 3.6938 ms,,,,,,,,,,,,,,,,,,,,,,
2026-09-23.1,KITTI,mono,brake,J,R1_gbm_clf,0.5,ms,22.41333162328374,15.914492499945254,measured on KITTI,3536,1768,False,7904.410690898589,0.27941132563437954,True,infeasible: overhead 15.9145 ms exceeds the headroom 9.2346 ms,,,,,,,,,,,,,,,,,,,,,,
2026-09-23.1,KITTI,mono,traj,JB,gate_ridge,0.2,ms,16.87258609890705,3.932014499980596,measured on KITTI,3536,707,False,4693.652775228891,0.052760687475082425,True,infeasible: overhead 3.9320 ms exceeds the headroom 3.6938 ms,,,,,,,,,,,,,,,,,,,,,,
2026-09-23.1,KITTI,mono,traj,JB,gate_ridge,0.5,ms,22.41333162328374,3.932014499980596,measured on KITTI,3536,1768,True,4693.652775228891,0.052760687475082425,True,,0.28710367678781284,1015.0,0.2816742081447964,0.052760687475082425,0.021700739389809966,0.00897590930983078,0.04378477816525164,0.0,0.031059948085272456,0.012724830079979186,positive,0.125231048,0.7434356595604186,1.0,0.022556828748044114,0.06526381475534633,0.0,0.0,0.010270381480603993,0.04503412888371264,-0.003839554317281557,0.028490162087999656
2026-09-23.1,KITTI,mono,traj,JB,gate_gbm,0.2,ms,16.87258609890705,21.38287950000972,measured on KITTI,3536,707,False,4693.652775228891,0.052760687475082425,True,infeasible: overhead 21.3829 ms exceeds the headroom 3.6938 ms,,,,,,,,,,,,,,,,,,,,,,
2026-09-23.1,KITTI,mono,traj,JB,gate_gbm,0.5,ms,22.41333162328374,21.38287950000972,measured on KITTI,3536,1768,False,4693.652775228891,0.052760687475082425,True,infeasible: overhead 21.3829 ms exceeds the headroom 9.2346 ms,,,,,,,,,,,,,,,,,,,,,,
2026-09-23.1,KITTI,mono,traj,JB,R1_mlp_reg,0.2,ms,16.87258609890705,0.6543920000012804,measured on KITTI,3536,707,True,4693.652775228891,0.052760687475082425,True,,0.16456837818364362,581.0,0.13178733031674209,0.052760687475082425,0.005382171547049049,-9.008698311346277e-05,0.05285077445819589,0.0,0.04737851592803337,0.005472258530162512,positive,2.651687809,0.5827716675574379,32.0,0.0342956328494959,0.06694857896025404,0.0,0.0,0.03125916138553363,0.06415040623530188,-0.004901478845878398,0.008741541494927372
2026-09-23.1,KITTI,mono,traj,JB,R1_mlp_reg,0.5,ms,22.41333162328374,0.6543920000012804,measured on KITTI,3536,1768,True,4693.652775228891,0.052760687475082425,True,,0.4645683781836436,1642.0,0.44202488687782804,0.052760687475082425,-0.012462658500150086,-0.00899927603458053,0.06175996350966296,0.0,0.06522334597523251,-0.0034633824655695552,negative,0.134863033,0.18277166755740382,32.0,0.03236431018219447,0.08969329179678616,0.0,0.0,0.03287028259712989,0.09622158221774353,-0.010597457270779508,0.0006269634821381535
2026-09-23.1,KITTI,mono,traj,JB,R1_mlp_clf,0.2,ms,16.87258609890705,0.6543920000012804,measured on KITTI,3536,707,True,4693.652775228891,0.052760687475082425,True,,0.16456837818364362,581.0,0.10209276018099547,0.052760687475082425,0.006688527557107129,-0.0033775272980142547,0.056138214773096676,0.0,0.046072159917975294,0.010066054855121383,positive,0.119026269,0.5827716675574379,32.0,0.03444981974113555,0.07398397125257121,0.0,0.0,0.03528852353984171,0.07313044928449464,-0.009960834748404535,0.01879564185778441
2026-09-23.1,KITTI,mono,traj,JB,R1_mlp_clf,0.5,ms,22.41333162328374,0.6543920000012804,measured on KITTI,3536,1768,True,4693.652775228891,0.052760687475082425,True,,0.4645683781836436,1642.0,0.31759049773755654,0.052760687475082425,-0.02806208097115709,-0.0174256592362954,0.07018634671137781,0.0,0.08082276844623952,-0.010636421734861687,negative,1.653e-05,0.18277166755740382,32.0,0.036720937432586157,0.10325016531278956,0.0,0.0,0.028815215443020566,0.12146919224330356,-0.03238978103933028,0.024492507610722608
2026-09-23.1,KITTI,mono,traj,JB,R1_gbm_reg,0.2,ms,16.87258609890705,15.914492499945254,measured on KITTI,3536,707,False,4693.652775228891,0.052760687475082425,True,infeasible: overhead 15.9145 ms exceeds the headroom 3.6938 ms,,,,,,,,,,,,,,,,,,,,,,
2026-09-23.1,KITTI,mono,traj,JB,R1_gbm_reg,0.5,ms,22.41333162328374,15.914492499945254,measured on KITTI,3536,1768,False,4693.652775228891,0.052760687475082425,True,infeasible: overhead 15.9145 ms exceeds the headroom 9.2346 ms,,,,,,,,,,,,,,,,,,,,,,
2026-09-23.1,KITTI,mono,traj,JB,R1_gbm_clf,0.2,ms,16.87258609890705,15.914492499945254,measured on KITTI,3536,707,False,4693.652775228891,0.052760687475082425,True,infeasible: overhead 15.9145 ms exceeds the headroom 3.6938 ms,,,,,,,,,,,,,,,,,,,,,,
2026-09-23.1,KITTI,mono,traj,JB,R1_gbm_clf,0.5,ms,22.41333162328374,15.914492499945254,measured on KITTI,3536,1768,False,4693.652775228891,0.052760687475082425,True,infeasible: overhead 15.9145 ms exceeds the headroom 9.2346 ms,,,,,,,,,,,,,,,,,,,,,,
2026-09-23.1,nuPlan,n/a,pdm_closed,safety,gate_ridge,0.2,ms,19.08861560821533,3.925717499981829,"measured on nuScenes, inherited by nuPlan as a proxy (track features not timed)",384,76,True,416.60737989077694,0.3940213439457438,True,,0.03345300559798462,12.0,0.020833333333333332,0.331247132578832,0.14013871690342736,0.05478777809551417,0.3392335658502296,0.06277421136691183,0.19110841567540457,0.0853509388079132,positive,0.142564334,0.8315934778679406,1.0,0.0,0.5403123886752728,0.0,0.43460666869748,0.0,0.2673757647265739,0.0,0.13522867897798402
2026-09-23.1,nuPlan,n/a,pdm_closed,safety,gate_ridge,0.5,ms,26.159984588623047,3.925717499981829,"measured on nuScenes, inherited by nuPlan as a proxy (track features not timed)",384,192,True,416.60737989077694,0.3940213439457438,True,,0.33345300559798463,128.0,0.25,0.3940213439457438,0.36210621785907604,0.2184222533982728,0.175599090547471,0.0,0.031915126086667724,0.14368396446080328,positive,0.061852315,0.03159347786794342,1.0,0.0,0.3055479998330201,0.0,0.0,0.0,0.05674170810849361,0.0,0.2738126360920887
2026-09-23.1,nuPlan,n/a,pdm_closed,safety,gate_gbm,0.2,ms,19.08861560821533,21.376582500010954,"measured on nuScenes, inherited by nuPlan as a proxy (track features not timed)",384,76,False,416.60737989077694,0.3940213439457438,True,infeasible: overhead 21.3766 ms exceeds the headroom 4.7142 ms,,,,,,,,,,,,,,,,,,,,,,
2026-09-23.1,nuPlan,n/a,pdm_closed,safety,gate_gbm,0.5,ms,26.159984588623047,21.376582500010954,"measured on nuScenes, inherited by nuPlan as a proxy (track features not timed)",384,192,False,416.60737989077694,0.3940213439457438,True,infeasible: overhead 21.3766 ms exceeds the headroom 11.7856 ms,,,,,,,,,,,,,,,,,,,,,,
2026-09-23.1,nuPlan,n/a,pdm_closed,safety,R1_mlp_reg,0.2,ms,19.08861560821533,0.6491920000541995,"measured on nuScenes, inherited by nuPlan as a proxy (track features not timed)",384,76,True,416.60737989077694,0.3940213439457438,True,,0.17245828911546476,66.0,0.07552083333333333,0.3940213439457438,0.08292007459287111,0.11173036922055318,0.2822909747251906,0.0,0.3111012693528727,-0.02881029462768208,negative,0.99813085,0.5289883264826969,1.0,0.0,0.4892621816679764,0.0,0.0,0.0,0.5361449457477024,-0.07744762303630627,0.037985977081120816
2026-09-23.1,nuPlan,n/a,pdm_closed,safety,R1_mlp_reg,0.5,ms,26.159984588623047,0.6491920000541995,"measured on nuScenes, inherited by nuPlan as a proxy (track features not timed)",384,192,True,416.60737989077694,0.3940213439457438,True,,0.4724582891154648,181.0,0.2604166666666667,0.3940213439457438,0.16873963067950765,0.13812793002267645,0.25589341392306736,0.0,0.22528171326623614,0.0306117006568312,positive,0.247071349,0.7289883264827068,1.0,0.0,0.39529787494554214,0.0,0.0,0.0,0.426248762671549,-0.04618025192201701,0.050165055319883106
2026-09-23.1,nuPlan,n/a,pdm_closed,safety,R1_mlp_clf,0.2,ms,19.08861560821533,0.6491920000541995,"measured on nuScenes, inherited by nuPlan as a proxy (track features not timed)",384,76,True,416.60737989077694,0.3940213439457438,True,,0.17245828911546476,66.0,0.0625,0.3940213439457438,0.02891858607584519,0.027183850380611507,0.3668374935651323,0.0,0.3651027578698986,0.0017347356952336873,positive,0.005836121,0.5289883264826969,1.0,0.0,0.5883441004257597,0.0,0.0,0.0,0.5714219357106131,-0.07581301017984206,0.049414106285031456
2026-09-23.1,nuPlan,n/a,pdm_closed,safety,R1_mlp_clf,0.5,ms,26.159984588623047,0.6491920000541995,"measured on nuScenes, inherited by nuPlan as a proxy (track features not timed)",384,192,True,416.60737989077694,0.3940213439457438,True,,0.4724582891154648,181.0,0.21614583333333334,0.3940213439457438,0.11348649612789881,0.00011284436465964065,0.39390849958108415,0.0,0.280534847817845,0.11337365176323916,positive,0.001204274,0.7289883264827068,1.0,0.0,0.587416799728049,0.0,0.0,0.0,0.5063689344340322,0.0,0.25187924761262814
2026-09-23.1,nuPlan,n/a,pdm_closed,safety,R1_gbm_reg,0.2,ms,19.08861560821533,15.909292499998173,"measured on nuScenes, inherited by nuPlan as a proxy (track features not timed)",384,76,False,416.60737989077694,0.3940213439457438,True,infeasible: overhead 15.9093 ms exceeds the headroom 4.7142 ms,,,,,,,,,,,,,,,,,,,,,,
2026-09-23.1,nuPlan,n/a,pdm_closed,safety,R1_gbm_reg,0.5,ms,26.159984588623047,15.909292499998173,"measured on nuScenes, inherited by nuPlan as a proxy (track features not timed)",384,192,False,416.60737989077694,0.3940213439457438,True,infeasible: overhead 15.9093 ms exceeds the headroom 11.7856 ms,,,,,,,,,,,,,,,,,,,,,,
2026-09-23.1,nuPlan,n/a,pdm_closed,safety,R1_gbm_clf,0.2,ms,19.08861560821533,15.909292499998173,"measured on nuScenes, inherited by nuPlan as a proxy (track features not timed)",384,76,False,416.60737989077694,0.3940213439457438,True,infeasible: overhead 15.9093 ms exceeds the headroom 4.7142 ms,,,,,,,,,,,,,,,,,,,,,,
2026-09-23.1,nuPlan,n/a,pdm_closed,safety,R1_gbm_clf,0.5,ms,26.159984588623047,15.909292499998173,"measured on nuScenes, inherited by nuPlan as a proxy (track features not timed)",384,192,False,416.60737989077694,0.3940213439457438,True,infeasible: overhead 15.9093 ms exceeds the headroom 11.7856 ms,,,,,,,,,,,,,,,,,,,,,,
2026-09-23.1,nuPlan,n/a,pdm_closed,scalar_J,gate_ridge,0.2,ms,19.08861560821533,3.925717499981829,"measured on nuScenes, inherited by nuPlan as a proxy (track features not timed)",384,76,True,490.3724125650554,0.35360740052744855,True,,0.03345300559798462,12.0,0.020833333333333332,0.2938035814227116,0.12683316567794609,0.049414492639196624,0.3041929078882519,0.059803819104736915,0.16697041574476554,0.07741867303874946,positive,0.155947997,0.8315934778679406,1.0,0.00452643399735208,0.5055669824386501,0.0,0.40344605896492963,0.00452643399735208,0.23204908815608644,-4.97234313814169e-19,0.1169148401126237
2026-09-23.1,nuPlan,n/a,pdm_closed,scalar_J,gate_ridge,0.5,ms,26.159984588623047,3.925717499981829,"measured on nuScenes, inherited by nuPlan as a proxy (track features not timed)",384,192,True,490.3724125650554,0.35360740052744855,True,,0.33345300559798463,128.0,0.25,0.35360740052744855,0.3220257003175879,0.19169157415258603,0.1619158263748625,0.0,0.031581700209860585,0.13033412616500192,positive,0.065517938,0.03159347786794342,1.0,0.0015255400134522173,0.2913563395739636,0.0,0.0,7.71887013888198e-05,0.05808559568832616,0.0,0.26195227881411987
2026-09-23.1,nuPlan,n/a,pdm_closed,scalar_J,gate_gbm,0.2,ms,19.08861560821533,21.376582500010954,"measured on nuScenes, inherited by nuPlan as a proxy (track features not timed)",384,76,False,490.3724125650554,0.35360740052744855,True,infeasible: overhead 21.3766 ms exceeds the headroom 4.7142 ms,,,,,,,,,,,,,,,,,,,,,,
2026-09-23.1,nuPlan,n/a,pdm_closed,scalar_J,gate_gbm,0.5,ms,26.159984588623047,21.376582500010954,"measured on nuScenes, inherited by nuPlan as a proxy (track features not timed)",384,192,False,490.3724125650554,0.35360740052744855,True,infeasible: overhead 21.3766 ms exceeds the headroom 11.7856 ms,,,,,,,,,,,,,,,,,,,,,,
2026-09-23.1,nuPlan,n/a,pdm_closed,scalar_J,R1_mlp_reg,0.2,ms,19.08861560821533,0.6491920000541995,"measured on nuScenes, inherited by nuPlan as a proxy (track features not timed)",384,76,True,490.3724125650554,0.35360740052744855,True,,0.17245828911546476,66.0,0.06770833333333333,0.35360740052744855,0.07340974508246617,0.09759665261124634,0.2560107479162022,0.0,0.2801976554449824,-0.024186907528780163,negative,1.101155984,0.5289883264826969,1.0,0.0014622378512104972,0.4592067177393861,0.0,8.934132825703765e-07,0.004010573819082467,0.4932069919633887,-0.06376120604289552,0.011587140680769447
2026-09-23.1,nuPlan,n/a,pdm_closed,scalar_J,R1_mlp_reg,0.5,ms,26.159984588623047,0.6491920000541995,"measured on nuScenes, inherited by nuPlan as a proxy (track features not timed)",384,192,True,490.3724125650554,0.35360740052744855,True,,0.4724582891154648,181.0,0.24739583333333334,0.35360740052744855,0.17327089155470213,0.12201983261782258,0.23158756790962595,0.0,0.1803365089727464,0.05125105893687954,positive,0.262500108,0.7289883264827068,1.0,0.00452643399735208,0.37458525748746613,0.0,0.0,0.00452643399735208,0.36251308304137386,-0.0017171803628706539,0.08382757329399891
2026-09-23.1,nuPlan,n/a,pdm_closed,scalar_J,R1_mlp_clf,0.2,ms,19.08861560821533,0.6491920000541995,"measured on nuScenes, inherited by nuPlan as a proxy (track features not timed)",384,76,True,490.3724125650554,0.35360740052744855,True,,0.17245828911546476,66.0,0.044270833333333336,0.35360740052744855,0.12169230696712288,0.02447467948007177,0.32913272104737673,0.0,0.23191509356032564,0.09721762748705111,positive,0.037157267,0.5289883264826969,1.0,0.00452643399735208,0.5495767085981473,0.0,8.934132825703765e-07,4.5174160591791253e-05,0.4674804490166785,-0.001800555676390608,0.20202782204636538
2026-09-23.1,nuPlan,n/a,pdm_closed,scalar_J,R1_mlp_clf,0.5,ms,26.159984588623047,0.6491920000541995,"measured on nuScenes, inherited by nuPlan as a proxy (track features not timed)",384,192,True,490.3724125650554,0.35360740052744855,True,,0.4724582891154648,181.0,0.2526041666666667,0.35360740052744855,0.11817729176105841,0.21746722772092858,0.13614017280651994,0.0,0.23543010876639012,-0.09928993595987018,negative,0.000844213,0.7289883264827068,1.0,0.0,0.24066707405710153,0.0,0.0,0.0,0.36331908946296565,-0.1365103400945138,0.01127902325633041
2026-09-23.1,nuPlan,n/a,pdm_closed,scalar_J,R1_gbm_reg,0.2,ms,19.08861560821533,15.909292499998173,"measured on nuScenes, inherited by nuPlan as a proxy (track features not timed)",384,76,False,490.3724125650554,0.35360740052744855,True,infeasible: overhead 15.9093 ms exceeds the headroom 4.7142 ms,,,,,,,,,,,,,,,,,,,,,,
2026-09-23.1,nuPlan,n/a,pdm_closed,scalar_J,R1_gbm_reg,0.5,ms,26.159984588623047,15.909292499998173,"measured on nuScenes, inherited by nuPlan as a proxy (track features not timed)",384,192,False,490.3724125650554,0.35360740052744855,True,infeasible: overhead 15.9093 ms exceeds the headroom 11.7856 ms,,,,,,,,,,,,,,,,,,,,,,
2026-09-23.1,nuPlan,n/a,pdm_closed,scalar_J,R1_gbm_clf,0.2,ms,19.08861560821533,15.909292499998173,"measured on nuScenes, inherited by nuPlan as a proxy (track features not timed)",384,76,False,490.3724125650554,0.35360740052744855,True,infeasible: overhead 15.9093 ms exceeds the headroom 4.7142 ms,,,,,,,,,,,,,,,,,,,,,,
2026-09-23.1,nuPlan,n/a,pdm_closed,scalar_J,R1_gbm_clf,0.5,ms,26.159984588623047,15.909292499998173,"measured on nuScenes, inherited by nuPlan as a proxy (track features not timed)",384,192,False,490.3724125650554,0.35360740052744855,True,infeasible: overhead 15.9093 ms exceeds the headroom 11.7856 ms,,,,,,,,,,,,,,,,,,,,,,
