part,system,setting,pair,geometry,parameter,value,default_value,is_default,n_inputs,affected,harmed,harmed_share,harmed_share_lo,harmed_share_hi,rho,rho_lo,rho_hi,all_full,oracle20,headline_setting
A,brake,RT 320->640|mono,RT 320->640,mono,collision,3.0,6.0,False,8008,2354,1040,0.4418011894647408,0.3740711506081788,0.5151794146085525,0.7013442476127498,0.4098886776970057,1.0036150807465578,0.1262844388811479,0.4228428144166539,False
A,brake,RT 320->640|mono,RT 320->640,mono,collision,6.0,6.0,True,8008,2354,1040,0.4418011894647408,0.3788384720648539,0.5193824663895443,0.7007510232636827,0.4259430050417045,1.0394347145681049,0.1263455098969962,0.4222086614128195,False
A,brake,RT 320->640|mono,RT 320->640,mono,collision,12.0,6.0,False,8008,2354,1040,0.4418011894647408,0.3810657818367447,0.5065987532492539,0.6995806802600353,0.4291196278254199,0.9968200000961734,0.1264654582938444,0.4209631338068068,False
A,brake,RT 320->640|mono,RT 320->640,mono,excess,0.06,0.12,False,8008,2354,1034,0.4392523364485981,0.3759549775958826,0.5063017382486766,0.6112540533277909,0.3204485200677445,0.9654076872037772,0.1592795870653748,0.4097266825001264,False
A,brake,RT 320->640|mono,RT 320->640,mono,excess,0.12,0.12,True,8008,2354,1040,0.4418011894647408,0.3768393351800553,0.5053149697877358,0.7007510232636827,0.405644117508194,1.0142682530134912,0.1263455098969962,0.4222086614128195,False
A,brake,RT 320->640|mono,RT 320->640,mono,excess,0.24,0.12,False,8008,2354,1021,0.4337298215802889,0.3607310911953708,0.5059432853364678,0.7890507015539661,0.5235140210354079,1.0747656081627812,0.0931662067293169,0.4416521288083411,False
A,brake,RT 320->640|mono,RT 320->640,mono,jerk,0.0,0.02,False,8008,2354,1038,0.4409515717926933,0.3815095182537807,0.5102718323758821,0.697999279222192,0.424048032136823,1.01639927841736,0.1294999142900737,0.4288066397872994,False
A,brake,RT 320->640|mono,RT 320->640,mono,jerk,0.02,0.02,True,8008,2354,1040,0.4418011894647408,0.3793024102458787,0.5180785789516069,0.7007510232636827,0.4195423333682615,1.0324492610291474,0.1263455098969962,0.4222086614128195,False
A,brake,RT 320->640|mono,RT 320->640,mono,jerk,0.04,0.02,False,8008,2354,1042,0.4426508071367884,0.380226565691481,0.511789817078559,0.7035585722057799,0.4013909741604984,1.0284353552846497,0.1233059304284933,0.4159537732158287,False
A,brake,RT 480->640|mono,RT 480->640,mono,collision,3.0,6.0,False,8008,1947,821,0.4216743708269132,0.3891501456042511,0.4586275192050068,0.7221325934017182,0.609216521906993,0.924429474478774,0.0848880084098959,0.3054982570612189,True
A,brake,RT 480->640|mono,RT 480->640,mono,collision,6.0,6.0,True,8008,1947,821,0.4216743708269132,0.3882286419000638,0.4619249220117912,0.720339731721117,0.6062268926978122,0.9294350425578416,0.0852156020727073,0.3047111504152918,True
A,brake,RT 480->640|mono,RT 480->640,mono,collision,12.0,6.0,False,8008,1947,821,0.4216743708269132,0.3855105713017067,0.4614316813705001,0.7167945494056448,0.598759090160509,0.9354075034149172,0.0858584376703928,0.3031666145203224,True
A,brake,RT 480->640|mono,RT 480->640,mono,excess,0.06,0.12,False,8008,1947,841,0.4319465844889574,0.3983412183605073,0.4722618734640929,0.7861453900615587,0.6140338456443852,1.2029367784019365,0.0538697771388737,0.2518990689720471,True
A,brake,RT 480->640|mono,RT 480->640,mono,excess,0.12,0.12,True,8008,1947,821,0.4216743708269132,0.3895378401128251,0.4594783173910252,0.720339731721117,0.6107360604318766,0.9411850478070856,0.0852156020727073,0.3047111504152918,True
A,brake,RT 480->640|mono,RT 480->640,mono,excess,0.24,0.12,False,8008,1947,793,0.4072932717000513,0.3695144243942537,0.4448734609827214,0.6843840932617846,0.5990357747010069,0.8091795737324466,0.1126121765001492,0.3568013338236287,True
A,brake,RT 480->640|mono,RT 480->640,mono,jerk,0.0,0.02,False,8008,1947,822,0.4221879815100154,0.3891793114370106,0.45924899841078,0.7232796295861191,0.6082115184082373,0.935224788219506,0.0855448532096167,0.3091382578075859,True
A,brake,RT 480->640|mono,RT 480->640,mono,jerk,0.02,0.02,True,8008,1947,821,0.4216743708269132,0.3919317119220636,0.4594815290132789,0.720339731721117,0.60655751018689,0.9177898192908512,0.0852156020727073,0.3047111504152918,True
A,brake,RT 480->640|mono,RT 480->640,mono,jerk,0.04,0.02,False,8008,1947,822,0.4221879815100154,0.3878845396725409,0.4626841308424537,0.7175008628856272,0.6020734319489405,0.9191164669848704,0.0848984350292637,0.3005263516783464,True
A,brake,Y8 320->640|mono,Y8 320->640,mono,collision,3.0,6.0,False,8008,2075,710,0.3421686746987952,0.2062152009973957,0.4748405622489959,0.1677736731968689,0.0489003666832053,0.6533794272187632,0.5183539188606765,0.6228521042489172,False
A,brake,Y8 320->640|mono,Y8 320->640,mono,collision,6.0,6.0,True,8008,2075,710,0.3421686746987952,0.2030395001962148,0.4654977032545337,0.167854783897682,0.0478419475315527,0.6086496992279594,0.5168494285990892,0.6211048487666122,False
A,brake,Y8 320->640|mono,Y8 320->640,mono,collision,12.0,6.0,False,8008,2075,710,0.3421686746987952,0.2099854445547063,0.4712994850209658,0.1680157865452453,0.0481386295462817,0.605533908407529,0.513887922482597,0.6176654727001549,False
A,brake,Y8 320->640|mono,Y8 320->640,mono,excess,0.06,0.12,False,8008,2075,676,0.3257831325301205,0.197783995429186,0.4504431486538816,0.1073348027246598,0.0260892383133558,0.4455671342103179,0.5670216732667755,0.6352008289305816,False
A,brake,Y8 320->640|mono,Y8 320->640,mono,excess,0.12,0.12,True,8008,2075,710,0.3421686746987952,0.2088567970555329,0.4729277956431995,0.167854783897682,0.044802604154842,0.6228606480127097,0.5168494285990892,0.6211048487666122,False
A,brake,Y8 320->640|mono,Y8 320->640,mono,excess,0.24,0.12,False,8008,2075,732,0.3527710843373494,0.2098435316791135,0.4817967873823483,0.2819883653476902,0.0873888634073909,0.8345748397309686,0.4319699046676182,0.6016196448916816,False
A,brake,Y8 320->640|mono,Y8 320->640,mono,jerk,0.0,0.02,False,8008,2075,704,0.3392771084337349,0.206843957384054,0.4653742485990462,0.1649608369558329,0.0460953013337167,0.6010492098665521,0.5228580475399649,0.626147934946985,False
A,brake,Y8 320->640|mono,Y8 320->640,mono,jerk,0.02,0.02,True,8008,2075,710,0.3421686746987952,0.2024631856325982,0.472682456298597,0.167854783897682,0.0424899890946198,0.629044572071256,0.5168494285990892,0.6211048487666122,False
A,brake,Y8 320->640|mono,Y8 320->640,mono,jerk,0.04,0.02,False,8008,2075,705,0.3397590361445783,0.2076146188513925,0.4687948671606723,0.1708262346171702,0.0511033371954837,0.6046630883295907,0.510922008181344,0.616182071251917,False
A,brake,Y8 320->640|oracle,Y8 320->640,oracle,collision,3.0,6.0,False,8008,1296,319,0.2461419753086419,0.106363532269315,0.4305206829242205,0.0804567397745185,0.0211595561129048,0.41026014945713,0.6784744889003437,0.7378385751356343,False
A,brake,Y8 320->640|oracle,Y8 320->640,oracle,collision,6.0,6.0,True,8008,1296,319,0.2461419753086419,0.1062777065396592,0.4062228904250171,0.0802385154245519,0.0218074859304623,0.3521729219930298,0.6785748142109286,0.7377725916889776,False
A,brake,Y8 320->640|oracle,Y8 320->640,oracle,collision,12.0,6.0,False,8008,1296,319,0.2461419753086419,0.10900910948653,0.4316493261799833,0.0798055989280947,0.0226879391431445,0.4006751470061827,0.6787737878573231,0.7376417277334466,False
A,brake,Y8 320->640|oracle,Y8 320->640,oracle,excess,0.06,0.12,False,8008,1296,301,0.2322530864197531,0.093848604368932,0.3913089731729879,0.0427585201451554,0.011888426381864,0.2058007040261526,0.7141344712838051,0.7460337713239262,False
A,brake,Y8 320->640|oracle,Y8 320->640,oracle,excess,0.12,0.12,True,8008,1296,319,0.2461419753086419,0.1063319811046668,0.4226848306332842,0.0802385154245519,0.0231572189017188,0.3773184419718389,0.6785748142109286,0.7377725916889776,False
A,brake,Y8 320->640|oracle,Y8 320->640,oracle,excess,0.24,0.12,False,8008,1296,324,0.25,0.1057895568290412,0.4368577846250548,0.1540099319263399,0.0406248690046703,0.7248404231648669,0.6120742599502671,0.7235005268371231,False
A,brake,Y8 320->640|oracle,Y8 320->640,oracle,jerk,0.0,0.02,False,8008,1296,319,0.2461419753086419,0.1041604557069846,0.4291909497281143,0.0777516561682769,0.0224576895843252,0.4148631666278734,0.6845441073834007,0.7422557188222019,False
A,brake,Y8 320->640|oracle,Y8 320->640,oracle,jerk,0.02,0.02,True,8008,1296,319,0.2461419753086419,0.1023393814903571,0.4105719651909044,0.0802385154245519,0.0209976882502922,0.3535755397122281,0.6785748142109286,0.7377725916889776,False
A,brake,Y8 320->640|oracle,Y8 320->640,oracle,jerk,0.04,0.02,False,8008,1296,321,0.2476851851851851,0.1081346288515406,0.4173058201994704,0.0827453275604344,0.0239961389145094,0.3591842816096969,0.672647451510221,0.7333268193894532,False
A,brake,Y8 384->640|mono,Y8 384->640,mono,collision,3.0,6.0,False,8008,1771,705,0.3980801806888763,0.2884656923536055,0.4966138113070162,0.4709381736277401,0.1863170363282456,0.9138282991130762,0.1955589388629183,0.3696334324550546,True
A,brake,Y8 384->640|mono,Y8 384->640,mono,collision,6.0,6.0,True,8008,1771,705,0.3980801806888763,0.2903590985736939,0.4930014892370271,0.4731134004370673,0.1953062885057233,0.8731162110817934,0.193807677157988,0.3678356544249886,True
A,brake,Y8 384->640|mono,Y8 384->640,mono,collision,12.0,6.0,False,8008,1771,705,0.3980801806888763,0.2951334021188675,0.4930448284895282,0.4774453400067586,0.2043285918224096,0.8758129187143828,0.1903703160869569,0.3643069915201201,True
A,brake,Y8 384->640|mono,Y8 384->640,mono,excess,0.06,0.12,False,8008,1771,687,0.3879164313946923,0.2864718248838762,0.4724166567654805,0.3511651624645255,0.1202125179080023,0.7463616818852092,0.2335867717492605,0.3600096021916974,True
A,brake,Y8 384->640|mono,Y8 384->640,mono,excess,0.12,0.12,True,8008,1771,705,0.3980801806888763,0.2801010902883574,0.4937547088054146,0.4731134004370673,0.1759887473933926,0.883440561005629,0.193807677157988,0.3678356544249886,True
A,brake,Y8 384->640|mono,Y8 384->640,mono,excess,0.24,0.12,False,8008,1771,711,0.401468097120271,0.2818795129411309,0.5094718350430453,0.6478313170249196,0.3248908553586082,1.0226559363063412,0.136056934603971,0.3863402431317232,True
A,brake,Y8 384->640|mono,Y8 384->640,mono,jerk,0.0,0.02,False,8008,1771,704,0.3975155279503105,0.2843195605320185,0.495378596854017,0.4681222181931033,0.1878993277978787,0.8844509197080759,0.1975866652081665,0.3714888494438045,True
A,brake,Y8 384->640|mono,Y8 384->640,mono,jerk,0.02,0.02,True,8008,1771,705,0.3980801806888763,0.2952007975493768,0.4975316444348824,0.4731134004370673,0.1983515678035164,0.876281867624847,0.193807677157988,0.3678356544249886,True
A,brake,Y8 384->640|mono,Y8 384->640,mono,jerk,0.04,0.02,False,8008,1771,703,0.3969508752117447,0.2878464406830527,0.4938239151795897,0.4782038496172283,0.1895996305890166,0.916922463923989,0.1901149650074795,0.3643471974026969,True
A,brake,Y8 512->640|mono,Y8 512->640,mono,collision,3.0,6.0,False,8008,1470,630,0.4285714285714285,0.3729203033838973,0.4800995670487142,0.6155055753348218,0.4001742332417365,0.8131971225682937,0.0977410775885848,0.2542067487030507,True
A,brake,Y8 512->640|mono,Y8 512->640,mono,collision,6.0,6.0,True,8008,1470,630,0.4285714285714285,0.3707968061061914,0.4764191495107968,0.6152373049046553,0.3976634096731993,0.8109249132042957,0.0972599477413022,0.2527790479199168,True
A,brake,Y8 512->640|mono,Y8 512->640,mono,collision,12.0,6.0,False,8008,1470,630,0.4285714285714285,0.3729217616798785,0.4766263143331488,0.6147044852289782,0.3976597395793434,0.8035229867445388,0.0963202111359144,0.2499904811847005,True
A,brake,Y8 512->640|mono,Y8 512->640,mono,excess,0.06,0.12,False,8008,1470,635,0.4319727891156462,0.377932033667777,0.4800532538795151,0.5144320205805121,0.2927831193406612,0.7673713255874105,0.1082513337369972,0.2229375459774249,True
A,brake,Y8 512->640|mono,Y8 512->640,mono,excess,0.12,0.12,True,8008,1470,630,0.4285714285714285,0.3752674652523775,0.4749861096621658,0.6152373049046553,0.4036583911618754,0.7985808987813817,0.0972599477413022,0.2527790479199168,True
A,brake,Y8 512->640|mono,Y8 512->640,mono,excess,0.24,0.12,False,8008,1470,638,0.4340136054421769,0.3712253548262796,0.4811520718551541,0.7234102939404546,0.5204465706471939,0.8506914186234895,0.0827108337902357,0.2990380045901968,True
A,brake,Y8 512->640|mono,Y8 512->640,mono,jerk,0.0,0.02,False,8008,1470,631,0.4292517006802721,0.3698780911605666,0.4767089512515506,0.6155298517786604,0.3916143375238431,0.817575451413484,0.0977730285385972,0.2543059038287391,True
A,brake,Y8 512->640|mono,Y8 512->640,mono,jerk,0.02,0.02,True,8008,1470,630,0.4285714285714285,0.3698744959411734,0.4772283019383267,0.6152373049046553,0.3869649441532996,0.797126499620327,0.0972599477413022,0.2527790479199168,True
A,brake,Y8 512->640|mono,Y8 512->640,mono,jerk,0.04,0.02,False,8008,1470,630,0.4285714285714285,0.3710392010207224,0.4772423168255498,0.6150957824252359,0.3951357067164262,0.8032132783751063,0.0967607196684178,0.2513890865579374,True
A,brake,nuSc Y8 320->640|mono,nuSc Y8 320->640,mono,collision,3.0,6.0,False,3376,273,108,0.3956043956043956,0.3157714491708723,0.4674458443854996,0.4070280287265681,0.2845994927394358,0.5953781097984929,0.1653230791199076,0.2788042051378407,True
A,brake,nuSc Y8 320->640|mono,nuSc Y8 320->640,mono,collision,6.0,6.0,True,3376,273,108,0.3956043956043956,0.3201876137220965,0.4698972360028348,0.4070280287265681,0.2821529706796837,0.5923677346067076,0.1646550986224518,0.2776777092327792,True
A,brake,nuSc Y8 320->640|mono,nuSc Y8 320->640,mono,collision,12.0,6.0,False,3376,273,108,0.3956043956043956,0.3181742925948224,0.4700980392156862,0.4070280287265681,0.273229673892982,0.6010354779670066,0.1633352014886307,0.2754518078449167,True
A,brake,nuSc Y8 320->640|mono,nuSc Y8 320->640,mono,excess,0.06,0.12,False,3376,273,113,0.4139194139194139,0.3366229941959713,0.4894452342870682,0.2844033625787367,0.1868767080520235,0.4842378720523038,0.1810482174299181,0.2530031696101129,True
A,brake,nuSc Y8 320->640|mono,nuSc Y8 320->640,mono,excess,0.12,0.12,True,3376,273,108,0.3956043956043956,0.3146208892190982,0.4707708890871246,0.4070280287265681,0.2818889187405139,0.5793675069306352,0.1646550986224518,0.2776777092327792,True
A,brake,nuSc Y8 320->640|mono,nuSc Y8 320->640,mono,excess,0.24,0.12,False,3376,273,116,0.4249084249084249,0.3538383838383838,0.4952468308770483,0.5547277832573045,0.3851303653392076,0.7609160266480565,0.141769016195201,0.3183872940294487,True
A,brake,nuSc Y8 320->640|mono,nuSc Y8 320->640,mono,jerk,0.0,0.02,False,3376,273,104,0.3809523809523809,0.298174081237911,0.45530594779632,0.40097091083559,0.2724067239181038,0.5973189510482363,0.1683604416591687,0.2810555358739185,True
A,brake,nuSc Y8 320->640|mono,nuSc Y8 320->640,mono,jerk,0.02,0.02,True,3376,273,108,0.3956043956043956,0.3172394493051981,0.4752085755585583,0.4070280287265681,0.2730824714305404,0.602507883607891,0.1646550986224518,0.2776777092327792,True
A,brake,nuSc Y8 320->640|mono,nuSc Y8 320->640,mono,jerk,0.04,0.02,False,3376,273,111,0.4065934065934066,0.3249906716417911,0.4825582918522399,0.4133063207068813,0.2751214825645231,0.6099159815884896,0.1610819946348872,0.2745589399036441,True
A,brake,nuSc Y8 320->640|oracle,nuSc Y8 320->640,oracle,collision,3.0,6.0,False,3376,141,50,0.3546099290780142,0.2283363246873552,0.4885539229753773,0.4181636073595283,0.1953637095550311,0.7698346251746324,0.1405208834490235,0.2415127091162449,True
A,brake,nuSc Y8 320->640|oracle,nuSc Y8 320->640,oracle,collision,6.0,6.0,True,3376,141,50,0.3546099290780142,0.2280440967283072,0.4833415032679738,0.4181636073595283,0.202705075972535,0.7785616493471683,0.1400599661990445,0.2407205323878569,True
A,brake,nuSc Y8 320->640|oracle,nuSc Y8 320->640,oracle,collision,12.0,6.0,False,3376,141,50,0.3546099290780142,0.2148876584304186,0.4782791377420533,0.4181636073595283,0.1803007319614761,0.7693959702568651,0.1391471436035977,0.2391516676571648,True
A,brake,nuSc Y8 320->640|oracle,nuSc Y8 320->640,oracle,excess,0.06,0.12,False,3376,141,51,0.3617021276595745,0.2347674738580077,0.4944240467132619,0.2760386163079177,0.134391153396973,0.5054143736013944,0.1643414529015508,0.2270030648091158,True
A,brake,nuSc Y8 320->640|oracle,nuSc Y8 320->640,oracle,excess,0.12,0.12,True,3376,141,50,0.3546099290780142,0.2316982162358937,0.4827820464767616,0.4181636073595283,0.2020849364183779,0.7758138974871135,0.1400599661990445,0.2407205323878569,True
A,brake,nuSc Y8 320->640|oracle,nuSc Y8 320->640,oracle,excess,0.24,0.12,False,3376,141,51,0.3617021276595745,0.2328547945205479,0.4945977811713977,0.621053854391308,0.2803020115673442,1.0821681618590555,0.1005587951831936,0.2653643435841484,True
A,brake,nuSc Y8 320->640|oracle,nuSc Y8 320->640,oracle,jerk,0.0,0.02,False,3376,141,51,0.3617021276595745,0.2271809712027103,0.5064484126984127,0.4102201014146847,0.1987690409130082,0.7513496572646624,0.1442104873164076,0.2445157721758918,True
A,brake,nuSc Y8 320->640|oracle,nuSc Y8 320->640,oracle,jerk,0.02,0.02,True,3376,141,50,0.3546099290780142,0.2335372262773722,0.4821522227772227,0.4181636073595283,0.2032862104900932,0.7728646699305814,0.1400599661990445,0.2407205323878569,True
A,brake,nuSc Y8 320->640|oracle,nuSc Y8 320->640,oracle,jerk,0.04,0.02,False,3376,141,50,0.3546099290780142,0.2271943573667711,0.4867476047685218,0.4261211660787277,0.2015901619363498,0.7596808945960155,0.1360441786667364,0.2370608055661443,True
B,traj,RT 320->640|mono,RT 320->640,mono,clearance,0.75,1.5,False,8008,489,242,0.4948875255623722,0.4079530423280423,0.5943165192706628,0.7449667183198496,0.2199840581636722,3.7858145707517377,0.0252152147949089,0.098870291080411,False
B,traj,RT 320->640|mono,RT 320->640,mono,clearance,1.5,1.5,True,8008,517,257,0.4970986460348162,0.40434761169711,0.616152658009165,0.7624495469329582,0.2312790479287477,3.964822713982387,0.0230225495458922,0.0969164623710264,False
B,traj,RT 320->640|mono,RT 320->640,mono,clearance,3.0,1.5,False,8008,564,277,0.4911347517730496,0.403424030091831,0.5750455211756993,0.7367820091137917,0.2391777355909547,3.0859217097855467,0.0271456040201969,0.1031297440148469,False
B,traj,RT 320->640|mono,RT 320->640,mono,collision,5.0,10.0,False,8008,517,257,0.4970986460348162,0.4015299460951634,0.6000669642857142,0.7694423263309236,0.2247492255140054,3.4531534375745787,0.0210483681793517,0.0912932883316774,False
B,traj,RT 320->640|mono,RT 320->640,mono,collision,10.0,10.0,True,8008,517,257,0.4970986460348162,0.4046318928008043,0.6045303935837488,0.7624495469329582,0.2117973473824284,3.4262802914146553,0.0230225495458922,0.0969164623710264,False
B,traj,RT 320->640|mono,RT 320->640,mono,collision,20.0,10.0,False,8008,517,257,0.4970986460348162,0.406776185770751,0.5894525664560397,0.7566868763825043,0.2138349059090313,3.2433237796751273,0.0248420133436389,0.1020989454834839,False
B,traj,RT 320->640|mono,RT 320->640,mono,progress,0.5,1.0,False,8008,527,248,0.4705882352941176,0.3779906037739081,0.562326443135841,0.7491489168240769,0.2017270034011101,3.167845633439077,0.0258258908627566,0.1029530769243073,False
B,traj,RT 320->640|mono,RT 320->640,mono,progress,1.0,1.0,True,8008,517,257,0.4970986460348162,0.399403396992826,0.6014560388277019,0.7624495469329582,0.2046048084205612,3.584862296603755,0.0230225495458922,0.0969164623710264,False
B,traj,RT 320->640|mono,RT 320->640,mono,progress,2.0,1.0,False,8008,487,236,0.4845995893223819,0.4002888338529619,0.5793616872197309,0.7887666635247425,0.2714123991093685,3.900053156298245,0.0188551874134832,0.0892623661023871,False
B,traj,RT 480->640|mono,RT 480->640,mono,clearance,0.75,1.5,False,8008,272,123,0.4522058823529412,0.365077856237552,0.5627617842454918,0.5966699820569834,0.2063623198266788,2.328772665227165,0.0272878124426994,0.0676562894620821,True
B,traj,RT 480->640|mono,RT 480->640,mono,clearance,1.5,1.5,True,8008,295,128,0.4338983050847457,0.3533974279065902,0.5278273809523809,0.578935563916635,0.1630846590460701,2.0343502790898227,0.0293871919146126,0.0697926241122733,True
B,traj,RT 480->640|mono,RT 480->640,mono,clearance,3.0,1.5,False,8008,321,144,0.4485981308411215,0.3656514723678903,0.5496771523178808,0.5713622242538118,0.1941211548426632,2.333496215723661,0.0311626027206022,0.0727014847591379,True
B,traj,RT 480->640|mono,RT 480->640,mono,collision,5.0,10.0,False,8008,295,128,0.4338983050847457,0.357552039763538,0.5338316088270304,0.5748953613506068,0.1944027698134251,2.144646879905188,0.0280064935320006,0.0658814112708356,True
B,traj,RT 480->640|mono,RT 480->640,mono,collision,10.0,10.0,True,8008,295,128,0.4338983050847457,0.3568103666846258,0.5390477198277448,0.578935563916635,0.1662450935668603,2.351533656131318,0.0293871919146126,0.0697926241122733,True
B,traj,RT 480->640|mono,RT 480->640,mono,collision,20.0,10.0,False,8008,295,128,0.4338983050847457,0.3578934468524252,0.5421067821067821,0.5822811750747443,0.1824252900870827,2.6533115798985167,0.0306610199293389,0.073401096861807,True
B,traj,RT 480->640|mono,RT 480->640,mono,progress,0.5,1.0,False,8008,308,132,0.4285714285714285,0.3449036428687591,0.5283245801724696,0.5863580316772062,0.1820775218415844,2.491437833074608,0.030014485479349,0.0725615091743462,True
B,traj,RT 480->640|mono,RT 480->640,mono,progress,1.0,1.0,True,8008,295,128,0.4338983050847457,0.3568166461916462,0.5371227921527733,0.578935563916635,0.2001370233793649,2.1859285200590377,0.0293871919146126,0.0697926241122733,True
B,traj,RT 480->640|mono,RT 480->640,mono,progress,2.0,1.0,False,8008,281,125,0.4448398576512455,0.3576841692789969,0.5662789406473822,0.6024722579769572,0.2205508926636393,2.6596253156470206,0.0254468551402391,0.0640127781038339,True
B,traj,Y8 320->640|mono,Y8 320->640,mono,clearance,0.75,1.5,False,8008,629,307,0.4880763116057233,0.3989921124651451,0.5568378817586561,0.3176599305714477,0.1795450158736304,0.7012970804281587,0.1156949254296081,0.1695561064243238,False
B,traj,Y8 320->640|mono,Y8 320->640,mono,clearance,1.5,1.5,True,8008,678,328,0.4837758112094395,0.3760963133115031,0.5785095203880006,0.2824709509652807,0.1329705110581578,0.6170777525617667,0.1278204919151454,0.1781398148090314,False
B,traj,Y8 320->640|mono,Y8 320->640,mono,clearance,3.0,1.5,False,8008,719,331,0.4603616133518776,0.3636261720342438,0.5353868654615055,0.2702845856138704,0.1259241365190485,0.6511013480664836,0.1373945917134418,0.1882851711841998,False
B,traj,Y8 320->640|mono,Y8 320->640,mono,collision,5.0,10.0,False,8008,678,328,0.4837758112094395,0.3684183452458306,0.5746011597643943,0.2978509729978653,0.129527025522663,0.6389236772822773,0.1178317348788571,0.167815848698027,False
B,traj,Y8 320->640|mono,Y8 320->640,mono,collision,10.0,10.0,True,8008,678,328,0.4837758112094395,0.3831750125423304,0.581828096400244,0.2824709509652807,0.1283472757441174,0.6390223347078678,0.1278204919151454,0.1781398148090314,False
B,traj,Y8 320->640|mono,Y8 320->640,mono,collision,20.0,10.0,False,8008,678,328,0.4837758112094395,0.3782897657897658,0.5714333524574489,0.2700087295453756,0.1253576400876679,0.6205547603645434,0.136862921180598,0.1874856956787475,False
B,traj,Y8 320->640|mono,Y8 320->640,mono,progress,0.5,1.0,False,8008,701,330,0.470756062767475,0.361550544830984,0.5549233988503869,0.2778779867141075,0.1296092979566586,0.5712696218818348,0.1344228648471279,0.1861497951509049,False
B,traj,Y8 320->640|mono,Y8 320->640,mono,progress,1.0,1.0,True,8008,678,328,0.4837758112094395,0.3742367103465351,0.580327174941487,0.2824709509652807,0.1264232991889629,0.6176250220471639,0.1278204919151454,0.1781398148090314,False
B,traj,Y8 320->640|mono,Y8 320->640,mono,progress,2.0,1.0,False,8008,647,311,0.4806800618238022,0.3835093957195369,0.5625916413625246,0.3084579668554438,0.1575960657525006,0.6600578265334861,0.1100681836690049,0.1591634035150498,False
B,traj,Y8 320->640|oracle,Y8 320->640,oracle,clearance,0.75,1.5,False,8008,446,12,0.0269058295964125,0.0069054437629884,0.0727447552447552,0.0030657653394095,0.0001217566869177,0.0119702661103343,0.6487416373476292,0.6507366431934145,False
B,traj,Y8 320->640|oracle,Y8 320->640,oracle,clearance,1.5,1.5,True,8008,463,14,0.0302375809935205,0.0106944741532976,0.0744478155339805,0.0033946367285793,0.0002915297998335,0.0122815546903679,0.6834446714145355,0.6857726203389918,False
B,traj,Y8 320->640|oracle,Y8 320->640,oracle,clearance,3.0,1.5,False,8008,486,18,0.037037037037037,0.0111483312226806,0.0819685059730051,0.0037578731280737,0.0003428623969756,0.0130925711859775,0.733647136475453,0.7364144886936386,False
B,traj,Y8 320->640|oracle,Y8 320->640,oracle,collision,5.0,10.0,False,8008,463,14,0.0302375809935205,0.0092069581441092,0.0746280771467338,0.0037936739339545,0.0004208826913054,0.0123697736392454,0.597377103780356,0.5996519878962818,False
B,traj,Y8 320->640|oracle,Y8 320->640,oracle,collision,10.0,10.0,True,8008,463,14,0.0302375809935205,0.0093885744372778,0.0746284139468631,0.0033946367285793,0.0002770732004048,0.0127284030240315,0.6834446714145355,0.6857726203389918,False
B,traj,Y8 320->640|oracle,Y8 320->640,oracle,collision,20.0,10.0,False,8008,463,14,0.0302375809935205,0.0097218851132686,0.0719273075083691,0.0030739978250711,0.0001759759720224,0.0120074862283025,0.7728527843102625,0.7752358576505977,False
B,traj,Y8 320->640|oracle,Y8 320->640,oracle,progress,0.5,1.0,False,8008,470,15,0.0319148936170212,0.0079561624511821,0.0798899629781982,0.0032411202295574,0.0001613409415862,0.012914861517499,0.7623086082478269,0.7647873760837619,False
B,traj,Y8 320->640|oracle,Y8 320->640,oracle,progress,1.0,1.0,True,8008,463,14,0.0302375809935205,0.009587259769649,0.0798273909189402,0.0033946367285793,0.0002673785037074,0.0124541629264543,0.6834446714145355,0.6857726203389918,False
B,traj,Y8 320->640|oracle,Y8 320->640,oracle,progress,2.0,1.0,False,8008,450,12,0.0266666666666666,0.0065040121792635,0.0760039735099337,0.0033137220244457,0.0001978080287426,0.0118902155686254,0.5674588591618095,0.5693455119241922,False
B,traj,Y8 384->640|mono,Y8 384->640,mono,clearance,0.75,1.5,False,8008,402,199,0.4950248756218905,0.3841252155242526,0.6045243010285383,0.4961961933400478,0.1978363139241115,1.2861417151324577,0.0528228467327068,0.1048480500433379,True
B,traj,Y8 384->640|mono,Y8 384->640,mono,clearance,1.5,1.5,True,8008,458,223,0.4868995633187773,0.3774602176956261,0.5882730015082956,0.4585841134217043,0.1675366158077795,1.2810615606827112,0.0597027264270057,0.1102714713532364,True
B,traj,Y8 384->640|mono,Y8 384->640,mono,clearance,3.0,1.5,False,8008,488,231,0.4733606557377049,0.3712976617482066,0.5705984538830637,0.4479883964043176,0.1668704063172444,1.209994360635719,0.0639571522885314,0.1158619707845424,True
B,traj,Y8 384->640|mono,Y8 384->640,mono,collision,5.0,10.0,False,8008,458,223,0.4868995633187773,0.3752933096315449,0.5975644799551444,0.4653661714947956,0.1691084644702864,1.26530777051513,0.0555539836179648,0.1039103413513687,True
B,traj,Y8 384->640|mono,Y8 384->640,mono,collision,10.0,10.0,True,8008,458,223,0.4868995633187773,0.3668163952835485,0.5919793951169569,0.4585841134217043,0.1715785695193716,1.211452036039595,0.0597027264270057,0.1102714713532364,True
B,traj,Y8 384->640|mono,Y8 384->640,mono,collision,20.0,10.0,False,8008,458,223,0.4868995633187773,0.3773918732782369,0.6005864987310443,0.4530226396545381,0.164495578020073,1.2076352118354337,0.0635038951157875,0.1160996774632126,True
B,traj,Y8 384->640|mono,Y8 384->640,mono,progress,0.5,1.0,False,8008,477,231,0.4842767295597484,0.3653532608695652,0.5901324419578651,0.4596107688429773,0.1601251523323431,1.3360558882675362,0.0630754482523738,0.1167222524352004,True
B,traj,Y8 384->640|mono,Y8 384->640,mono,progress,1.0,1.0,True,8008,458,223,0.4868995633187773,0.3671245577998402,0.6077106374239687,0.4585841134217043,0.1599106636603495,1.3210599250737811,0.0597027264270057,0.1102714713532364,True
B,traj,Y8 384->640|mono,Y8 384->640,mono,progress,2.0,1.0,False,8008,416,212,0.5096153846153846,0.3999798387096774,0.6221636796105764,0.5141845069421476,0.2187084595279667,1.3096181158369142,0.0465606248614518,0.0958401399848053,True
B,traj,Y8 512->640|mono,Y8 512->640,mono,clearance,0.75,1.5,False,8008,253,138,0.5454545454545454,0.4119992690058479,0.6778949905446995,1.1111099950848526,0.5008647667714146,3.6329650684640487,-0.0061238570174537,0.0551152667478477,True
B,traj,Y8 512->640|mono,Y8 512->640,mono,clearance,1.5,1.5,True,8008,266,143,0.5375939849624061,0.4060356731875719,0.6643496131528047,1.114138429663965,0.4425185579135599,3.9784599220551145,-0.0058902612456943,0.0516062930166107,True
B,traj,Y8 512->640|mono,Y8 512->640,mono,clearance,3.0,1.5,False,8008,287,148,0.5156794425087108,0.3999794238683127,0.6340852130325815,1.0985859050994022,0.4135411782784869,3.4048063687520767,-0.0053409400487885,0.0541754933771051,True
B,traj,Y8 512->640|mono,Y8 512->640,mono,collision,5.0,10.0,False,8008,266,143,0.5375939849624061,0.4120780245582971,0.6597531630501327,1.1201003400457097,0.4606010538253584,3.514138930219278,-0.0058169813254417,0.0484343451752749,True
B,traj,Y8 512->640|mono,Y8 512->640,mono,collision,10.0,10.0,True,8008,266,143,0.5375939849624061,0.4076413049296152,0.6681177295388451,1.114138429663965,0.4544591329021726,4.057693848195997,-0.0058902612456943,0.0516062930166107,True
B,traj,Y8 512->640|mono,Y8 512->640,mono,collision,20.0,10.0,False,8008,266,143,0.5375939849624061,0.4131947597856689,0.6641857506361323,1.1092463120799447,0.4293244347899639,4.1726834989838535,-0.0059579683760825,0.0545370206339101,True
B,traj,Y8 512->640|mono,Y8 512->640,mono,progress,0.5,1.0,False,8008,271,144,0.5313653136531366,0.4017313053561295,0.660244875943905,1.13860893848544,0.4819082421395608,4.554423877149165,-0.0074818467664518,0.053978097287267,True
B,traj,Y8 512->640|mono,Y8 512->640,mono,progress,1.0,1.0,True,8008,266,143,0.5375939849624061,0.4097185283687943,0.6651430325796431,1.114138429663965,0.4486079232554838,4.126347723124413,-0.0058902612456943,0.0516062930166107,True
B,traj,Y8 512->640|mono,Y8 512->640,mono,progress,2.0,1.0,False,8008,252,137,0.5436507936507936,0.4186862527716186,0.6587742504409171,1.1478881483830312,0.4931840901142664,3.401357859368878,-0.0071238105709655,0.0481702600840928,True
C,brake,RT 320->640|mono,RT 320->640,mono,corridor_half_width,1.0,1.2,False,8008,2320,1020,0.4396551724137931,0.3698932743505798,0.5105745477856308,0.6702263766710158,0.404919208723565,0.9955989783028548,0.1605953572521234,0.4869866656737206,False
C,brake,RT 320->640|mono,RT 320->640,mono,corridor_half_width,1.2,1.2,True,8008,2354,1040,0.4418011894647408,0.3781980140186916,0.5100826822768375,0.7007510232636827,0.419226612809832,0.9938645386618852,0.1263455098969962,0.4222086614128195,False
C,brake,RT 320->640|mono,RT 320->640,mono,corridor_half_width,1.5,1.2,False,8008,2375,1064,0.448,0.3937285922910121,0.5167240806589859,0.8076659414115867,0.5471974842949384,1.1246713048431765,0.0780613033419044,0.405863131651333,False
C,brake,RT 480->640|mono,RT 480->640,mono,corridor_half_width,1.0,1.2,False,8008,1914,811,0.4237199582027168,0.3892607402644376,0.4540574241721674,0.7328669698311008,0.5922693727311094,0.9149990274698042,0.0938675333693567,0.3513887193583199,True
C,brake,RT 480->640|mono,RT 480->640,mono,corridor_half_width,1.2,1.2,True,8008,1947,821,0.4216743708269132,0.3880361624752744,0.4598346569723963,0.720339731721117,0.6019290092533345,0.9334519075244924,0.0852156020727073,0.3047111504152918,True
C,brake,RT 480->640|mono,RT 480->640,mono,corridor_half_width,1.5,1.2,False,8008,1975,851,0.430886075949367,0.3915329420625904,0.48034355479841,0.8616758601394301,0.6500317432072403,1.180008952335405,0.0417951532243298,0.3021537185516499,True
C,brake,Y8 320->640|mono,Y8 320->640,mono,corridor_half_width,1.0,1.2,False,8008,2023,662,0.3272367770637667,0.1984860609662362,0.4564062911209713,0.1539576682841851,0.0412992442132135,0.5686673662076588,0.5858054393651339,0.6924067713929785,False
C,brake,Y8 320->640|mono,Y8 320->640,mono,corridor_half_width,1.2,1.2,True,8008,2075,710,0.3421686746987952,0.208255449024512,0.4659097062889228,0.167854783897682,0.0463107316369573,0.5915046844022892,0.5168494285990892,0.6211048487666122,False
C,brake,Y8 320->640|mono,Y8 320->640,mono,corridor_half_width,1.5,1.2,False,8008,2191,757,0.3455043359196714,0.2252803317641784,0.4604018267927093,0.215484967455663,0.0752113882778094,0.6244116720144519,0.3973657349693719,0.5065113076044406,False
C,brake,Y8 320->640|oracle,Y8 320->640,oracle,corridor_half_width,1.0,1.2,False,8008,1214,269,0.2215815485996705,0.0840846334844596,0.39005599528253,0.0700471674911706,0.0196229204340457,0.3159951654487696,0.711659998427941,0.7652646172473322,False
C,brake,Y8 320->640|oracle,Y8 320->640,oracle,corridor_half_width,1.2,1.2,True,8008,1296,319,0.2461419753086419,0.1048854667091815,0.4195543778880473,0.0802385154245519,0.0232102392149534,0.3709609455980554,0.6785748142109286,0.7377725916889776,False
C,brake,Y8 320->640|oracle,Y8 320->640,oracle,corridor_half_width,1.5,1.2,False,8008,1420,374,0.2633802816901408,0.1177110028499315,0.4182327901930704,0.0966489690816519,0.0273563967681856,0.3889475074073175,0.589477258712087,0.6525450666866733,False
C,brake,Y8 384->640|mono,Y8 384->640,mono,corridor_half_width,1.0,1.2,False,8008,1706,664,0.3892145369284877,0.2814707602197876,0.4985788347366652,0.4108708994285512,0.1903665636525642,0.8021213432963601,0.2549786299766989,0.4328060347543053,True
C,brake,Y8 384->640|mono,Y8 384->640,mono,corridor_half_width,1.2,1.2,True,8008,1771,705,0.3980801806888763,0.2888659283385658,0.4972797584934496,0.4731134004370673,0.1876386626890728,0.9014680315376554,0.193807677157988,0.3678356544249886,True
C,brake,Y8 384->640|mono,Y8 384->640,mono,corridor_half_width,1.5,1.2,False,8008,1878,742,0.3951011714589989,0.2941683210111624,0.4868986019604692,0.5065207890923127,0.2548893662112549,0.8046903772871237,0.1448496443334287,0.2935273485320644,True
C,brake,Y8 512->640|mono,Y8 512->640,mono,corridor_half_width,1.0,1.2,False,8008,1412,602,0.4263456090651558,0.3658028528891034,0.4784397663174859,0.5942223705266921,0.395112840280085,0.7763226650512285,0.1215161497831575,0.2994648816419076,True
C,brake,Y8 512->640|mono,Y8 512->640,mono,corridor_half_width,1.2,1.2,True,8008,1470,630,0.4285714285714285,0.3720269322649884,0.4800362428269404,0.6152373049046553,0.3994381274609477,0.8147009936768963,0.0972599477413022,0.2527790479199168,True
C,brake,Y8 512->640|mono,Y8 512->640,mono,corridor_half_width,1.5,1.2,False,8008,1525,653,0.4281967213114754,0.3775968521482597,0.4776585723181136,0.7137580156243241,0.5206669729332903,0.9412097994567808,0.0660587526191709,0.2307793972405972,True
C,brake,nuSc Y8 320->640|mono,nuSc Y8 320->640,mono,corridor_half_width,1.0,1.2,False,3376,260,102,0.3923076923076923,0.3007220694909078,0.4699428749480681,0.4124431714877123,0.2665103991890956,0.5914777730718713,0.1734491780634207,0.2952040886029689,True
C,brake,nuSc Y8 320->640|mono,nuSc Y8 320->640,mono,corridor_half_width,1.2,1.2,True,3376,273,108,0.3956043956043956,0.3196841751057556,0.4725400118553645,0.4070280287265681,0.2872320260180007,0.5887001269547766,0.1646550986224518,0.2776777092327792,True
C,brake,nuSc Y8 320->640|mono,nuSc Y8 320->640,mono,corridor_half_width,1.5,1.2,False,3376,310,129,0.4161290322580645,0.3429468876490537,0.4872058823529411,0.3716046937332737,0.2593656830569535,0.5470687711571421,0.1801079396136949,0.2866156666314227,True
C,brake,nuSc Y8 320->640|oracle,nuSc Y8 320->640,oracle,corridor_half_width,1.0,1.2,False,3376,131,47,0.3587786259541984,0.2196309020436927,0.5,0.4578864388799912,0.1910463976864491,0.91224184883586,0.1220630709025216,0.2251614415443488,True
C,brake,nuSc Y8 320->640|oracle,nuSc Y8 320->640,oracle,corridor_half_width,1.2,1.2,True,3376,141,50,0.3546099290780142,0.2244544740973312,0.4802631578947368,0.4181636073595283,0.197458662626228,0.7440473887703136,0.1400599661990445,0.2407205323878569,True
C,brake,nuSc Y8 320->640|oracle,nuSc Y8 320->640,oracle,corridor_half_width,1.5,1.2,False,3376,159,58,0.3647798742138364,0.2438654841093865,0.4859627275850223,0.3311757865543931,0.1641548011951273,0.6609355501954294,0.2015765489455213,0.3013894307250808,True
