geometry,target,signal,deployable,quota,eta,n_escalated,boot_dropped,n_frames,lo,hi,minus_random,minus_random_lo,minus_random_hi,p_le_random,minus_unc_sum,minus_unc_sum_lo,minus_unc_sum_hi
oracle,brake,random,True,0.1,0.058252577225260505,338.0,0,3376,,,,,,,,,
oracle,brake,unc_sum (eta-table uncertainty),True,0.1,-0.045206232478658154,338.0,0,3376,-0.1704268034349105,0.10561542391724733,-0.09399007293986726,-0.21274749870597054,0.04088548540340803,0.92,,,
oracle,brake,feat_ent_mean (gate uncertainty),True,0.1,0.0806998812640422,338.0,0,3376,0.016001285709534307,0.17833244257587236,0.022358050263854547,-0.04416486231067875,0.12647052190503402,0.3325,0.11634812320372183,-0.03814397337462207,0.30060710468135504
oracle,brake,crit_sum (GT geometry),False,0.1,0.06198330909325217,338.0,0,3376,-0.09983501035204921,0.2717740084569572,0.021428104088268944,-0.1416175128863461,0.197599237580341,0.4225,0.11541817702813621,-0.08937422126764383,0.32484920945487217
oracle,brake,dE_E6_risk_weighted (needs FULL),False,0.1,0.39892613932742094,338.0,0,3376,0.19030200242521486,0.648861751555167,0.35272145714607844,0.14265508412418407,0.5807913746775925,0.0,0.44671153008594566,0.23946429830512803,0.6729988567358408
oracle,brake,linear (OOF by scene),True,0.1,0.12102847501190402,338.0,0,3376,-0.0128681562065623,0.2914859252722353,0.07622597685762282,-0.06491392138187815,0.23976246845235405,0.1625,0.1702160497974901,-0.030993704136294275,0.38890759395472285
oracle,brake,linear (OOF by scene) [escalate only pred>0],True,0.1,0.12102847501190402,338.0,0,3376,-0.0128681562065623,0.2914859252722353,0.07622597685762282,-0.06491392138187815,0.23976246845235405,0.1625,0.1702160497974901,-0.030993704136294275,0.38890759395472285
oracle,brake,gbm (OOF by scene),True,0.1,0.21867201276935408,338.0,0,3376,0.04468301734964407,0.36363742117875253,0.1505743672797779,-0.00041252981680766157,0.30867261831603193,0.0275,0.24456444021964516,0.0192711743072872,0.47613343227440136
oracle,brake,gbm (OOF by scene) [escalate only pred>0],True,0.1,0.21867201276935408,338.0,0,3376,0.04468301734964407,0.36363742117875253,0.1505743672797779,-0.00041252981680766157,0.30867261831603193,0.0275,0.24456444021964516,0.0192711743072872,0.47613343227440136
oracle,brake,random,True,0.2,0.11633280954748769,675.0,0,3376,,,,,,,,,
oracle,brake,unc_sum (eta-table uncertainty),True,0.2,0.004778936820656357,675.0,0,3376,-0.23579597201741692,0.1859979720628351,-0.1299513138808096,-0.3201525984520228,0.06495344349632892,0.91,,,
oracle,brake,feat_ent_mean (gate uncertainty),True,0.2,0.06290992555743645,675.0,0,3376,-0.06247352186994852,0.20735007443366818,-0.03383237900630748,-0.1702497083647725,0.11074252799228282,0.69,0.09611893487450213,-0.16514069860259623,0.3213257943678816
oracle,brake,crit_sum (GT geometry),False,0.2,0.18193207218701035,675.0,0,3376,-0.08683360155375648,0.42029637945332454,0.04918739384050792,-0.162216409624389,0.27978822149340343,0.3325,0.1791387077213175,-0.07897902919149712,0.41898474559588217
oracle,brake,dE_E6_risk_weighted (needs FULL),False,0.2,0.5747683278270175,675.0,0,3376,0.34853800188770045,0.7461150289403049,0.4478163230079484,0.2764739845350431,0.6021157227132847,0.0,0.577767636888758,0.27894262852650975,0.8463174693201957
oracle,brake,linear (OOF by scene),True,0.2,0.2109306566609086,675.0,0,3376,0.030843584671753667,0.38249893414431635,0.08415664644325864,-0.0675927921738607,0.2560331156219103,0.165,0.2141079603240682,-0.055236528894767406,0.4532663740473128
oracle,brake,linear (OOF by scene) [escalate only pred>0],True,0.2,0.2109306566609086,675.0,0,3376,0.030843584671753667,0.38249893414431635,0.08415664644325864,-0.0675927921738607,0.2560331156219103,0.165,0.2141079603240682,-0.055236528894767406,0.4532663740473128
oracle,brake,gbm (OOF by scene),True,0.2,0.3093987643130689,675.0,0,3376,0.13127072936511677,0.464322442862506,0.19077054049005557,0.0074314014685589146,0.3599747706324327,0.0225,0.3207218543708652,0.015103782550553866,0.603817513248704
oracle,brake,gbm (OOF by scene) [escalate only pred>0],True,0.2,0.3093987643130689,675.0,0,3376,0.13127072936511677,0.464322442862506,0.19077054049005557,0.0074314014685589146,0.3599747706324327,0.0225,0.3207218543708652,0.015103782550553866,0.603817513248704
oracle,brake,random,True,0.3,0.17458538677274818,1013.0,0,3376,,,,,,,,,
oracle,brake,unc_sum (eta-table uncertainty),True,0.3,0.030954507089980255,1013.0,0,3376,-0.22574112009738592,0.25272887672065475,-0.1377973891222309,-0.3390736114391366,0.06586149099243688,0.9025,,,
oracle,brake,feat_ent_mean (gate uncertainty),True,0.3,0.16296462552236599,1013.0,0,3376,-0.005089101285206134,0.3246309000193537,-0.020541857525633,-0.15830682703257737,0.14341980518226022,0.635,0.11725553159659792,-0.11536116870065341,0.36071822761116146
oracle,brake,crit_sum (GT geometry),False,0.3,0.1630483665782227,1013.0,0,3376,-0.09105502370336559,0.4458020159102229,0.008379122659184744,-0.20796401881909074,0.23388613389946464,0.455,0.14617651178141566,-0.0657954430819649,0.3938238288570139
oracle,brake,dE_E6_risk_weighted (needs FULL),False,0.3,0.5717441770057836,1013.0,0,3376,0.3156109883977892,0.7465419103217127,0.40108984019223576,0.2073885804659732,0.5438471331881856,0.0,0.5388872293144666,0.2382397792067105,0.8050393860136031
oracle,brake,linear (OOF by scene),True,0.3,0.31970725867133726,1013.0,0,3376,0.09245392748482523,0.48993081779355113,0.1262752018182759,-0.06456304571782123,0.31116641281720436,0.0925,0.2640725909405068,-0.04785497372136282,0.5696799444102565
oracle,brake,linear (OOF by scene) [escalate only pred>0],True,0.3,0.31970725867133726,1013.0,0,3376,0.09245392748482523,0.48993081779355113,0.1262752018182759,-0.06456304571782123,0.31116641281720436,0.0925,0.2640725909405068,-0.04785497372136282,0.5696799444102565
oracle,brake,gbm (OOF by scene),True,0.3,0.4644897480547817,1013.0,0,3376,0.2855412102616996,0.6020513847201961,0.2772122996079067,0.12036714274102712,0.45874304515111297,0.0,0.41500968873013766,0.16354385542169284,0.7080022109736321
oracle,brake,gbm (OOF by scene) [escalate only pred>0],True,0.3,0.4644897480547817,1013.0,0,3376,0.2855412102616996,0.6020513847201961,0.2772122996079067,0.12036714274102712,0.45874304515111297,0.0,0.41500968873013766,0.16354385542169284,0.7080022109736321
oracle,plan,random,True,0.1,0.0331502386039531,266.0,0,2655,,,,,,,,,
oracle,plan,unc_sum (eta-table uncertainty),True,0.1,0.04853490095249635,266.0,0,2655,-0.026822805417176833,0.1471501499295348,0.02702666772814152,-0.05394088177915395,0.12335602556435359,0.29,,,
oracle,plan,feat_ent_mean (gate uncertainty),True,0.1,0.10595772882229053,266.0,0,2655,0.012336440285181934,0.20655164690617372,0.08284960462371721,-0.006634502185941112,0.17571559381813262,0.0425,0.0558229368955757,-0.08088212772128937,0.18452061571397732
oracle,plan,crit_sum (GT geometry),False,0.1,-0.02332287949386222,266.0,0,2655,-0.24866885028698862,0.13772076605432274,-0.0557986936266625,-0.24872281732644438,0.09344294570067059,0.735,-0.08282536135480402,-0.307542923728624,0.08823990575378113
oracle,plan,dE_E6_risk_weighted (needs FULL),False,0.1,0.09045117524072273,266.0,0,2655,-0.18730422947594796,0.29618822437657355,0.05794702242443488,-0.18980704864939432,0.26295038088726896,0.275,0.03092035469629336,-0.24018480658237853,0.2591628718951919
oracle,plan,linear (OOF by scene),True,0.1,0.13902693606729782,266.0,0,2655,0.0038544329982706472,0.2343653623215196,0.09071748852702287,-0.01844192675052579,0.19737448883093273,0.0575,0.06369082079888135,-0.09202595081355715,0.20495903846931632
oracle,plan,linear (OOF by scene) [escalate only pred>0],True,0.1,0.13902693606729782,266.0,0,2655,0.0038544329982706472,0.2343653623215196,0.09071748852702287,-0.01844192675052579,0.19737448883093273,0.0575,0.06369082079888135,-0.09202595081355715,0.20495903846931632
oracle,plan,gbm (OOF by scene),True,0.1,0.08033699300987084,266.0,0,2655,-0.05999253527781081,0.17417932955006607,0.025033597203211615,-0.08607154095970679,0.12991409735375253,0.32,-0.001993070524929905,-0.13605082059925888,0.12693903648931687
oracle,plan,gbm (OOF by scene) [escalate only pred>0],True,0.1,0.08033699300987084,266.0,0,2655,-0.05999253527781081,0.17417932955006607,0.025033597203211615,-0.08607154095970679,0.12991409735375253,0.32,-0.001993070524929905,-0.13605082059925888,0.12693903648931687
oracle,plan,random,True,0.2,0.05948552899575284,531.0,0,2655,,,,,,,,,
oracle,plan,unc_sum (eta-table uncertainty),True,0.2,0.13381028040316192,531.0,0,2655,0.022472235095648097,0.24002444350341642,0.07561048388207656,-0.03197856755040772,0.18374348559979642,0.0825,,,
oracle,plan,feat_ent_mean (gate uncertainty),True,0.2,0.12525973287766623,531.0,0,2655,0.033212031979365564,0.23302785153369665,0.07666519284234376,-0.009442406773044504,0.1682825046054061,0.05,0.0010547089602672003,-0.17062535466648934,0.1444635323460547
oracle,plan,crit_sum (GT geometry),False,0.2,0.015507804761078992,531.0,0,2655,-0.2292521820441498,0.165631525115074,-0.05670375266153214,-0.23719226629939483,0.08591775614155235,0.735,-0.13231423654360872,-0.3426607922689487,0.039761692626538774
oracle,plan,dE_E6_risk_weighted (needs FULL),False,0.2,0.18259806701431713,531.0,0,2655,-0.14136846963637398,0.3647922358746779,0.0884449793518814,-0.1466006389628791,0.28412910091198496,0.195,0.012834495469804854,-0.24449100955290046,0.23966219224997976
oracle,plan,linear (OOF by scene),True,0.2,0.11792033283675032,531.0,0,2655,-0.05305788655003303,0.2455427970305019,0.052062041565965805,-0.07341959610005212,0.1600116457654897,0.2025,-0.023548442316110762,-0.22011529680819814,0.1285407000214002
oracle,plan,linear (OOF by scene) [escalate only pred>0],True,0.2,0.11792033283675032,531.0,0,2655,-0.05305788655003303,0.2455427970305019,0.052062041565965805,-0.07341959610005212,0.1600116457654897,0.2025,-0.023548442316110762,-0.22011529680819814,0.1285407000214002
oracle,plan,gbm (OOF by scene),True,0.2,0.07888936798311619,531.0,0,2655,-0.0629427886981273,0.20718655862317167,0.024217910241139506,-0.08517028079067929,0.13458702657831284,0.3325,-0.05139257364093705,-0.21126046872502507,0.09704904435461084
oracle,plan,gbm (OOF by scene) [escalate only pred>0],True,0.2,0.07888936798311619,531.0,0,2655,-0.0629427886981273,0.20718655862317167,0.024217910241139506,-0.08517028079067929,0.13458702657831284,0.3325,-0.05139257364093705,-0.21126046872502507,0.09704904435461084
oracle,plan,random,True,0.3,0.08887990418798777,796.0,0,2655,,,,,,,,,
oracle,plan,unc_sum (eta-table uncertainty),True,0.3,0.1286186888916943,796.0,0,2655,-0.018339535633655403,0.2608286191447102,0.03866938448905364,-0.07893219975095592,0.17420756618793262,0.265,,,
oracle,plan,feat_ent_mean (gate uncertainty),True,0.3,0.16763763028967277,796.0,0,2655,0.04053749287315866,0.28819007365150306,0.07706251192238481,-0.027278823300715644,0.18654198067708325,0.0675,0.03839312743333116,-0.11007419844589393,0.18412291016895016
oracle,plan,crit_sum (GT geometry),False,0.3,0.06502318411150756,796.0,0,2655,-0.2064213156880727,0.22799242575370057,-0.0375460699586063,-0.23189215904161373,0.11714436920103696,0.64,-0.07621545444765994,-0.3083158840280886,0.10399057221469798
oracle,plan,dE_E6_risk_weighted (needs FULL),False,0.3,0.19591854006218432,796.0,0,2655,-0.05776301239996504,0.3930202124274476,0.10366044194889178,-0.08983584208337327,0.26100362648506803,0.12,0.06499105745983813,-0.15679098507224928,0.2511434245857169
oracle,plan,linear (OOF by scene),True,0.3,0.1509508013680846,796.0,0,2655,-0.058508430908695966,0.31283781191700555,0.06644379630837313,-0.07604919834230175,0.2004127171814945,0.15,0.0277744118193195,-0.13217879847336325,0.18456044419094578
oracle,plan,linear (OOF by scene) [escalate only pred>0],True,0.3,0.1509508013680846,796.0,0,2655,-0.058508430908695966,0.31283781191700555,0.06644379630837313,-0.07604919834230175,0.2004127171814945,0.15,0.0277744118193195,-0.13217879847336325,0.18456044419094578
oracle,plan,gbm (OOF by scene),True,0.3,0.1249189653874292,796.0,0,2655,-0.043482352274268804,0.27642839917557244,0.03133556566536778,-0.10448540911837392,0.1705187079842517,0.3275,-0.007333818823685856,-0.17994958262864527,0.15797516801260847
oracle,plan,gbm (OOF by scene) [escalate only pred>0],True,0.3,0.1249189653874292,796.0,0,2655,-0.043482352274268804,0.27642839917557244,0.03133556566536778,-0.10448540911837392,0.1705187079842517,0.3275,-0.007333818823685856,-0.17994958262864527,0.15797516801260847
mono,brake,random,True,0.1,0.05936745446991112,338.0,0,3376,,,,,,,,,
mono,brake,unc_sum (eta-table uncertainty),True,0.1,0.1750358811701873,338.0,0,3376,0.014953260874632019,0.3856703767307596,0.10283894501688633,-0.046974251386963845,0.32928754758126233,0.1575,,,
mono,brake,feat_ent_mean (gate uncertainty),True,0.1,0.10363612617008464,338.0,0,3376,0.042128017213901005,0.19981676483782881,0.05150318743066133,-0.012607729621429826,0.13536150616821055,0.08,-0.051335757586224995,-0.31767970461507417,0.14911792310692876
mono,brake,crit_sum (GT geometry),False,0.1,0.0772385858982263,338.0,0,3376,0.0070010076997509075,0.16447675918581073,0.020443279531040557,-0.0501883756833237,0.10794534382682208,0.32,-0.08239566548584577,-0.3495276606070807,0.1144415059225553
mono,brake,dE_E6_risk_weighted (needs FULL),False,0.1,0.15824876986212294,338.0,0,3376,0.03891143966283382,0.31195297867214866,0.11144875461642435,-0.010252628089392202,0.24417196729596205,0.04,0.008609809599538018,-0.30645519268308363,0.2577878197369219
mono,brake,linear (OOF by scene),True,0.1,0.3464674649751746,338.0,0,3376,0.23244977582648912,0.5206260793742227,0.2931780745084414,0.16798341143092724,0.4745952210052398,0.0,0.1903391294915551,-0.10548428443692022,0.4631919790354364
mono,brake,linear (OOF by scene) [escalate only pred>0],True,0.1,0.3464674649751746,338.0,0,3376,0.23244977582648912,0.5206260793742227,0.2931780745084414,0.16798341143092724,0.4745952210052398,0.0,0.1903391294915551,-0.10548428443692022,0.4631919790354364
mono,brake,gbm (OOF by scene),True,0.1,0.3657146932349064,338.0,0,3376,0.25742173918995115,0.530285204997835,0.30802725617845733,0.19483849583441118,0.47611747552663014,0.0,0.205188311161571,-0.07519881154891912,0.46547987340411656
mono,brake,gbm (OOF by scene) [escalate only pred>0],True,0.1,0.3657146932349064,338.0,0,3376,0.25742173918995115,0.530285204997835,0.30802725617845733,0.19483849583441118,0.47611747552663014,0.0,0.205188311161571,-0.07519881154891912,0.46547987340411656
mono,brake,random,True,0.2,0.11855926558340238,675.0,0,3376,,,,,,,,,
mono,brake,unc_sum (eta-table uncertainty),True,0.2,0.24698358188073744,675.0,0,3376,0.08507949869244284,0.3818223856315428,0.12026660933169127,-0.0400582578342064,0.2709437571032106,0.0775,,,
mono,brake,feat_ent_mean (gate uncertainty),True,0.2,0.14353491616652203,675.0,0,3376,0.07441538054990965,0.27838977460811926,0.04622032089669514,-0.042733197572948335,0.17827833920927075,0.1875,-0.07404628843499612,-0.2762540856902889,0.13596054711503083
mono,brake,crit_sum (GT geometry),False,0.2,0.1764053073874749,675.0,0,3376,0.04657618895722901,0.32935400827260886,0.0691290936143552,-0.06548066025424584,0.20781369021888071,0.1675,-0.05113751571733607,-0.3090620823310302,0.18246671656156915
mono,brake,dE_E6_risk_weighted (needs FULL),False,0.2,0.22663684210831522,675.0,0,3376,0.07015156092071814,0.41581177319163515,0.11701717671319596,-0.03295140662191889,0.2902928320572162,0.0775,-0.0032494326184953006,-0.2904528595829339,0.29305065915751066
mono,brake,linear (OOF by scene),True,0.2,0.36879119244316444,675.0,0,3376,0.23944067139278313,0.5442469338962264,0.260380558432158,0.11592142439779456,0.44157523252229597,0.0,0.14011394910046676,-0.08422202226896744,0.37362456583411857
mono,brake,linear (OOF by scene) [escalate only pred>0],True,0.2,0.36879119244316444,675.0,0,3376,0.23944067139278313,0.5442469338962264,0.260380558432158,0.11592142439779456,0.44157523252229597,0.0,0.14011394910046676,-0.08422202226896744,0.37362456583411857
mono,brake,gbm (OOF by scene),True,0.2,0.509521290525424,675.0,0,3376,0.30533858911912554,0.713536085160799,0.391845770272123,0.17386644275984017,0.6038769485118219,0.0,0.2715791609404316,0.1442484446980063,0.41173295842281593
mono,brake,gbm (OOF by scene) [escalate only pred>0],True,0.2,0.509521290525424,675.0,0,3376,0.30533858911912554,0.713536085160799,0.391845770272123,0.17386644275984017,0.6038769485118219,0.0,0.2715791609404316,0.1442484446980063,0.41173295842281593
mono,brake,random,True,0.3,0.1779267200533135,1013.0,0,3376,,,,,,,,,
mono,brake,unc_sum (eta-table uncertainty),True,0.3,0.28495700878656344,1013.0,0,3376,0.10009132215326798,0.4233942951264998,0.09940857541198593,-0.07796202510260346,0.2539375160573732,0.135,,,
mono,brake,feat_ent_mean (gate uncertainty),True,0.3,0.18579706974566532,1013.0,0,3376,0.05524107978244649,0.33040443290442933,0.013291105142133185,-0.11961722248706098,0.15955421327353006,0.455,-0.08611747026985274,-0.32358992073624215,0.15555241529782268
mono,brake,crit_sum (GT geometry),False,0.3,0.33744998126837994,1013.0,0,3376,0.1309249555445092,0.48617241326027477,0.14985151018275253,-0.02475525349406159,0.2961261973161083,0.055,0.050442934770766605,-0.12454121422902499,0.2044549221172335
mono,brake,dE_E6_risk_weighted (needs FULL),False,0.3,0.2227824542344097,1013.0,0,3376,0.06774779723627328,0.4278352311083588,0.06436693274627972,-0.10086455767748986,0.22462784728348478,0.25,-0.03504164266570622,-0.33797629972930243,0.2478620778232757
mono,brake,linear (OOF by scene),True,0.3,0.47557480863516904,1013.0,0,3376,0.2756119398501506,0.6272293642870651,0.2839714267420462,0.09311974400738594,0.4623753548941753,0.005,0.18456285133006023,0.07844522222864624,0.3013742679535656
mono,brake,linear (OOF by scene) [escalate only pred>0],True,0.3,0.47557480863516904,1013.0,0,3376,0.2756119398501506,0.6272293642870651,0.2839714267420462,0.09311974400738594,0.4623753548941753,0.005,0.18456285133006023,0.07844522222864624,0.3013742679535656
mono,brake,gbm (OOF by scene),True,0.3,0.5108347915091042,1013.0,0,3376,0.32482091096820986,0.683296729462172,0.3392279103335333,0.14913736821097712,0.5115838978703089,0.0,0.23981933492154733,0.10901219367706849,0.38764982198174014
mono,brake,gbm (OOF by scene) [escalate only pred>0],True,0.3,0.5108347915091042,1013.0,0,3376,0.32482091096820986,0.683296729462172,0.3392279103335333,0.14913736821097712,0.5115838978703089,0.0,0.23981933492154733,0.10901219367706849,0.38764982198174014
mono,plan,random,True,0.1,0.034443500484368464,266.0,0,2655,,,,,,,,,
mono,plan,unc_sum (eta-table uncertainty),True,0.1,0.006994452790083304,266.0,0,2655,-0.08424762535809667,0.11974431648507856,-0.013227810331288831,-0.1077680830128752,0.08192634554755018,0.6175,,,
mono,plan,feat_ent_mean (gate uncertainty),True,0.1,0.13944787222399002,266.0,0,2655,0.018407456213161904,0.297427818326863,0.11698092082165341,-0.006584839864845964,0.26374351570827753,0.03,0.13020873115294224,-0.029383902841231536,0.31300714969991367
mono,plan,crit_sum (GT geometry),False,0.1,-0.04059625069646497,266.0,0,2655,-0.18292373218013933,0.09409448607941803,-0.0651270622209859,-0.19570726602058183,0.058863114376186014,0.8275,-0.05189925188969706,-0.22721208118749286,0.06966420728373524
mono,plan,dE_E6_risk_weighted (needs FULL),False,0.1,0.10559477419143923,266.0,0,2655,-0.10578905395196232,0.2873697058113469,0.063496957699837,-0.11546257618524364,0.23405827538665738,0.245,0.07672476803112584,-0.15790474248761946,0.29237864670517394
mono,plan,linear (OOF by scene),True,0.1,0.09732447940853245,266.0,0,2655,-0.035394297104350915,0.18466321573334074,0.05495194092247759,-0.04475308853266488,0.14514189298162014,0.115,0.06817975125376644,-0.09081967165968362,0.1903770929627174
mono,plan,linear (OOF by scene) [escalate only pred>0],True,0.1,0.09732447940853245,266.0,0,2655,-0.035394297104350915,0.18466321573334074,0.05495194092247759,-0.04475308853266488,0.14514189298162014,0.115,0.06817975125376644,-0.09081967165968362,0.1903770929627174
mono,plan,gbm (OOF by scene),True,0.1,0.01137264807747686,266.0,0,2655,-0.047600761922132084,0.08342996566837944,-0.02032015860805305,-0.08016089891682988,0.0456346244557706,0.7325,-0.007092348276764221,-0.13856448185841824,0.11303384147946043
mono,plan,gbm (OOF by scene) [escalate only pred>0],True,0.1,0.01137264807747686,266.0,0,2655,-0.047600761922132084,0.08342996566837944,-0.02032015860805305,-0.08016089891682988,0.0456346244557706,0.7325,-0.007092348276764221,-0.13856448185841824,0.11303384147946043
mono,plan,random,True,0.2,0.05968680555075453,531.0,0,2655,,,,,,,,,
mono,plan,unc_sum (eta-table uncertainty),True,0.2,0.06681905993184012,531.0,0,2655,-0.039406065879962274,0.16882983579848534,0.005608182819585654,-0.09638830744728315,0.11098894256326247,0.4925,,,
mono,plan,feat_ent_mean (gate uncertainty),True,0.2,0.19038134418959834,531.0,0,2655,0.0637012599162647,0.3209809361846934,0.12862648703142446,0.012022119633515606,0.26251507477490366,0.0125,0.12301830421183879,-0.027083046437976176,0.29602569816248486
mono,plan,crit_sum (GT geometry),False,0.2,0.026294829691570803,531.0,0,2655,-0.11288970056188152,0.1641658827423552,-0.029474976563461857,-0.1538536824131015,0.09821357147123545,0.685,-0.035083159383047506,-0.19518122907195534,0.09839427628073939
mono,plan,dE_E6_risk_weighted (needs FULL),False,0.2,0.2265042244281229,531.0,0,2655,-0.03061252023386893,0.4102133331719287,0.1422520968737065,-0.04821582569149895,0.3272518033758419,0.0575,0.13664391405412082,-0.12879109625728627,0.3817276467116827
mono,plan,linear (OOF by scene),True,0.2,0.07717834689279249,531.0,0,2655,-0.035873581636497405,0.19440502023073206,0.02779320279224993,-0.06860059849789041,0.12641714834848616,0.2825,0.02218501997266427,-0.12465121263186006,0.15897939666464378
mono,plan,linear (OOF by scene) [escalate only pred>0],True,0.2,0.07717834689279249,531.0,0,2655,-0.035873581636497405,0.19440502023073206,0.02779320279224993,-0.06860059849789041,0.12641714834848616,0.2825,0.02218501997266427,-0.12465121263186006,0.15897939666464378
mono,plan,gbm (OOF by scene),True,0.2,0.06314856061189011,531.0,0,2655,-0.03676618093984356,0.12705402057234375,-0.004746130712010511,-0.0680562559543984,0.06822747993245186,0.555,-0.010354313531596167,-0.14785340042073272,0.11403193473083967
mono,plan,gbm (OOF by scene) [escalate only pred>0],True,0.2,0.06314856061189011,531.0,0,2655,-0.03676618093984356,0.12705402057234375,-0.004746130712010511,-0.0680562559543984,0.06822747993245186,0.555,-0.010354313531596167,-0.14785340042073272,0.11403193473083967
mono,plan,random,True,0.3,0.08593903007319276,796.0,0,2655,,,,,,,,,
mono,plan,unc_sum (eta-table uncertainty),True,0.3,0.07294686799300579,796.0,0,2655,-0.06764335736163751,0.18551630085065238,-0.022794228495061603,-0.13603616687879186,0.1045036636494951,0.625,,,
mono,plan,feat_ent_mean (gate uncertainty),True,0.3,0.1949440253050489,796.0,0,2655,0.05987962227698496,0.33389857595029065,0.11140605207162857,0.0019327283275210026,0.23432607381426188,0.025,0.13420028056669014,-0.04565086475001099,0.32098793171016576
mono,plan,crit_sum (GT geometry),False,0.3,0.09276937106110408,796.0,0,2655,-0.08175580303648819,0.24322082692818753,0.007721746655249906,-0.1336260564297552,0.14350693990514357,0.45,0.03051597515031151,-0.12979513816866328,0.1868756282395676
mono,plan,dE_E6_risk_weighted (needs FULL),False,0.3,0.20347255184815946,796.0,0,2655,-0.03282372524493802,0.4246014354967181,0.11458298871175321,-0.057554317324612685,0.28184091317930154,0.0975,0.1373772172068148,-0.13331664443984292,0.3987914342506794
mono,plan,linear (OOF by scene),True,0.3,0.10851417960638869,796.0,0,2655,-0.047244187784601537,0.2500651476049569,0.03189327012426167,-0.07286117526211386,0.14745816802921774,0.28,0.054687498619323274,-0.12888466765190537,0.2254556411219835
mono,plan,linear (OOF by scene) [escalate only pred>0],True,0.3,0.10851417960638869,796.0,0,2655,-0.047244187784601537,0.2500651476049569,0.03189327012426167,-0.07286117526211386,0.14745816802921774,0.28,0.054687498619323274,-0.12888466765190537,0.2254556411219835
mono,plan,gbm (OOF by scene),True,0.3,0.05763346786044161,796.0,0,2655,-0.0228416568921726,0.13951308879061902,-0.01725830528754862,-0.08390370774252855,0.056307425538694035,0.7025,0.0055359232075129884,-0.12676684618412754,0.13488487046779968
mono,plan,gbm (OOF by scene) [escalate only pred>0],True,0.3,0.05763346786044161,796.0,0,2655,-0.0228416568921726,0.13951308879061902,-0.01725830528754862,-0.08390370774252855,0.056307425538694035,0.7025,0.0055359232075129884,-0.12676684618412754,0.13488487046779968
