status,track,geometry,system,target,signal,seed,shipped_seed,quota,plan,ndg,minus_random,minus_random_lo,minus_random_hi,win,loss,row_type,ndg_min,ndg_median,ndg_max,wins,seeds,shipped_win,flag_shipped_win_not_robust
post-hoc (decided after Task 24's test results were seen),KITTI,mono,brake,J,R1_mlp_reg,0.0,True,0.2,routers_r1,0.16542767085224294,0.09370369336958402,-0.0009495388348168265,0.2260680258681821,False,False,seed,,,,,,,
post-hoc (decided after Task 24's test results were seen),KITTI,mono,brake,J,R1_mlp_reg,1.0,False,0.2,routers_r1,0.191787395807655,0.08724223102404434,-0.009982943474301766,0.2179957299889838,False,False,seed,,,,,,,
post-hoc (decided after Task 24's test results were seen),KITTI,mono,brake,J,R1_mlp_reg,2.0,False,0.2,routers_r1,0.1721220906869681,0.0902422285638721,-0.002922395320754778,0.2169922652292863,False,False,seed,,,,,,,
post-hoc (decided after Task 24's test results were seen),KITTI,mono,brake,J,R1_mlp_reg,3.0,False,0.2,routers_r1,0.17631270093337845,0.10463811990976868,0.004604300876743914,0.22369116558953583,True,False,seed,,,,,,,
post-hoc (decided after Task 24's test results were seen),KITTI,mono,brake,J,R1_mlp_reg,4.0,False,0.2,routers_r1,0.14951987949628642,0.06781687243424919,-0.033131091667856535,0.18810969493125568,False,False,seed,,,,,,,
post-hoc (decided after Task 24's test results were seen),KITTI,mono,brake,J,R1_mlp_reg,5.0,False,0.2,routers_r1,0.16231699655879175,0.08447524016550027,-0.015750723531477828,0.22471601829476145,False,False,seed,,,,,,,
post-hoc (decided after Task 24's test results were seen),KITTI,mono,brake,J,R1_mlp_clf,0.0,True,0.2,routers_r1,0.18492768886511202,0.08246493720213832,-0.05973233194941525,0.20760378839275057,False,False,seed,,,,,,,
post-hoc (decided after Task 24's test results were seen),KITTI,mono,brake,J,R1_mlp_clf,1.0,False,0.2,routers_r1,0.15126645382423223,0.060027701777127254,-0.08744807618300629,0.20406769001711733,False,False,seed,,,,,,,
post-hoc (decided after Task 24's test results were seen),KITTI,mono,brake,J,R1_mlp_clf,2.0,False,0.2,routers_r1,0.1751417760746219,0.08654505683474786,-0.03025871302333907,0.19136532051446592,False,False,seed,,,,,,,
post-hoc (decided after Task 24's test results were seen),KITTI,mono,brake,J,R1_mlp_clf,3.0,False,0.2,routers_r1,0.15694130718083132,0.06618824686798286,-0.015782151856687895,0.15644711023530544,False,False,seed,,,,,,,
post-hoc (decided after Task 24's test results were seen),KITTI,mono,brake,J,R1_mlp_clf,4.0,False,0.2,routers_r1,0.15988815619571642,0.06542317064271547,-0.05096471393169095,0.1837486115880217,False,False,seed,,,,,,,
post-hoc (decided after Task 24's test results were seen),KITTI,mono,brake,J,R1_mlp_clf,5.0,False,0.2,routers_r1,0.16361654923102512,0.0706356187681116,-0.05135662708583471,0.18880983216665137,False,False,seed,,,,,,,
post-hoc (decided after Task 24's test results were seen),KITTI,mono,brake,J,R1_gbm_reg,0.0,True,0.2,routers_r1,0.20385533929693472,0.11842222323195356,0.003016993986981248,0.29252857318762227,True,False,seed,,,,,,,
post-hoc (decided after Task 24's test results were seen),KITTI,mono,brake,J,R1_gbm_reg,1.0,False,0.2,routers_r1,0.20385533929693472,0.11842222323195356,0.003016993986981248,0.29252857318762227,True,False,seed,,,,,,,
post-hoc (decided after Task 24's test results were seen),KITTI,mono,brake,J,R1_gbm_reg,2.0,False,0.2,routers_r1,0.20385533929693472,0.11842222323195356,0.003016993986981248,0.29252857318762227,True,False,seed,,,,,,,
post-hoc (decided after Task 24's test results were seen),KITTI,mono,brake,J,R1_gbm_reg,3.0,False,0.2,routers_r1,0.20385533929693472,0.11842222323195356,0.003016993986981248,0.29252857318762227,True,False,seed,,,,,,,
post-hoc (decided after Task 24's test results were seen),KITTI,mono,brake,J,R1_gbm_reg,4.0,False,0.2,routers_r1,0.20385533929693472,0.11842222323195356,0.003016993986981248,0.29252857318762227,True,False,seed,,,,,,,
post-hoc (decided after Task 24's test results were seen),KITTI,mono,brake,J,R1_gbm_reg,5.0,False,0.2,routers_r1,0.20385533929693472,0.11842222323195356,0.003016993986981248,0.29252857318762227,True,False,seed,,,,,,,
post-hoc (decided after Task 24's test results were seen),KITTI,mono,brake,J,R1_gbm_clf,0.0,True,0.2,routers_r1,0.1965353305288963,0.11999909806697288,0.022007924765745843,0.25965101194587453,True,False,seed,,,,,,,
post-hoc (decided after Task 24's test results were seen),KITTI,mono,brake,J,R1_gbm_clf,1.0,False,0.2,routers_r1,0.1965353305288963,0.11999909806697288,0.022007924765745843,0.25965101194587453,True,False,seed,,,,,,,
post-hoc (decided after Task 24's test results were seen),KITTI,mono,brake,J,R1_gbm_clf,2.0,False,0.2,routers_r1,0.1965353305288963,0.11999909806697288,0.022007924765745843,0.25965101194587453,True,False,seed,,,,,,,
post-hoc (decided after Task 24's test results were seen),KITTI,mono,brake,J,R1_gbm_clf,3.0,False,0.2,routers_r1,0.1965353305288963,0.11999909806697288,0.022007924765745843,0.25965101194587453,True,False,seed,,,,,,,
post-hoc (decided after Task 24's test results were seen),KITTI,mono,brake,J,R1_gbm_clf,4.0,False,0.2,routers_r1,0.1965353305288963,0.11999909806697288,0.022007924765745843,0.25965101194587453,True,False,seed,,,,,,,
post-hoc (decided after Task 24's test results were seen),KITTI,mono,brake,J,R1_gbm_clf,5.0,False,0.2,routers_r1,0.1965353305288963,0.11999909806697288,0.022007924765745843,0.25965101194587453,True,False,seed,,,,,,,
post-hoc (decided after Task 24's test results were seen),KITTI,mono,brake,J,gate_gbm,0.0,True,0.2,benchmark_table,0.1535625241235419,0.07580049786502438,-0.06929830172109187,0.2164586489898754,False,False,seed,,,,,,,
post-hoc (decided after Task 24's test results were seen),KITTI,mono,brake,J,gate_gbm,1.0,False,0.2,benchmark_table,0.1535625241235419,0.07580049786502438,-0.06929830172109187,0.2164586489898754,False,False,seed,,,,,,,
post-hoc (decided after Task 24's test results were seen),KITTI,mono,brake,J,gate_gbm,2.0,False,0.2,benchmark_table,0.1535625241235419,0.07580049786502438,-0.06929830172109187,0.2164586489898754,False,False,seed,,,,,,,
post-hoc (decided after Task 24's test results were seen),KITTI,mono,brake,J,gate_gbm,3.0,False,0.2,benchmark_table,0.1535625241235419,0.07580049786502438,-0.06929830172109187,0.2164586489898754,False,False,seed,,,,,,,
post-hoc (decided after Task 24's test results were seen),KITTI,mono,brake,J,gate_gbm,4.0,False,0.2,benchmark_table,0.1535625241235419,0.07580049786502438,-0.06929830172109187,0.2164586489898754,False,False,seed,,,,,,,
post-hoc (decided after Task 24's test results were seen),KITTI,mono,brake,J,gate_gbm,5.0,False,0.2,benchmark_table,0.1535625241235419,0.07580049786502438,-0.06929830172109187,0.2164586489898754,False,False,seed,,,,,,,
post-hoc (decided after Task 24's test results were seen),KITTI,mono,traj,JB,R1_mlp_reg,0.0,True,0.2,routers_r1,0.10871922849158093,0.1287629515359645,-0.324845243172311,0.5217918464990329,False,False,seed,,,,,,,
post-hoc (decided after Task 24's test results were seen),KITTI,mono,traj,JB,R1_mlp_reg,1.0,False,0.2,routers_r1,0.12446778785613535,0.15209236287580982,-0.1807210547014502,0.6749363514294467,False,False,seed,,,,,,,
post-hoc (decided after Task 24's test results were seen),KITTI,mono,traj,JB,R1_mlp_reg,2.0,False,0.2,routers_r1,0.16351883085128882,0.14887874493725672,-0.15553296194541433,0.5574254721468583,False,False,seed,,,,,,,
post-hoc (decided after Task 24's test results were seen),KITTI,mono,traj,JB,R1_mlp_reg,3.0,False,0.2,routers_r1,0.1023572420074766,0.1489314302838323,-0.15444816143244458,0.46736490137318226,False,False,seed,,,,,,,
post-hoc (decided after Task 24's test results were seen),KITTI,mono,traj,JB,R1_mlp_reg,4.0,False,0.2,routers_r1,0.2355684386872263,0.2486103129874435,-0.14927877943760887,0.6212160797120956,False,False,seed,,,,,,,
post-hoc (decided after Task 24's test results were seen),KITTI,mono,traj,JB,R1_mlp_reg,5.0,False,0.2,routers_r1,0.04106557132687362,0.09421709781500054,-0.32382787295465676,0.5074560201031192,False,False,seed,,,,,,,
post-hoc (decided after Task 24's test results were seen),KITTI,mono,traj,JB,R1_mlp_clf,0.0,True,0.2,routers_r1,0.19359386440248336,0.16236032510132314,-0.26305054037223496,0.5672890090654394,False,False,seed,,,,,,,
post-hoc (decided after Task 24's test results were seen),KITTI,mono,traj,JB,R1_mlp_clf,1.0,False,0.2,routers_r1,-0.07322757055457911,-0.030246542519846965,-0.3216230918421734,0.21877283990003993,False,False,seed,,,,,,,
post-hoc (decided after Task 24's test results were seen),KITTI,mono,traj,JB,R1_mlp_clf,2.0,False,0.2,routers_r1,0.1260565830056254,0.09846631095336064,-0.31049440430811315,0.5573920053350927,False,False,seed,,,,,,,
post-hoc (decided after Task 24's test results were seen),KITTI,mono,traj,JB,R1_mlp_clf,3.0,False,0.2,routers_r1,0.060755108204437976,0.03318173107794936,-0.22641802108241926,0.4221228781425743,False,False,seed,,,,,,,
post-hoc (decided after Task 24's test results were seen),KITTI,mono,traj,JB,R1_mlp_clf,4.0,False,0.2,routers_r1,0.12142534045328934,0.09457720879320339,-0.3201527204574473,0.555172771736767,False,False,seed,,,,,,,
post-hoc (decided after Task 24's test results were seen),KITTI,mono,traj,JB,R1_mlp_clf,5.0,False,0.2,routers_r1,-0.18632671649386287,-0.03778722718481173,-0.18929268575019015,0.2088609460511042,False,False,seed,,,,,,,
post-hoc (decided after Task 24's test results were seen),KITTI,mono,traj,JB,R1_gbm_reg,0.0,True,0.2,routers_r1,0.12620066648982387,0.1379788017481502,-0.16910312933950142,0.5558486298278281,False,False,seed,,,,,,,
post-hoc (decided after Task 24's test results were seen),KITTI,mono,traj,JB,R1_gbm_reg,1.0,False,0.2,routers_r1,0.12620066648982387,0.1379788017481502,-0.16910312933950142,0.5558486298278281,False,False,seed,,,,,,,
post-hoc (decided after Task 24's test results were seen),KITTI,mono,traj,JB,R1_gbm_reg,2.0,False,0.2,routers_r1,0.12620066648982387,0.1379788017481502,-0.16910312933950142,0.5558486298278281,False,False,seed,,,,,,,
post-hoc (decided after Task 24's test results were seen),KITTI,mono,traj,JB,R1_gbm_reg,3.0,False,0.2,routers_r1,0.12620066648982387,0.1379788017481502,-0.16910312933950142,0.5558486298278281,False,False,seed,,,,,,,
post-hoc (decided after Task 24's test results were seen),KITTI,mono,traj,JB,R1_gbm_reg,4.0,False,0.2,routers_r1,0.12620066648982387,0.1379788017481502,-0.16910312933950142,0.5558486298278281,False,False,seed,,,,,,,
post-hoc (decided after Task 24's test results were seen),KITTI,mono,traj,JB,R1_gbm_reg,5.0,False,0.2,routers_r1,0.12620066648982387,0.1379788017481502,-0.16910312933950142,0.5558486298278281,False,False,seed,,,,,,,
post-hoc (decided after Task 24's test results were seen),KITTI,mono,traj,JB,R1_gbm_clf,0.0,True,0.2,routers_r1,-0.19215635340119866,-0.1458572592780306,-0.5410898394120203,0.052642101602245805,False,False,seed,,,,,,,
post-hoc (decided after Task 24's test results were seen),KITTI,mono,traj,JB,R1_gbm_clf,1.0,False,0.2,routers_r1,-0.19215635340119866,-0.1458572592780306,-0.5410898394120203,0.052642101602245805,False,False,seed,,,,,,,
post-hoc (decided after Task 24's test results were seen),KITTI,mono,traj,JB,R1_gbm_clf,2.0,False,0.2,routers_r1,-0.19215635340119866,-0.1458572592780306,-0.5410898394120203,0.052642101602245805,False,False,seed,,,,,,,
post-hoc (decided after Task 24's test results were seen),KITTI,mono,traj,JB,R1_gbm_clf,3.0,False,0.2,routers_r1,-0.19215635340119866,-0.1458572592780306,-0.5410898394120203,0.052642101602245805,False,False,seed,,,,,,,
post-hoc (decided after Task 24's test results were seen),KITTI,mono,traj,JB,R1_gbm_clf,4.0,False,0.2,routers_r1,-0.19215635340119866,-0.1458572592780306,-0.5410898394120203,0.052642101602245805,False,False,seed,,,,,,,
post-hoc (decided after Task 24's test results were seen),KITTI,mono,traj,JB,R1_gbm_clf,5.0,False,0.2,routers_r1,-0.19215635340119866,-0.1458572592780306,-0.5410898394120203,0.052642101602245805,False,False,seed,,,,,,,
post-hoc (decided after Task 24's test results were seen),KITTI,mono,traj,JB,gate_gbm,0.0,True,0.2,benchmark_table,0.06181501651927516,0.09707789930405405,-0.17618697536510453,0.48644279613088515,False,False,seed,,,,,,,
post-hoc (decided after Task 24's test results were seen),KITTI,mono,traj,JB,gate_gbm,1.0,False,0.2,benchmark_table,0.06181501651927516,0.09707789930405405,-0.17618697536510453,0.48644279613088515,False,False,seed,,,,,,,
post-hoc (decided after Task 24's test results were seen),KITTI,mono,traj,JB,gate_gbm,2.0,False,0.2,benchmark_table,0.06181501651927516,0.09707789930405405,-0.17618697536510453,0.48644279613088515,False,False,seed,,,,,,,
post-hoc (decided after Task 24's test results were seen),KITTI,mono,traj,JB,gate_gbm,3.0,False,0.2,benchmark_table,0.06181501651927516,0.09707789930405405,-0.17618697536510453,0.48644279613088515,False,False,seed,,,,,,,
post-hoc (decided after Task 24's test results were seen),KITTI,mono,traj,JB,gate_gbm,4.0,False,0.2,benchmark_table,0.06181501651927516,0.09707789930405405,-0.17618697536510453,0.48644279613088515,False,False,seed,,,,,,,
post-hoc (decided after Task 24's test results were seen),KITTI,mono,traj,JB,gate_gbm,5.0,False,0.2,benchmark_table,0.06181501651927516,0.09707789930405405,-0.17618697536510453,0.48644279613088515,False,False,seed,,,,,,,
post-hoc (decided after Task 24's test results were seen),KITTI,oracle,brake,J,R1_mlp_reg,0.0,True,0.2,routers_r1,0.26668289551175844,0.11728643548625192,-0.03654920896937363,0.24780892932151558,False,False,seed,,,,,,,
post-hoc (decided after Task 24's test results were seen),KITTI,oracle,brake,J,R1_mlp_reg,1.0,False,0.2,routers_r1,0.28425271625566506,0.14883523691859915,0.0004480636122700584,0.33101096552200854,True,False,seed,,,,,,,
post-hoc (decided after Task 24's test results were seen),KITTI,oracle,brake,J,R1_mlp_reg,2.0,False,0.2,routers_r1,0.2824065630284226,0.14979599171534902,-0.0014820157154210312,0.29498304951125165,False,False,seed,,,,,,,
post-hoc (decided after Task 24's test results were seen),KITTI,oracle,brake,J,R1_mlp_reg,3.0,False,0.2,routers_r1,0.21857343315552497,0.09626722036053083,-0.03742098002502653,0.3237862688883717,False,False,seed,,,,,,,
post-hoc (decided after Task 24's test results were seen),KITTI,oracle,brake,J,R1_mlp_reg,4.0,False,0.2,routers_r1,0.21694813102871294,0.0805562903262391,-0.030253945207550054,0.21022854387826254,False,False,seed,,,,,,,
post-hoc (decided after Task 24's test results were seen),KITTI,oracle,brake,J,R1_mlp_reg,5.0,False,0.2,routers_r1,0.2437914593901621,0.15308228652955896,0.0045176239313622765,0.3825327436582904,True,False,seed,,,,,,,
post-hoc (decided after Task 24's test results were seen),KITTI,oracle,brake,J,R1_mlp_clf,0.0,True,0.2,routers_r1,0.252936091160369,0.11978123094362486,0.016357853246001614,0.28943103589773717,True,False,seed,,,,,,,
post-hoc (decided after Task 24's test results were seen),KITTI,oracle,brake,J,R1_mlp_clf,1.0,False,0.2,routers_r1,0.29454052223725324,0.1523663008335477,0.03033532557174612,0.2978122827754039,True,False,seed,,,,,,,
post-hoc (decided after Task 24's test results were seen),KITTI,oracle,brake,J,R1_mlp_clf,2.0,False,0.2,routers_r1,0.2849344788874822,0.1503698788447239,0.021555008062045408,0.2753395124237096,True,False,seed,,,,,,,
post-hoc (decided after Task 24's test results were seen),KITTI,oracle,brake,J,R1_mlp_clf,3.0,False,0.2,routers_r1,0.26557466854204087,0.11813759250506123,-0.001230958331240249,0.2419364889186187,False,False,seed,,,,,,,
post-hoc (decided after Task 24's test results were seen),KITTI,oracle,brake,J,R1_mlp_clf,4.0,False,0.2,routers_r1,0.29038536546185806,0.1493411537778216,0.03185038129563153,0.2729522030595461,True,False,seed,,,,,,,
post-hoc (decided after Task 24's test results were seen),KITTI,oracle,brake,J,R1_mlp_clf,5.0,False,0.2,routers_r1,0.2910263212292741,0.14800790409465456,0.015385729307038246,0.3052708886458061,True,False,seed,,,,,,,
post-hoc (decided after Task 24's test results were seen),KITTI,oracle,brake,J,R1_gbm_reg,0.0,True,0.2,routers_r1,0.2952649023582704,0.15132492838798642,-0.009239162518450385,0.37264035523571215,False,False,seed,,,,,,,
post-hoc (decided after Task 24's test results were seen),KITTI,oracle,brake,J,R1_gbm_reg,1.0,False,0.2,routers_r1,0.2952649023582704,0.15132492838798642,-0.009239162518450385,0.37264035523571215,False,False,seed,,,,,,,
post-hoc (decided after Task 24's test results were seen),KITTI,oracle,brake,J,R1_gbm_reg,2.0,False,0.2,routers_r1,0.2952649023582704,0.15132492838798642,-0.009239162518450385,0.37264035523571215,False,False,seed,,,,,,,
post-hoc (decided after Task 24's test results were seen),KITTI,oracle,brake,J,R1_gbm_reg,3.0,False,0.2,routers_r1,0.2952649023582704,0.15132492838798642,-0.009239162518450385,0.37264035523571215,False,False,seed,,,,,,,
post-hoc (decided after Task 24's test results were seen),KITTI,oracle,brake,J,R1_gbm_reg,4.0,False,0.2,routers_r1,0.2952649023582704,0.15132492838798642,-0.009239162518450385,0.37264035523571215,False,False,seed,,,,,,,
post-hoc (decided after Task 24's test results were seen),KITTI,oracle,brake,J,R1_gbm_reg,5.0,False,0.2,routers_r1,0.2952649023582704,0.15132492838798642,-0.009239162518450385,0.37264035523571215,False,False,seed,,,,,,,
post-hoc (decided after Task 24's test results were seen),KITTI,oracle,brake,J,R1_gbm_clf,0.0,True,0.2,routers_r1,0.3240416248981891,0.2129865653189985,0.06220613667254745,0.40202829325302686,True,False,seed,,,,,,,
post-hoc (decided after Task 24's test results were seen),KITTI,oracle,brake,J,R1_gbm_clf,1.0,False,0.2,routers_r1,0.3240416248981891,0.2129865653189985,0.06220613667254745,0.40202829325302686,True,False,seed,,,,,,,
post-hoc (decided after Task 24's test results were seen),KITTI,oracle,brake,J,R1_gbm_clf,2.0,False,0.2,routers_r1,0.3240416248981891,0.2129865653189985,0.06220613667254745,0.40202829325302686,True,False,seed,,,,,,,
post-hoc (decided after Task 24's test results were seen),KITTI,oracle,brake,J,R1_gbm_clf,3.0,False,0.2,routers_r1,0.3240416248981891,0.2129865653189985,0.06220613667254745,0.40202829325302686,True,False,seed,,,,,,,
post-hoc (decided after Task 24's test results were seen),KITTI,oracle,brake,J,R1_gbm_clf,4.0,False,0.2,routers_r1,0.3240416248981891,0.2129865653189985,0.06220613667254745,0.40202829325302686,True,False,seed,,,,,,,
post-hoc (decided after Task 24's test results were seen),KITTI,oracle,brake,J,R1_gbm_clf,5.0,False,0.2,routers_r1,0.3240416248981891,0.2129865653189985,0.06220613667254745,0.40202829325302686,True,False,seed,,,,,,,
post-hoc (decided after Task 24's test results were seen),KITTI,oracle,brake,J,gate_gbm,0.0,True,0.2,benchmark_table,0.20651883242934632,0.11296777362079384,-0.059279175071528016,0.37010557823215107,False,False,seed,,,,,,,
post-hoc (decided after Task 24's test results were seen),KITTI,oracle,brake,J,gate_gbm,1.0,False,0.2,benchmark_table,0.20651883242934632,0.11296777362079384,-0.059279175071528016,0.37010557823215107,False,False,seed,,,,,,,
post-hoc (decided after Task 24's test results were seen),KITTI,oracle,brake,J,gate_gbm,2.0,False,0.2,benchmark_table,0.20651883242934632,0.11296777362079384,-0.059279175071528016,0.37010557823215107,False,False,seed,,,,,,,
post-hoc (decided after Task 24's test results were seen),KITTI,oracle,brake,J,gate_gbm,3.0,False,0.2,benchmark_table,0.20651883242934632,0.11296777362079384,-0.059279175071528016,0.37010557823215107,False,False,seed,,,,,,,
post-hoc (decided after Task 24's test results were seen),KITTI,oracle,brake,J,gate_gbm,4.0,False,0.2,benchmark_table,0.20651883242934632,0.11296777362079384,-0.059279175071528016,0.37010557823215107,False,False,seed,,,,,,,
post-hoc (decided after Task 24's test results were seen),KITTI,oracle,brake,J,gate_gbm,5.0,False,0.2,benchmark_table,0.20651883242934632,0.11296777362079384,-0.059279175071528016,0.37010557823215107,False,False,seed,,,,,,,
post-hoc (decided after Task 24's test results were seen),KITTI,oracle,traj,JB,R1_mlp_reg,0.0,True,0.2,routers_r1,0.40693569707550425,0.2216240380996778,-0.011253951798307127,0.5516286163207668,False,False,seed,,,,,,,
post-hoc (decided after Task 24's test results were seen),KITTI,oracle,traj,JB,R1_mlp_reg,1.0,False,0.2,routers_r1,0.459899770469033,0.23837514301271748,0.03289231331629622,0.7136000030845353,True,False,seed,,,,,,,
post-hoc (decided after Task 24's test results were seen),KITTI,oracle,traj,JB,R1_mlp_reg,2.0,False,0.2,routers_r1,0.34597311409981507,0.15941515306907938,0.011443228515579783,0.5292167826551271,True,False,seed,,,,,,,
post-hoc (decided after Task 24's test results were seen),KITTI,oracle,traj,JB,R1_mlp_reg,3.0,False,0.2,routers_r1,0.32144960808453554,0.16046885114133574,-0.006206253909050445,0.5419415085038767,False,False,seed,,,,,,,
post-hoc (decided after Task 24's test results were seen),KITTI,oracle,traj,JB,R1_mlp_reg,4.0,False,0.2,routers_r1,0.4244210600903602,0.23984428389831636,0.04183787830417748,0.6203255101127407,True,False,seed,,,,,,,
post-hoc (decided after Task 24's test results were seen),KITTI,oracle,traj,JB,R1_mlp_reg,5.0,False,0.2,routers_r1,0.35682141441931353,0.1471791138205084,-0.011722285978440015,0.47378167964523826,False,False,seed,,,,,,,
post-hoc (decided after Task 24's test results were seen),KITTI,oracle,traj,JB,R1_mlp_clf,0.0,True,0.2,routers_r1,0.41856356327646405,0.25909962952951066,0.08886821990297838,0.6068096822034657,True,False,seed,,,,,,,
post-hoc (decided after Task 24's test results were seen),KITTI,oracle,traj,JB,R1_mlp_clf,1.0,False,0.2,routers_r1,0.38865018203609897,0.21115334399082974,0.04133389990032099,0.6409703015916031,True,False,seed,,,,,,,
post-hoc (decided after Task 24's test results were seen),KITTI,oracle,traj,JB,R1_mlp_clf,2.0,False,0.2,routers_r1,0.3564159901037383,0.17626917278670765,0.010327170017645403,0.6364149633502357,True,False,seed,,,,,,,
post-hoc (decided after Task 24's test results were seen),KITTI,oracle,traj,JB,R1_mlp_clf,3.0,False,0.2,routers_r1,0.36291072241857464,0.1978277578702458,0.025521046351094392,0.636337517171805,True,False,seed,,,,,,,
post-hoc (decided after Task 24's test results were seen),KITTI,oracle,traj,JB,R1_mlp_clf,4.0,False,0.2,routers_r1,0.3996332122046533,0.23202793818997636,0.011560145011964063,0.6535132740773248,True,False,seed,,,,,,,
post-hoc (decided after Task 24's test results were seen),KITTI,oracle,traj,JB,R1_mlp_clf,5.0,False,0.2,routers_r1,0.3973409748607433,0.22072517774921938,0.051818435640644554,0.6349467546328293,True,False,seed,,,,,,,
post-hoc (decided after Task 24's test results were seen),KITTI,oracle,traj,JB,R1_gbm_reg,0.0,True,0.2,routers_r1,0.5011601531471864,0.33828297627211207,0.07820035058182118,0.7182219210447356,True,False,seed,,,,,,,
post-hoc (decided after Task 24's test results were seen),KITTI,oracle,traj,JB,R1_gbm_reg,1.0,False,0.2,routers_r1,0.5011601531471864,0.33828297627211207,0.07820035058182118,0.7182219210447356,True,False,seed,,,,,,,
post-hoc (decided after Task 24's test results were seen),KITTI,oracle,traj,JB,R1_gbm_reg,2.0,False,0.2,routers_r1,0.5011601531471864,0.33828297627211207,0.07820035058182118,0.7182219210447356,True,False,seed,,,,,,,
post-hoc (decided after Task 24's test results were seen),KITTI,oracle,traj,JB,R1_gbm_reg,3.0,False,0.2,routers_r1,0.5011601531471864,0.33828297627211207,0.07820035058182118,0.7182219210447356,True,False,seed,,,,,,,
post-hoc (decided after Task 24's test results were seen),KITTI,oracle,traj,JB,R1_gbm_reg,4.0,False,0.2,routers_r1,0.5011601531471864,0.33828297627211207,0.07820035058182118,0.7182219210447356,True,False,seed,,,,,,,
post-hoc (decided after Task 24's test results were seen),KITTI,oracle,traj,JB,R1_gbm_reg,5.0,False,0.2,routers_r1,0.5011601531471864,0.33828297627211207,0.07820035058182118,0.7182219210447356,True,False,seed,,,,,,,
post-hoc (decided after Task 24's test results were seen),KITTI,oracle,traj,JB,R1_gbm_clf,0.0,True,0.2,routers_r1,0.45340869264812345,0.3129908222066359,0.07078550931671639,0.7019475031984904,True,False,seed,,,,,,,
post-hoc (decided after Task 24's test results were seen),KITTI,oracle,traj,JB,R1_gbm_clf,1.0,False,0.2,routers_r1,0.45340869264812345,0.3129908222066359,0.07078550931671639,0.7019475031984904,True,False,seed,,,,,,,
post-hoc (decided after Task 24's test results were seen),KITTI,oracle,traj,JB,R1_gbm_clf,2.0,False,0.2,routers_r1,0.45340869264812345,0.3129908222066359,0.07078550931671639,0.7019475031984904,True,False,seed,,,,,,,
post-hoc (decided after Task 24's test results were seen),KITTI,oracle,traj,JB,R1_gbm_clf,3.0,False,0.2,routers_r1,0.45340869264812345,0.3129908222066359,0.07078550931671639,0.7019475031984904,True,False,seed,,,,,,,
post-hoc (decided after Task 24's test results were seen),KITTI,oracle,traj,JB,R1_gbm_clf,4.0,False,0.2,routers_r1,0.45340869264812345,0.3129908222066359,0.07078550931671639,0.7019475031984904,True,False,seed,,,,,,,
post-hoc (decided after Task 24's test results were seen),KITTI,oracle,traj,JB,R1_gbm_clf,5.0,False,0.2,routers_r1,0.45340869264812345,0.3129908222066359,0.07078550931671639,0.7019475031984904,True,False,seed,,,,,,,
post-hoc (decided after Task 24's test results were seen),KITTI,oracle,traj,JB,gate_gbm,0.0,True,0.2,benchmark_table,0.5720618447369914,0.4062419901076721,0.12192299201263646,0.7380794692955582,True,False,seed,,,,,,,
post-hoc (decided after Task 24's test results were seen),KITTI,oracle,traj,JB,gate_gbm,1.0,False,0.2,benchmark_table,0.5720618447369914,0.4062419901076721,0.12192299201263646,0.7380794692955582,True,False,seed,,,,,,,
post-hoc (decided after Task 24's test results were seen),KITTI,oracle,traj,JB,gate_gbm,2.0,False,0.2,benchmark_table,0.5720618447369914,0.4062419901076721,0.12192299201263646,0.7380794692955582,True,False,seed,,,,,,,
post-hoc (decided after Task 24's test results were seen),KITTI,oracle,traj,JB,gate_gbm,3.0,False,0.2,benchmark_table,0.5720618447369914,0.4062419901076721,0.12192299201263646,0.7380794692955582,True,False,seed,,,,,,,
post-hoc (decided after Task 24's test results were seen),KITTI,oracle,traj,JB,gate_gbm,4.0,False,0.2,benchmark_table,0.5720618447369914,0.4062419901076721,0.12192299201263646,0.7380794692955582,True,False,seed,,,,,,,
post-hoc (decided after Task 24's test results were seen),KITTI,oracle,traj,JB,gate_gbm,5.0,False,0.2,benchmark_table,0.5720618447369914,0.4062419901076721,0.12192299201263646,0.7380794692955582,True,False,seed,,,,,,,
post-hoc (decided after Task 24's test results were seen),nuScenes,mono,brake,J,R1_mlp_reg,0.0,True,0.2,routers_r1,0.30948627394900996,0.17978708204218055,0.024072423017238772,0.41895939090757095,True,False,seed,,,,,,,
post-hoc (decided after Task 24's test results were seen),nuScenes,mono,brake,J,R1_mlp_reg,1.0,False,0.2,routers_r1,0.3006116231867011,0.1779193133619488,0.020325671600978902,0.3840618119112152,True,False,seed,,,,,,,
post-hoc (decided after Task 24's test results were seen),nuScenes,mono,brake,J,R1_mlp_reg,2.0,False,0.2,routers_r1,0.4734357530032607,0.32084526424121623,0.1299446618891916,0.5733079317446237,True,False,seed,,,,,,,
post-hoc (decided after Task 24's test results were seen),nuScenes,mono,brake,J,R1_mlp_reg,3.0,False,0.2,routers_r1,0.25362296902604997,0.14175258739225677,-0.047181170129453914,0.3630451940942073,False,False,seed,,,,,,,
post-hoc (decided after Task 24's test results were seen),nuScenes,mono,brake,J,R1_mlp_reg,4.0,False,0.2,routers_r1,0.22831051391976975,0.1348293829853258,-0.0456821582337293,0.3721024569203951,False,False,seed,,,,,,,
post-hoc (decided after Task 24's test results were seen),nuScenes,mono,brake,J,R1_mlp_reg,5.0,False,0.2,routers_r1,0.20186962232853864,0.05820951798975737,-0.18270569261388006,0.2604595129339006,False,False,seed,,,,,,,
post-hoc (decided after Task 24's test results were seen),nuScenes,mono,brake,J,R1_mlp_clf,0.0,True,0.2,routers_r1,0.25063237050992715,0.10433540726377467,-0.12796772578259694,0.3069590118021711,False,False,seed,,,,,,,
post-hoc (decided after Task 24's test results were seen),nuScenes,mono,brake,J,R1_mlp_clf,1.0,False,0.2,routers_r1,0.35308253215779345,0.25480645944964586,0.07707513536353658,0.44005499032441037,True,False,seed,,,,,,,
post-hoc (decided after Task 24's test results were seen),nuScenes,mono,brake,J,R1_mlp_clf,2.0,False,0.2,routers_r1,0.2824201734003238,0.1330806785460408,-0.2349502116574914,0.378660268304495,False,False,seed,,,,,,,
post-hoc (decided after Task 24's test results were seen),nuScenes,mono,brake,J,R1_mlp_clf,3.0,False,0.2,routers_r1,0.29502518095520697,0.13441799363249207,-0.14405733208425056,0.3300485765341077,False,False,seed,,,,,,,
post-hoc (decided after Task 24's test results were seen),nuScenes,mono,brake,J,R1_mlp_clf,4.0,False,0.2,routers_r1,0.24844350163179676,0.12403541859991382,-0.07839212592158219,0.3166778055433851,False,False,seed,,,,,,,
post-hoc (decided after Task 24's test results were seen),nuScenes,mono,brake,J,R1_mlp_clf,5.0,False,0.2,routers_r1,0.3927405368107038,0.2362831627175346,-0.021891661442307718,0.4335084770700322,False,False,seed,,,,,,,
post-hoc (decided after Task 24's test results were seen),nuScenes,mono,brake,J,R1_gbm_reg,0.0,True,0.2,routers_r1,0.37977490888515203,0.2422392332769641,0.06033380387501462,0.4797537163293164,True,False,seed,,,,,,,
post-hoc (decided after Task 24's test results were seen),nuScenes,mono,brake,J,R1_gbm_reg,1.0,False,0.2,routers_r1,0.37977490888515203,0.2422392332769641,0.06033380387501462,0.4797537163293164,True,False,seed,,,,,,,
post-hoc (decided after Task 24's test results were seen),nuScenes,mono,brake,J,R1_gbm_reg,2.0,False,0.2,routers_r1,0.37977490888515203,0.2422392332769641,0.06033380387501462,0.4797537163293164,True,False,seed,,,,,,,
post-hoc (decided after Task 24's test results were seen),nuScenes,mono,brake,J,R1_gbm_reg,3.0,False,0.2,routers_r1,0.37977490888515203,0.2422392332769641,0.06033380387501462,0.4797537163293164,True,False,seed,,,,,,,
post-hoc (decided after Task 24's test results were seen),nuScenes,mono,brake,J,R1_gbm_reg,4.0,False,0.2,routers_r1,0.37977490888515203,0.2422392332769641,0.06033380387501462,0.4797537163293164,True,False,seed,,,,,,,
post-hoc (decided after Task 24's test results were seen),nuScenes,mono,brake,J,R1_gbm_reg,5.0,False,0.2,routers_r1,0.37977490888515203,0.2422392332769641,0.06033380387501462,0.4797537163293164,True,False,seed,,,,,,,
post-hoc (decided after Task 24's test results were seen),nuScenes,mono,brake,J,R1_gbm_clf,0.0,True,0.2,routers_r1,0.3273581565920526,0.18841718718236763,-0.16043474901722665,0.4214920773268369,False,False,seed,,,,,,,
post-hoc (decided after Task 24's test results were seen),nuScenes,mono,brake,J,R1_gbm_clf,1.0,False,0.2,routers_r1,0.3273581565920526,0.18841718718236763,-0.16043474901722665,0.4214920773268369,False,False,seed,,,,,,,
post-hoc (decided after Task 24's test results were seen),nuScenes,mono,brake,J,R1_gbm_clf,2.0,False,0.2,routers_r1,0.3273581565920526,0.18841718718236763,-0.16043474901722665,0.4214920773268369,False,False,seed,,,,,,,
post-hoc (decided after Task 24's test results were seen),nuScenes,mono,brake,J,R1_gbm_clf,3.0,False,0.2,routers_r1,0.3273581565920526,0.18841718718236763,-0.16043474901722665,0.4214920773268369,False,False,seed,,,,,,,
post-hoc (decided after Task 24's test results were seen),nuScenes,mono,brake,J,R1_gbm_clf,4.0,False,0.2,routers_r1,0.3273581565920526,0.18841718718236763,-0.16043474901722665,0.4214920773268369,False,False,seed,,,,,,,
post-hoc (decided after Task 24's test results were seen),nuScenes,mono,brake,J,R1_gbm_clf,5.0,False,0.2,routers_r1,0.3273581565920526,0.18841718718236763,-0.16043474901722665,0.4214920773268369,False,False,seed,,,,,,,
post-hoc (decided after Task 24's test results were seen),nuScenes,mono,brake,J,gate_gbm,0.0,True,0.2,benchmark_table,0.39691477624114474,0.28317815236687693,0.028342990601617886,0.6040110312781037,True,False,seed,,,,,,,
post-hoc (decided after Task 24's test results were seen),nuScenes,mono,brake,J,gate_gbm,1.0,False,0.2,benchmark_table,0.39691477624114474,0.28317815236687693,0.028342990601617886,0.6040110312781037,True,False,seed,,,,,,,
post-hoc (decided after Task 24's test results were seen),nuScenes,mono,brake,J,gate_gbm,2.0,False,0.2,benchmark_table,0.39691477624114474,0.28317815236687693,0.028342990601617886,0.6040110312781037,True,False,seed,,,,,,,
post-hoc (decided after Task 24's test results were seen),nuScenes,mono,brake,J,gate_gbm,3.0,False,0.2,benchmark_table,0.39691477624114474,0.28317815236687693,0.028342990601617886,0.6040110312781037,True,False,seed,,,,,,,
post-hoc (decided after Task 24's test results were seen),nuScenes,mono,brake,J,gate_gbm,4.0,False,0.2,benchmark_table,0.39691477624114474,0.28317815236687693,0.028342990601617886,0.6040110312781037,True,False,seed,,,,,,,
post-hoc (decided after Task 24's test results were seen),nuScenes,mono,brake,J,gate_gbm,5.0,False,0.2,benchmark_table,0.39691477624114474,0.28317815236687693,0.028342990601617886,0.6040110312781037,True,False,seed,,,,,,,
post-hoc (decided after Task 24's test results were seen),nuScenes,mono,plan_ade,JC_ade,R1_mlp_reg,0.0,True,0.2,routers_r1,0.2500761136602585,0.12705896194569247,-0.11554303065081364,0.2913957966639835,False,False,seed,,,,,,,
post-hoc (decided after Task 24's test results were seen),nuScenes,mono,plan_ade,JC_ade,R1_mlp_reg,1.0,False,0.2,routers_r1,0.15975033264366645,0.0340933421329889,-0.17609664406625922,0.21357072078733325,False,False,seed,,,,,,,
post-hoc (decided after Task 24's test results were seen),nuScenes,mono,plan_ade,JC_ade,R1_mlp_reg,2.0,False,0.2,routers_r1,0.2687150036197616,0.13127584641030057,-0.08987654639813558,0.32940686971108263,False,False,seed,,,,,,,
post-hoc (decided after Task 24's test results were seen),nuScenes,mono,plan_ade,JC_ade,R1_mlp_reg,3.0,False,0.2,routers_r1,0.2984952433845143,0.1773474725481952,-0.08341976021511054,0.3533435158278941,False,False,seed,,,,,,,
post-hoc (decided after Task 24's test results were seen),nuScenes,mono,plan_ade,JC_ade,R1_mlp_reg,4.0,False,0.2,routers_r1,0.2528507007586023,0.10886292095572066,-0.10655477467484627,0.29019660346366305,False,False,seed,,,,,,,
post-hoc (decided after Task 24's test results were seen),nuScenes,mono,plan_ade,JC_ade,R1_mlp_reg,5.0,False,0.2,routers_r1,0.10607028424598453,-0.02849280050502492,-0.275475888467393,0.1646597994412552,False,False,seed,,,,,,,
post-hoc (decided after Task 24's test results were seen),nuScenes,mono,plan_ade,JC_ade,R1_mlp_clf,0.0,True,0.2,routers_r1,0.10173376493569976,-0.01786692022138798,-0.22528254120145003,0.1512076995816666,False,False,seed,,,,,,,
post-hoc (decided after Task 24's test results were seen),nuScenes,mono,plan_ade,JC_ade,R1_mlp_clf,1.0,False,0.2,routers_r1,0.12916094725050536,-0.003022454096566515,-0.2759997878198486,0.16297612344315118,False,False,seed,,,,,,,
post-hoc (decided after Task 24's test results were seen),nuScenes,mono,plan_ade,JC_ade,R1_mlp_clf,2.0,False,0.2,routers_r1,0.14994493726020103,0.0433130840580168,-0.20867900361650857,0.22790519915971802,False,False,seed,,,,,,,
post-hoc (decided after Task 24's test results were seen),nuScenes,mono,plan_ade,JC_ade,R1_mlp_clf,3.0,False,0.2,routers_r1,0.114944699126722,-0.01083081143890838,-0.21090348970102643,0.12959748120031261,False,False,seed,,,,,,,
post-hoc (decided after Task 24's test results were seen),nuScenes,mono,plan_ade,JC_ade,R1_mlp_clf,4.0,False,0.2,routers_r1,0.03438780997164256,-0.06638596464526361,-0.3399784363248183,0.16895166318006802,False,False,seed,,,,,,,
post-hoc (decided after Task 24's test results were seen),nuScenes,mono,plan_ade,JC_ade,R1_mlp_clf,5.0,False,0.2,routers_r1,0.09852581827115049,-0.012652143657496572,-0.30947380979900063,0.22320024045420234,False,False,seed,,,,,,,
post-hoc (decided after Task 24's test results were seen),nuScenes,mono,plan_ade,JC_ade,R1_gbm_reg,0.0,True,0.2,routers_r1,-0.02159826630051098,-0.12843215758560322,-0.28272020487563687,-0.031722664798155775,False,True,seed,,,,,,,
post-hoc (decided after Task 24's test results were seen),nuScenes,mono,plan_ade,JC_ade,R1_gbm_reg,1.0,False,0.2,routers_r1,-0.02159826630051098,-0.12843215758560322,-0.28272020487563687,-0.031722664798155775,False,True,seed,,,,,,,
post-hoc (decided after Task 24's test results were seen),nuScenes,mono,plan_ade,JC_ade,R1_gbm_reg,2.0,False,0.2,routers_r1,-0.02159826630051098,-0.12843215758560322,-0.28272020487563687,-0.031722664798155775,False,True,seed,,,,,,,
post-hoc (decided after Task 24's test results were seen),nuScenes,mono,plan_ade,JC_ade,R1_gbm_reg,3.0,False,0.2,routers_r1,-0.02159826630051098,-0.12843215758560322,-0.28272020487563687,-0.031722664798155775,False,True,seed,,,,,,,
post-hoc (decided after Task 24's test results were seen),nuScenes,mono,plan_ade,JC_ade,R1_gbm_reg,4.0,False,0.2,routers_r1,-0.02159826630051098,-0.12843215758560322,-0.28272020487563687,-0.031722664798155775,False,True,seed,,,,,,,
post-hoc (decided after Task 24's test results were seen),nuScenes,mono,plan_ade,JC_ade,R1_gbm_reg,5.0,False,0.2,routers_r1,-0.02159826630051098,-0.12843215758560322,-0.28272020487563687,-0.031722664798155775,False,True,seed,,,,,,,
post-hoc (decided after Task 24's test results were seen),nuScenes,mono,plan_ade,JC_ade,R1_gbm_clf,0.0,True,0.2,routers_r1,0.09010515101103672,-0.061519514496625106,-0.39161653772100885,0.20600551304653236,False,False,seed,,,,,,,
post-hoc (decided after Task 24's test results were seen),nuScenes,mono,plan_ade,JC_ade,R1_gbm_clf,1.0,False,0.2,routers_r1,0.09010515101103672,-0.061519514496625106,-0.39161653772100885,0.20600551304653236,False,False,seed,,,,,,,
post-hoc (decided after Task 24's test results were seen),nuScenes,mono,plan_ade,JC_ade,R1_gbm_clf,2.0,False,0.2,routers_r1,0.09010515101103672,-0.061519514496625106,-0.39161653772100885,0.20600551304653236,False,False,seed,,,,,,,
post-hoc (decided after Task 24's test results were seen),nuScenes,mono,plan_ade,JC_ade,R1_gbm_clf,3.0,False,0.2,routers_r1,0.09010515101103672,-0.061519514496625106,-0.39161653772100885,0.20600551304653236,False,False,seed,,,,,,,
post-hoc (decided after Task 24's test results were seen),nuScenes,mono,plan_ade,JC_ade,R1_gbm_clf,4.0,False,0.2,routers_r1,0.09010515101103672,-0.061519514496625106,-0.39161653772100885,0.20600551304653236,False,False,seed,,,,,,,
post-hoc (decided after Task 24's test results were seen),nuScenes,mono,plan_ade,JC_ade,R1_gbm_clf,5.0,False,0.2,routers_r1,0.09010515101103672,-0.061519514496625106,-0.39161653772100885,0.20600551304653236,False,False,seed,,,,,,,
post-hoc (decided after Task 24's test results were seen),nuScenes,mono,plan_ade,JC_ade,gate_gbm,0.0,True,0.2,benchmark_table,0.042025999851251584,-0.05630200638179576,-0.22801013320427088,0.06785380186805731,False,False,seed,,,,,,,
post-hoc (decided after Task 24's test results were seen),nuScenes,mono,plan_ade,JC_ade,gate_gbm,1.0,False,0.2,benchmark_table,0.042025999851251584,-0.05630200638179576,-0.22801013320427088,0.06785380186805731,False,False,seed,,,,,,,
post-hoc (decided after Task 24's test results were seen),nuScenes,mono,plan_ade,JC_ade,gate_gbm,2.0,False,0.2,benchmark_table,0.042025999851251584,-0.05630200638179576,-0.22801013320427088,0.06785380186805731,False,False,seed,,,,,,,
post-hoc (decided after Task 24's test results were seen),nuScenes,mono,plan_ade,JC_ade,gate_gbm,3.0,False,0.2,benchmark_table,0.042025999851251584,-0.05630200638179576,-0.22801013320427088,0.06785380186805731,False,False,seed,,,,,,,
post-hoc (decided after Task 24's test results were seen),nuScenes,mono,plan_ade,JC_ade,gate_gbm,4.0,False,0.2,benchmark_table,0.042025999851251584,-0.05630200638179576,-0.22801013320427088,0.06785380186805731,False,False,seed,,,,,,,
post-hoc (decided after Task 24's test results were seen),nuScenes,mono,plan_ade,JC_ade,gate_gbm,5.0,False,0.2,benchmark_table,0.042025999851251584,-0.05630200638179576,-0.22801013320427088,0.06785380186805731,False,False,seed,,,,,,,
post-hoc (decided after Task 24's test results were seen),nuScenes,mono,plan_fde,JC_fde,R1_mlp_reg,0.0,True,0.2,routers_r1,0.2602225170775465,0.12391885557261915,-0.046044906457403376,0.30730968630266586,False,False,seed,,,,,,,
post-hoc (decided after Task 24's test results were seen),nuScenes,mono,plan_fde,JC_fde,R1_mlp_reg,1.0,False,0.2,routers_r1,0.2559279489553486,0.1296748274680157,-0.13369329203227112,0.3658094580206478,False,False,seed,,,,,,,
post-hoc (decided after Task 24's test results were seen),nuScenes,mono,plan_fde,JC_fde,R1_mlp_reg,2.0,False,0.2,routers_r1,0.08542680837942533,0.00741032572108363,-0.3043641651161509,0.2784299758945089,False,False,seed,,,,,,,
post-hoc (decided after Task 24's test results were seen),nuScenes,mono,plan_fde,JC_fde,R1_mlp_reg,3.0,False,0.2,routers_r1,0.19468323873463855,0.08766550965214716,-0.16035233255980835,0.32062277658878574,False,False,seed,,,,,,,
post-hoc (decided after Task 24's test results were seen),nuScenes,mono,plan_fde,JC_fde,R1_mlp_reg,4.0,False,0.2,routers_r1,0.22571519553747002,0.12252340990812416,-0.1248481225451373,0.33776386484877263,False,False,seed,,,,,,,
post-hoc (decided after Task 24's test results were seen),nuScenes,mono,plan_fde,JC_fde,R1_mlp_reg,5.0,False,0.2,routers_r1,0.13466869645794668,0.05216026476810438,-0.12352866417374712,0.19757050221365874,False,False,seed,,,,,,,
post-hoc (decided after Task 24's test results were seen),nuScenes,mono,plan_fde,JC_fde,R1_mlp_clf,0.0,True,0.2,routers_r1,0.06451563092146581,-0.03397059439920076,-0.2350196178037836,0.14264310891974774,False,False,seed,,,,,,,
post-hoc (decided after Task 24's test results were seen),nuScenes,mono,plan_fde,JC_fde,R1_mlp_clf,1.0,False,0.2,routers_r1,0.028548030521324003,-0.07577801554918268,-0.35834705837094843,0.11415981681332528,False,False,seed,,,,,,,
post-hoc (decided after Task 24's test results were seen),nuScenes,mono,plan_fde,JC_fde,R1_mlp_clf,2.0,False,0.2,routers_r1,0.024934074379261276,-0.06075727311790376,-0.3863936761512849,0.23701463799554004,False,False,seed,,,,,,,
post-hoc (decided after Task 24's test results were seen),nuScenes,mono,plan_fde,JC_fde,R1_mlp_clf,3.0,False,0.2,routers_r1,-0.008905454997477755,-0.09583121239756412,-0.3914238462435515,0.11511456433031125,False,False,seed,,,,,,,
post-hoc (decided after Task 24's test results were seen),nuScenes,mono,plan_fde,JC_fde,R1_mlp_clf,4.0,False,0.2,routers_r1,0.14128245064043404,0.03456896486117132,-0.3347881457253664,0.31985063961518556,False,False,seed,,,,,,,
post-hoc (decided after Task 24's test results were seen),nuScenes,mono,plan_fde,JC_fde,R1_mlp_clf,5.0,False,0.2,routers_r1,-0.026755733664882535,-0.12667052954535907,-0.3794271407442496,0.06730529068093534,False,False,seed,,,,,,,
post-hoc (decided after Task 24's test results were seen),nuScenes,mono,plan_fde,JC_fde,R1_gbm_reg,0.0,True,0.2,routers_r1,-0.06207022040858505,-0.17132393000683083,-0.3970471799348808,0.0156106059767858,False,False,seed,,,,,,,
post-hoc (decided after Task 24's test results were seen),nuScenes,mono,plan_fde,JC_fde,R1_gbm_reg,1.0,False,0.2,routers_r1,-0.06207022040858505,-0.17132393000683083,-0.3970471799348808,0.0156106059767858,False,False,seed,,,,,,,
post-hoc (decided after Task 24's test results were seen),nuScenes,mono,plan_fde,JC_fde,R1_gbm_reg,2.0,False,0.2,routers_r1,-0.06207022040858505,-0.17132393000683083,-0.3970471799348808,0.0156106059767858,False,False,seed,,,,,,,
post-hoc (decided after Task 24's test results were seen),nuScenes,mono,plan_fde,JC_fde,R1_gbm_reg,3.0,False,0.2,routers_r1,-0.06207022040858505,-0.17132393000683083,-0.3970471799348808,0.0156106059767858,False,False,seed,,,,,,,
post-hoc (decided after Task 24's test results were seen),nuScenes,mono,plan_fde,JC_fde,R1_gbm_reg,4.0,False,0.2,routers_r1,-0.06207022040858505,-0.17132393000683083,-0.3970471799348808,0.0156106059767858,False,False,seed,,,,,,,
post-hoc (decided after Task 24's test results were seen),nuScenes,mono,plan_fde,JC_fde,R1_gbm_reg,5.0,False,0.2,routers_r1,-0.06207022040858505,-0.17132393000683083,-0.3970471799348808,0.0156106059767858,False,False,seed,,,,,,,
post-hoc (decided after Task 24's test results were seen),nuScenes,mono,plan_fde,JC_fde,R1_gbm_clf,0.0,True,0.2,routers_r1,0.13124556804721843,0.018712445206487734,-0.2516998376870709,0.2436837500259938,False,False,seed,,,,,,,
post-hoc (decided after Task 24's test results were seen),nuScenes,mono,plan_fde,JC_fde,R1_gbm_clf,1.0,False,0.2,routers_r1,0.13124556804721843,0.018712445206487734,-0.2516998376870709,0.2436837500259938,False,False,seed,,,,,,,
post-hoc (decided after Task 24's test results were seen),nuScenes,mono,plan_fde,JC_fde,R1_gbm_clf,2.0,False,0.2,routers_r1,0.13124556804721843,0.018712445206487734,-0.2516998376870709,0.2436837500259938,False,False,seed,,,,,,,
post-hoc (decided after Task 24's test results were seen),nuScenes,mono,plan_fde,JC_fde,R1_gbm_clf,3.0,False,0.2,routers_r1,0.13124556804721843,0.018712445206487734,-0.2516998376870709,0.2436837500259938,False,False,seed,,,,,,,
post-hoc (decided after Task 24's test results were seen),nuScenes,mono,plan_fde,JC_fde,R1_gbm_clf,4.0,False,0.2,routers_r1,0.13124556804721843,0.018712445206487734,-0.2516998376870709,0.2436837500259938,False,False,seed,,,,,,,
post-hoc (decided after Task 24's test results were seen),nuScenes,mono,plan_fde,JC_fde,R1_gbm_clf,5.0,False,0.2,routers_r1,0.13124556804721843,0.018712445206487734,-0.2516998376870709,0.2436837500259938,False,False,seed,,,,,,,
post-hoc (decided after Task 24's test results were seen),nuScenes,mono,plan_fde,JC_fde,gate_gbm,0.0,True,0.2,benchmark_table,0.07862635187025536,-0.01666457091690408,-0.19318292104151943,0.12326117517306875,False,False,seed,,,,,,,
post-hoc (decided after Task 24's test results were seen),nuScenes,mono,plan_fde,JC_fde,gate_gbm,1.0,False,0.2,benchmark_table,0.07862635187025536,-0.01666457091690408,-0.19318292104151943,0.12326117517306875,False,False,seed,,,,,,,
post-hoc (decided after Task 24's test results were seen),nuScenes,mono,plan_fde,JC_fde,gate_gbm,2.0,False,0.2,benchmark_table,0.07862635187025536,-0.01666457091690408,-0.19318292104151943,0.12326117517306875,False,False,seed,,,,,,,
post-hoc (decided after Task 24's test results were seen),nuScenes,mono,plan_fde,JC_fde,gate_gbm,3.0,False,0.2,benchmark_table,0.07862635187025536,-0.01666457091690408,-0.19318292104151943,0.12326117517306875,False,False,seed,,,,,,,
post-hoc (decided after Task 24's test results were seen),nuScenes,mono,plan_fde,JC_fde,gate_gbm,4.0,False,0.2,benchmark_table,0.07862635187025536,-0.01666457091690408,-0.19318292104151943,0.12326117517306875,False,False,seed,,,,,,,
post-hoc (decided after Task 24's test results were seen),nuScenes,mono,plan_fde,JC_fde,gate_gbm,5.0,False,0.2,benchmark_table,0.07862635187025536,-0.01666457091690408,-0.19318292104151943,0.12326117517306875,False,False,seed,,,,,,,
post-hoc (decided after Task 24's test results were seen),nuScenes,oracle,brake,J,R1_mlp_reg,0.0,True,0.2,routers_r1,0.3354129409324891,0.19238227017635628,-0.015567764722416767,0.3768425029220144,False,False,seed,,,,,,,
post-hoc (decided after Task 24's test results were seen),nuScenes,oracle,brake,J,R1_mlp_reg,1.0,False,0.2,routers_r1,0.09538505874453208,-0.05225217086407144,-0.1595458976026768,0.16445292783196602,False,False,seed,,,,,,,
post-hoc (decided after Task 24's test results were seen),nuScenes,oracle,brake,J,R1_mlp_reg,2.0,False,0.2,routers_r1,0.09121326032164022,-0.027531153105670374,-0.14812121501031042,0.20912196975307704,False,False,seed,,,,,,,
post-hoc (decided after Task 24's test results were seen),nuScenes,oracle,brake,J,R1_mlp_reg,3.0,False,0.2,routers_r1,0.18047639116707942,0.03707951492979239,-0.156426453142832,0.2425281618534389,False,False,seed,,,,,,,
post-hoc (decided after Task 24's test results were seen),nuScenes,oracle,brake,J,R1_mlp_reg,4.0,False,0.2,routers_r1,0.2956109872286281,0.13829566042093133,-0.10545001917012174,0.33016384655273273,False,False,seed,,,,,,,
post-hoc (decided after Task 24's test results were seen),nuScenes,oracle,brake,J,R1_mlp_reg,5.0,False,0.2,routers_r1,0.25260417587806583,0.08527813581809161,-0.12035997995841587,0.2674409039480548,False,False,seed,,,,,,,
post-hoc (decided after Task 24's test results were seen),nuScenes,oracle,brake,J,R1_mlp_clf,0.0,True,0.2,routers_r1,0.1958776557537452,0.038142703785713925,-0.29542524069107046,0.2959752967433371,False,False,seed,,,,,,,
post-hoc (decided after Task 24's test results were seen),nuScenes,oracle,brake,J,R1_mlp_clf,1.0,False,0.2,routers_r1,0.0008090108669526621,-0.10091449268104856,-0.33388026246114855,0.195743344257103,False,False,seed,,,,,,,
post-hoc (decided after Task 24's test results were seen),nuScenes,oracle,brake,J,R1_mlp_clf,2.0,False,0.2,routers_r1,0.09348769142305297,-0.022759972920166707,-0.16125944732315217,0.2881545828228588,False,False,seed,,,,,,,
post-hoc (decided after Task 24's test results were seen),nuScenes,oracle,brake,J,R1_mlp_clf,3.0,False,0.2,routers_r1,0.1522465265531613,0.010820251200073037,-0.2982286797736809,0.2854630932166651,False,False,seed,,,,,,,
post-hoc (decided after Task 24's test results were seen),nuScenes,oracle,brake,J,R1_mlp_clf,4.0,False,0.2,routers_r1,0.24499360962800526,0.0947504256672342,-0.11672034148933183,0.3528874991061809,False,False,seed,,,,,,,
post-hoc (decided after Task 24's test results were seen),nuScenes,oracle,brake,J,R1_mlp_clf,5.0,False,0.2,routers_r1,0.1750517573192903,-0.004699681150349034,-0.263779447642315,0.2784955708026006,False,False,seed,,,,,,,
post-hoc (decided after Task 24's test results were seen),nuScenes,oracle,brake,J,R1_gbm_reg,0.0,True,0.2,routers_r1,0.39445557456843444,0.2106009570019305,-0.1379546777809199,0.5993093810233519,False,False,seed,,,,,,,
post-hoc (decided after Task 24's test results were seen),nuScenes,oracle,brake,J,R1_gbm_reg,1.0,False,0.2,routers_r1,0.39445557456843444,0.2106009570019305,-0.1379546777809199,0.5993093810233519,False,False,seed,,,,,,,
post-hoc (decided after Task 24's test results were seen),nuScenes,oracle,brake,J,R1_gbm_reg,2.0,False,0.2,routers_r1,0.39445557456843444,0.2106009570019305,-0.1379546777809199,0.5993093810233519,False,False,seed,,,,,,,
post-hoc (decided after Task 24's test results were seen),nuScenes,oracle,brake,J,R1_gbm_reg,3.0,False,0.2,routers_r1,0.39445557456843444,0.2106009570019305,-0.1379546777809199,0.5993093810233519,False,False,seed,,,,,,,
post-hoc (decided after Task 24's test results were seen),nuScenes,oracle,brake,J,R1_gbm_reg,4.0,False,0.2,routers_r1,0.39445557456843444,0.2106009570019305,-0.1379546777809199,0.5993093810233519,False,False,seed,,,,,,,
post-hoc (decided after Task 24's test results were seen),nuScenes,oracle,brake,J,R1_gbm_reg,5.0,False,0.2,routers_r1,0.39445557456843444,0.2106009570019305,-0.1379546777809199,0.5993093810233519,False,False,seed,,,,,,,
post-hoc (decided after Task 24's test results were seen),nuScenes,oracle,brake,J,R1_gbm_clf,0.0,True,0.2,routers_r1,0.24695466232469712,0.08287410474756075,-0.1365808531732031,0.5170149618486627,False,False,seed,,,,,,,
post-hoc (decided after Task 24's test results were seen),nuScenes,oracle,brake,J,R1_gbm_clf,1.0,False,0.2,routers_r1,0.24695466232469712,0.08287410474756075,-0.1365808531732031,0.5170149618486627,False,False,seed,,,,,,,
post-hoc (decided after Task 24's test results were seen),nuScenes,oracle,brake,J,R1_gbm_clf,2.0,False,0.2,routers_r1,0.24695466232469712,0.08287410474756075,-0.1365808531732031,0.5170149618486627,False,False,seed,,,,,,,
post-hoc (decided after Task 24's test results were seen),nuScenes,oracle,brake,J,R1_gbm_clf,3.0,False,0.2,routers_r1,0.24695466232469712,0.08287410474756075,-0.1365808531732031,0.5170149618486627,False,False,seed,,,,,,,
post-hoc (decided after Task 24's test results were seen),nuScenes,oracle,brake,J,R1_gbm_clf,4.0,False,0.2,routers_r1,0.24695466232469712,0.08287410474756075,-0.1365808531732031,0.5170149618486627,False,False,seed,,,,,,,
post-hoc (decided after Task 24's test results were seen),nuScenes,oracle,brake,J,R1_gbm_clf,5.0,False,0.2,routers_r1,0.24695466232469712,0.08287410474756075,-0.1365808531732031,0.5170149618486627,False,False,seed,,,,,,,
post-hoc (decided after Task 24's test results were seen),nuScenes,oracle,brake,J,gate_gbm,0.0,True,0.2,benchmark_table,0.16924508953666667,0.050462128130542974,-0.28764012615433604,0.5128463506168482,False,False,seed,,,,,,,
post-hoc (decided after Task 24's test results were seen),nuScenes,oracle,brake,J,gate_gbm,1.0,False,0.2,benchmark_table,0.16924508953666667,0.050462128130542974,-0.28764012615433604,0.5128463506168482,False,False,seed,,,,,,,
post-hoc (decided after Task 24's test results were seen),nuScenes,oracle,brake,J,gate_gbm,2.0,False,0.2,benchmark_table,0.16924508953666667,0.050462128130542974,-0.28764012615433604,0.5128463506168482,False,False,seed,,,,,,,
post-hoc (decided after Task 24's test results were seen),nuScenes,oracle,brake,J,gate_gbm,3.0,False,0.2,benchmark_table,0.16924508953666667,0.050462128130542974,-0.28764012615433604,0.5128463506168482,False,False,seed,,,,,,,
post-hoc (decided after Task 24's test results were seen),nuScenes,oracle,brake,J,gate_gbm,4.0,False,0.2,benchmark_table,0.16924508953666667,0.050462128130542974,-0.28764012615433604,0.5128463506168482,False,False,seed,,,,,,,
post-hoc (decided after Task 24's test results were seen),nuScenes,oracle,brake,J,gate_gbm,5.0,False,0.2,benchmark_table,0.16924508953666667,0.050462128130542974,-0.28764012615433604,0.5128463506168482,False,False,seed,,,,,,,
post-hoc (decided after Task 24's test results were seen),nuScenes,oracle,plan_ade,JC_ade,R1_mlp_reg,0.0,True,0.2,routers_r1,-0.07867243592753685,-0.06959639057680907,-0.3271925132297141,0.19923971304096977,False,False,seed,,,,,,,
post-hoc (decided after Task 24's test results were seen),nuScenes,oracle,plan_ade,JC_ade,R1_mlp_reg,1.0,False,0.2,routers_r1,0.06408533287565994,0.05306494198699775,-0.14850088951681228,0.3171412358245981,False,False,seed,,,,,,,
post-hoc (decided after Task 24's test results were seen),nuScenes,oracle,plan_ade,JC_ade,R1_mlp_reg,2.0,False,0.2,routers_r1,0.049051199399632754,0.06905851436820265,-0.1414104475016533,0.28582135539105197,False,False,seed,,,,,,,
post-hoc (decided after Task 24's test results were seen),nuScenes,oracle,plan_ade,JC_ade,R1_mlp_reg,3.0,False,0.2,routers_r1,-0.0756064327146522,-0.06984841882240529,-0.21814213898765275,0.07919468141231634,False,False,seed,,,,,,,
post-hoc (decided after Task 24's test results were seen),nuScenes,oracle,plan_ade,JC_ade,R1_mlp_reg,4.0,False,0.2,routers_r1,-0.04065150532947191,-0.012323762971592796,-0.11413636772202591,0.10740487464502663,False,False,seed,,,,,,,
post-hoc (decided after Task 24's test results were seen),nuScenes,oracle,plan_ade,JC_ade,R1_mlp_reg,5.0,False,0.2,routers_r1,-0.1196304327857619,-0.1086018240004064,-0.32397954107381194,0.04196484574760087,False,False,seed,,,,,,,
post-hoc (decided after Task 24's test results were seen),nuScenes,oracle,plan_ade,JC_ade,R1_mlp_clf,0.0,True,0.2,routers_r1,-0.07391448789488352,-0.06205159402996313,-0.2140488699242977,0.16361960785213567,False,False,seed,,,,,,,
post-hoc (decided after Task 24's test results were seen),nuScenes,oracle,plan_ade,JC_ade,R1_mlp_clf,1.0,False,0.2,routers_r1,-0.13727716631930909,-0.1225675968271979,-0.26326429595025314,0.040440564263207475,False,False,seed,,,,,,,
post-hoc (decided after Task 24's test results were seen),nuScenes,oracle,plan_ade,JC_ade,R1_mlp_clf,2.0,False,0.2,routers_r1,-0.10718804402276096,-0.08921315490337081,-0.2379296295413566,0.061521033995388344,False,False,seed,,,,,,,
post-hoc (decided after Task 24's test results were seen),nuScenes,oracle,plan_ade,JC_ade,R1_mlp_clf,3.0,False,0.2,routers_r1,0.04258534935507514,0.036475477328619825,-0.0894867771865339,0.15549027470552304,False,False,seed,,,,,,,
post-hoc (decided after Task 24's test results were seen),nuScenes,oracle,plan_ade,JC_ade,R1_mlp_clf,4.0,False,0.2,routers_r1,-0.06623168558822581,-0.06353583329218815,-0.18671559422032197,0.10717071385986059,False,False,seed,,,,,,,
post-hoc (decided after Task 24's test results were seen),nuScenes,oracle,plan_ade,JC_ade,R1_mlp_clf,5.0,False,0.2,routers_r1,-0.026709890808866054,-0.017767023152287686,-0.1983255815159643,0.17098128839106083,False,False,seed,,,,,,,
post-hoc (decided after Task 24's test results were seen),nuScenes,oracle,plan_ade,JC_ade,R1_gbm_reg,0.0,True,0.2,routers_r1,-0.08348500647360639,-0.08275299462841118,-0.18536914741550664,0.01717662779733452,False,False,seed,,,,,,,
post-hoc (decided after Task 24's test results were seen),nuScenes,oracle,plan_ade,JC_ade,R1_gbm_reg,1.0,False,0.2,routers_r1,-0.08348500647360639,-0.08275299462841118,-0.18536914741550664,0.01717662779733452,False,False,seed,,,,,,,
post-hoc (decided after Task 24's test results were seen),nuScenes,oracle,plan_ade,JC_ade,R1_gbm_reg,2.0,False,0.2,routers_r1,-0.08348500647360639,-0.08275299462841118,-0.18536914741550664,0.01717662779733452,False,False,seed,,,,,,,
post-hoc (decided after Task 24's test results were seen),nuScenes,oracle,plan_ade,JC_ade,R1_gbm_reg,3.0,False,0.2,routers_r1,-0.08348500647360639,-0.08275299462841118,-0.18536914741550664,0.01717662779733452,False,False,seed,,,,,,,
post-hoc (decided after Task 24's test results were seen),nuScenes,oracle,plan_ade,JC_ade,R1_gbm_reg,4.0,False,0.2,routers_r1,-0.08348500647360639,-0.08275299462841118,-0.18536914741550664,0.01717662779733452,False,False,seed,,,,,,,
post-hoc (decided after Task 24's test results were seen),nuScenes,oracle,plan_ade,JC_ade,R1_gbm_reg,5.0,False,0.2,routers_r1,-0.08348500647360639,-0.08275299462841118,-0.18536914741550664,0.01717662779733452,False,False,seed,,,,,,,
post-hoc (decided after Task 24's test results were seen),nuScenes,oracle,plan_ade,JC_ade,R1_gbm_clf,0.0,True,0.2,routers_r1,0.031370783877119605,-0.030822047998506078,-0.29342562824026525,0.16976573425481473,False,False,seed,,,,,,,
post-hoc (decided after Task 24's test results were seen),nuScenes,oracle,plan_ade,JC_ade,R1_gbm_clf,1.0,False,0.2,routers_r1,0.031370783877119605,-0.030822047998506078,-0.29342562824026525,0.16976573425481473,False,False,seed,,,,,,,
post-hoc (decided after Task 24's test results were seen),nuScenes,oracle,plan_ade,JC_ade,R1_gbm_clf,2.0,False,0.2,routers_r1,0.031370783877119605,-0.030822047998506078,-0.29342562824026525,0.16976573425481473,False,False,seed,,,,,,,
post-hoc (decided after Task 24's test results were seen),nuScenes,oracle,plan_ade,JC_ade,R1_gbm_clf,3.0,False,0.2,routers_r1,0.031370783877119605,-0.030822047998506078,-0.29342562824026525,0.16976573425481473,False,False,seed,,,,,,,
post-hoc (decided after Task 24's test results were seen),nuScenes,oracle,plan_ade,JC_ade,R1_gbm_clf,4.0,False,0.2,routers_r1,0.031370783877119605,-0.030822047998506078,-0.29342562824026525,0.16976573425481473,False,False,seed,,,,,,,
post-hoc (decided after Task 24's test results were seen),nuScenes,oracle,plan_ade,JC_ade,R1_gbm_clf,5.0,False,0.2,routers_r1,0.031370783877119605,-0.030822047998506078,-0.29342562824026525,0.16976573425481473,False,False,seed,,,,,,,
post-hoc (decided after Task 24's test results were seen),nuScenes,oracle,plan_ade,JC_ade,gate_gbm,0.0,True,0.2,benchmark_table,-0.14108214615702183,-0.1489487244314703,-0.4806145110522934,0.12116439920987877,False,False,seed,,,,,,,
post-hoc (decided after Task 24's test results were seen),nuScenes,oracle,plan_ade,JC_ade,gate_gbm,1.0,False,0.2,benchmark_table,-0.14108214615702183,-0.1489487244314703,-0.4806145110522934,0.12116439920987877,False,False,seed,,,,,,,
post-hoc (decided after Task 24's test results were seen),nuScenes,oracle,plan_ade,JC_ade,gate_gbm,2.0,False,0.2,benchmark_table,-0.14108214615702183,-0.1489487244314703,-0.4806145110522934,0.12116439920987877,False,False,seed,,,,,,,
post-hoc (decided after Task 24's test results were seen),nuScenes,oracle,plan_ade,JC_ade,gate_gbm,3.0,False,0.2,benchmark_table,-0.14108214615702183,-0.1489487244314703,-0.4806145110522934,0.12116439920987877,False,False,seed,,,,,,,
post-hoc (decided after Task 24's test results were seen),nuScenes,oracle,plan_ade,JC_ade,gate_gbm,4.0,False,0.2,benchmark_table,-0.14108214615702183,-0.1489487244314703,-0.4806145110522934,0.12116439920987877,False,False,seed,,,,,,,
post-hoc (decided after Task 24's test results were seen),nuScenes,oracle,plan_ade,JC_ade,gate_gbm,5.0,False,0.2,benchmark_table,-0.14108214615702183,-0.1489487244314703,-0.4806145110522934,0.12116439920987877,False,False,seed,,,,,,,
post-hoc (decided after Task 24's test results were seen),nuScenes,oracle,plan_fde,JC_fde,R1_mlp_reg,0.0,True,0.2,routers_r1,0.036766717039598974,-0.030373101068280704,-0.17234872358084757,0.11594300340239753,False,False,seed,,,,,,,
post-hoc (decided after Task 24's test results were seen),nuScenes,oracle,plan_fde,JC_fde,R1_mlp_reg,1.0,False,0.2,routers_r1,-0.05531069877648246,-0.1079897288995941,-0.2544218008182788,0.052584153506802095,False,False,seed,,,,,,,
post-hoc (decided after Task 24's test results were seen),nuScenes,oracle,plan_fde,JC_fde,R1_mlp_reg,2.0,False,0.2,routers_r1,0.008885745769991911,-0.023194012882175548,-0.15132051412769662,0.13997836454897733,False,False,seed,,,,,,,
post-hoc (decided after Task 24's test results were seen),nuScenes,oracle,plan_fde,JC_fde,R1_mlp_reg,3.0,False,0.2,routers_r1,-0.001698488791829932,-0.06356711547145959,-0.20300789760876478,0.07047206098375709,False,False,seed,,,,,,,
post-hoc (decided after Task 24's test results were seen),nuScenes,oracle,plan_fde,JC_fde,R1_mlp_reg,4.0,False,0.2,routers_r1,-0.043771808211899015,-0.09470808741097327,-0.19479476120539838,0.0214054961554244,False,False,seed,,,,,,,
post-hoc (decided after Task 24's test results were seen),nuScenes,oracle,plan_fde,JC_fde,R1_mlp_reg,5.0,False,0.2,routers_r1,0.04544492973761442,-0.023165722070495356,-0.18518493162044433,0.18768186053654734,False,False,seed,,,,,,,
post-hoc (decided after Task 24's test results were seen),nuScenes,oracle,plan_fde,JC_fde,R1_mlp_clf,0.0,True,0.2,routers_r1,-0.04735201316023637,-0.10228120061526703,-0.21853410085594016,0.0408102735785663,False,False,seed,,,,,,,
post-hoc (decided after Task 24's test results were seen),nuScenes,oracle,plan_fde,JC_fde,R1_mlp_clf,1.0,False,0.2,routers_r1,0.08949226821793425,0.031040387674814453,-0.15268329930651714,0.2492893214414553,False,False,seed,,,,,,,
post-hoc (decided after Task 24's test results were seen),nuScenes,oracle,plan_fde,JC_fde,R1_mlp_clf,2.0,False,0.2,routers_r1,-0.017435605537457554,-0.09089236538203929,-0.2265983184791165,0.024522212259665138,False,False,seed,,,,,,,
post-hoc (decided after Task 24's test results were seen),nuScenes,oracle,plan_fde,JC_fde,R1_mlp_clf,3.0,False,0.2,routers_r1,0.0230392383969917,-0.016806119208924716,-0.165280494228649,0.1844559845748763,False,False,seed,,,,,,,
post-hoc (decided after Task 24's test results were seen),nuScenes,oracle,plan_fde,JC_fde,R1_mlp_clf,4.0,False,0.2,routers_r1,0.10639453989619474,-0.0012135611098118054,-0.1625954391596841,0.22666356657559283,False,False,seed,,,,,,,
post-hoc (decided after Task 24's test results were seen),nuScenes,oracle,plan_fde,JC_fde,R1_mlp_clf,5.0,False,0.2,routers_r1,0.163596468081169,0.10408185274658015,-0.09587938986236919,0.3193217409483156,False,False,seed,,,,,,,
post-hoc (decided after Task 24's test results were seen),nuScenes,oracle,plan_fde,JC_fde,R1_gbm_reg,0.0,True,0.2,routers_r1,-0.09308908145973095,-0.137721169776506,-0.3993442465893599,0.04001246861641182,False,False,seed,,,,,,,
post-hoc (decided after Task 24's test results were seen),nuScenes,oracle,plan_fde,JC_fde,R1_gbm_reg,1.0,False,0.2,routers_r1,-0.09308908145973095,-0.137721169776506,-0.3993442465893599,0.04001246861641182,False,False,seed,,,,,,,
post-hoc (decided after Task 24's test results were seen),nuScenes,oracle,plan_fde,JC_fde,R1_gbm_reg,2.0,False,0.2,routers_r1,-0.09308908145973095,-0.137721169776506,-0.3993442465893599,0.04001246861641182,False,False,seed,,,,,,,
post-hoc (decided after Task 24's test results were seen),nuScenes,oracle,plan_fde,JC_fde,R1_gbm_reg,3.0,False,0.2,routers_r1,-0.09308908145973095,-0.137721169776506,-0.3993442465893599,0.04001246861641182,False,False,seed,,,,,,,
post-hoc (decided after Task 24's test results were seen),nuScenes,oracle,plan_fde,JC_fde,R1_gbm_reg,4.0,False,0.2,routers_r1,-0.09308908145973095,-0.137721169776506,-0.3993442465893599,0.04001246861641182,False,False,seed,,,,,,,
post-hoc (decided after Task 24's test results were seen),nuScenes,oracle,plan_fde,JC_fde,R1_gbm_reg,5.0,False,0.2,routers_r1,-0.09308908145973095,-0.137721169776506,-0.3993442465893599,0.04001246861641182,False,False,seed,,,,,,,
post-hoc (decided after Task 24's test results were seen),nuScenes,oracle,plan_fde,JC_fde,R1_gbm_clf,0.0,True,0.2,routers_r1,0.06495945197443771,-0.03851360851855241,-0.33711605404990413,0.2240502874917202,False,False,seed,,,,,,,
post-hoc (decided after Task 24's test results were seen),nuScenes,oracle,plan_fde,JC_fde,R1_gbm_clf,1.0,False,0.2,routers_r1,0.06495945197443771,-0.03851360851855241,-0.33711605404990413,0.2240502874917202,False,False,seed,,,,,,,
post-hoc (decided after Task 24's test results were seen),nuScenes,oracle,plan_fde,JC_fde,R1_gbm_clf,2.0,False,0.2,routers_r1,0.06495945197443771,-0.03851360851855241,-0.33711605404990413,0.2240502874917202,False,False,seed,,,,,,,
post-hoc (decided after Task 24's test results were seen),nuScenes,oracle,plan_fde,JC_fde,R1_gbm_clf,3.0,False,0.2,routers_r1,0.06495945197443771,-0.03851360851855241,-0.33711605404990413,0.2240502874917202,False,False,seed,,,,,,,
post-hoc (decided after Task 24's test results were seen),nuScenes,oracle,plan_fde,JC_fde,R1_gbm_clf,4.0,False,0.2,routers_r1,0.06495945197443771,-0.03851360851855241,-0.33711605404990413,0.2240502874917202,False,False,seed,,,,,,,
post-hoc (decided after Task 24's test results were seen),nuScenes,oracle,plan_fde,JC_fde,R1_gbm_clf,5.0,False,0.2,routers_r1,0.06495945197443771,-0.03851360851855241,-0.33711605404990413,0.2240502874917202,False,False,seed,,,,,,,
post-hoc (decided after Task 24's test results were seen),nuScenes,oracle,plan_fde,JC_fde,gate_gbm,0.0,True,0.2,benchmark_table,0.12469626769972209,0.03985087890944063,-0.2339536300919323,0.2592273939436094,False,False,seed,,,,,,,
post-hoc (decided after Task 24's test results were seen),nuScenes,oracle,plan_fde,JC_fde,gate_gbm,1.0,False,0.2,benchmark_table,0.12469626769972209,0.03985087890944063,-0.2339536300919323,0.2592273939436094,False,False,seed,,,,,,,
post-hoc (decided after Task 24's test results were seen),nuScenes,oracle,plan_fde,JC_fde,gate_gbm,2.0,False,0.2,benchmark_table,0.12469626769972209,0.03985087890944063,-0.2339536300919323,0.2592273939436094,False,False,seed,,,,,,,
post-hoc (decided after Task 24's test results were seen),nuScenes,oracle,plan_fde,JC_fde,gate_gbm,3.0,False,0.2,benchmark_table,0.12469626769972209,0.03985087890944063,-0.2339536300919323,0.2592273939436094,False,False,seed,,,,,,,
post-hoc (decided after Task 24's test results were seen),nuScenes,oracle,plan_fde,JC_fde,gate_gbm,4.0,False,0.2,benchmark_table,0.12469626769972209,0.03985087890944063,-0.2339536300919323,0.2592273939436094,False,False,seed,,,,,,,
post-hoc (decided after Task 24's test results were seen),nuScenes,oracle,plan_fde,JC_fde,gate_gbm,5.0,False,0.2,benchmark_table,0.12469626769972209,0.03985087890944063,-0.2339536300919323,0.2592273939436094,False,False,seed,,,,,,,
post-hoc (decided after Task 24's test results were seen),KITTI,mono,brake,J,R1_gbm_clf,,,,,,,,,,,spread,0.1965353305288963,0.1965353305288963,0.1965353305288963,6.0,6.0,True,False
post-hoc (decided after Task 24's test results were seen),KITTI,mono,brake,J,R1_gbm_reg,,,,,,,,,,,spread,0.20385533929693472,0.20385533929693472,0.20385533929693472,6.0,6.0,True,False
post-hoc (decided after Task 24's test results were seen),KITTI,mono,brake,J,R1_mlp_clf,,,,,,,,,,,spread,0.15126645382423223,0.16175235271337077,0.18492768886511202,0.0,6.0,False,False
post-hoc (decided after Task 24's test results were seen),KITTI,mono,brake,J,R1_mlp_reg,,,,,,,,,,,spread,0.14951987949628642,0.1687748807696055,0.191787395807655,1.0,6.0,False,False
post-hoc (decided after Task 24's test results were seen),KITTI,mono,brake,J,gate_gbm,,,,,,,,,,,spread,0.1535625241235419,0.1535625241235419,0.1535625241235419,0.0,6.0,False,False
post-hoc (decided after Task 24's test results were seen),KITTI,mono,traj,JB,R1_gbm_clf,,,,,,,,,,,spread,-0.19215635340119866,-0.19215635340119866,-0.19215635340119866,0.0,6.0,False,False
post-hoc (decided after Task 24's test results were seen),KITTI,mono,traj,JB,R1_gbm_reg,,,,,,,,,,,spread,0.12620066648982387,0.12620066648982387,0.12620066648982387,0.0,6.0,False,False
post-hoc (decided after Task 24's test results were seen),KITTI,mono,traj,JB,R1_mlp_clf,,,,,,,,,,,spread,-0.18632671649386287,0.09109022432886366,0.19359386440248336,0.0,6.0,False,False
post-hoc (decided after Task 24's test results were seen),KITTI,mono,traj,JB,R1_mlp_reg,,,,,,,,,,,spread,0.04106557132687362,0.11659350817385813,0.2355684386872263,0.0,6.0,False,False
post-hoc (decided after Task 24's test results were seen),KITTI,mono,traj,JB,gate_gbm,,,,,,,,,,,spread,0.06181501651927516,0.06181501651927516,0.06181501651927516,0.0,6.0,False,False
post-hoc (decided after Task 24's test results were seen),KITTI,oracle,brake,J,R1_gbm_clf,,,,,,,,,,,spread,0.3240416248981891,0.3240416248981891,0.3240416248981891,6.0,6.0,True,False
post-hoc (decided after Task 24's test results were seen),KITTI,oracle,brake,J,R1_gbm_reg,,,,,,,,,,,spread,0.2952649023582704,0.2952649023582704,0.2952649023582704,0.0,6.0,False,False
post-hoc (decided after Task 24's test results were seen),KITTI,oracle,brake,J,R1_mlp_clf,,,,,,,,,,,spread,0.252936091160369,0.2876599221746701,0.29454052223725324,5.0,6.0,True,False
post-hoc (decided after Task 24's test results were seen),KITTI,oracle,brake,J,R1_mlp_reg,,,,,,,,,,,spread,0.21694813102871294,0.2552371774509603,0.28425271625566506,2.0,6.0,False,False
post-hoc (decided after Task 24's test results were seen),KITTI,oracle,brake,J,gate_gbm,,,,,,,,,,,spread,0.20651883242934632,0.20651883242934632,0.20651883242934632,0.0,6.0,False,False
post-hoc (decided after Task 24's test results were seen),KITTI,oracle,traj,JB,R1_gbm_clf,,,,,,,,,,,spread,0.45340869264812345,0.45340869264812345,0.45340869264812345,6.0,6.0,True,False
post-hoc (decided after Task 24's test results were seen),KITTI,oracle,traj,JB,R1_gbm_reg,,,,,,,,,,,spread,0.5011601531471864,0.5011601531471864,0.5011601531471864,6.0,6.0,True,False
post-hoc (decided after Task 24's test results were seen),KITTI,oracle,traj,JB,R1_mlp_clf,,,,,,,,,,,spread,0.3564159901037383,0.39299557844842115,0.41856356327646405,6.0,6.0,True,False
post-hoc (decided after Task 24's test results were seen),KITTI,oracle,traj,JB,R1_mlp_reg,,,,,,,,,,,spread,0.32144960808453554,0.3818785557474089,0.459899770469033,3.0,6.0,False,False
post-hoc (decided after Task 24's test results were seen),KITTI,oracle,traj,JB,gate_gbm,,,,,,,,,,,spread,0.5720618447369914,0.5720618447369914,0.5720618447369914,6.0,6.0,True,False
post-hoc (decided after Task 24's test results were seen),nuScenes,mono,brake,J,R1_gbm_clf,,,,,,,,,,,spread,0.3273581565920526,0.3273581565920526,0.3273581565920526,0.0,6.0,False,False
post-hoc (decided after Task 24's test results were seen),nuScenes,mono,brake,J,R1_gbm_reg,,,,,,,,,,,spread,0.37977490888515203,0.37977490888515203,0.37977490888515203,6.0,6.0,True,False
post-hoc (decided after Task 24's test results were seen),nuScenes,mono,brake,J,R1_mlp_clf,,,,,,,,,,,spread,0.24844350163179676,0.2887226771777654,0.3927405368107038,1.0,6.0,False,False
post-hoc (decided after Task 24's test results were seen),nuScenes,mono,brake,J,R1_mlp_reg,,,,,,,,,,,spread,0.20186962232853864,0.27711729610637553,0.4734357530032607,3.0,6.0,True,True
post-hoc (decided after Task 24's test results were seen),nuScenes,mono,brake,J,gate_gbm,,,,,,,,,,,spread,0.39691477624114474,0.39691477624114474,0.39691477624114474,6.0,6.0,True,False
post-hoc (decided after Task 24's test results were seen),nuScenes,mono,plan_ade,JC_ade,R1_gbm_clf,,,,,,,,,,,spread,0.09010515101103672,0.09010515101103672,0.09010515101103672,0.0,6.0,False,False
post-hoc (decided after Task 24's test results were seen),nuScenes,mono,plan_ade,JC_ade,R1_gbm_reg,,,,,,,,,,,spread,-0.02159826630051098,-0.02159826630051098,-0.02159826630051098,0.0,6.0,False,False
post-hoc (decided after Task 24's test results were seen),nuScenes,mono,plan_ade,JC_ade,R1_mlp_clf,,,,,,,,,,,spread,0.03438780997164256,0.10833923203121087,0.14994493726020103,0.0,6.0,False,False
post-hoc (decided after Task 24's test results were seen),nuScenes,mono,plan_ade,JC_ade,R1_mlp_reg,,,,,,,,,,,spread,0.10607028424598453,0.2514634072094304,0.2984952433845143,0.0,6.0,False,False
post-hoc (decided after Task 24's test results were seen),nuScenes,mono,plan_ade,JC_ade,gate_gbm,,,,,,,,,,,spread,0.042025999851251584,0.042025999851251584,0.042025999851251584,0.0,6.0,False,False
post-hoc (decided after Task 24's test results were seen),nuScenes,mono,plan_fde,JC_fde,R1_gbm_clf,,,,,,,,,,,spread,0.13124556804721843,0.13124556804721843,0.13124556804721843,0.0,6.0,False,False
post-hoc (decided after Task 24's test results were seen),nuScenes,mono,plan_fde,JC_fde,R1_gbm_reg,,,,,,,,,,,spread,-0.06207022040858505,-0.06207022040858505,-0.06207022040858505,0.0,6.0,False,False
post-hoc (decided after Task 24's test results were seen),nuScenes,mono,plan_fde,JC_fde,R1_mlp_clf,,,,,,,,,,,spread,-0.026755733664882535,0.026741052450292638,0.14128245064043404,0.0,6.0,False,False
post-hoc (decided after Task 24's test results were seen),nuScenes,mono,plan_fde,JC_fde,R1_mlp_reg,,,,,,,,,,,spread,0.08542680837942533,0.21019921713605427,0.2602225170775465,0.0,6.0,False,False
post-hoc (decided after Task 24's test results were seen),nuScenes,mono,plan_fde,JC_fde,gate_gbm,,,,,,,,,,,spread,0.07862635187025536,0.07862635187025536,0.07862635187025536,0.0,6.0,False,False
post-hoc (decided after Task 24's test results were seen),nuScenes,oracle,brake,J,R1_gbm_clf,,,,,,,,,,,spread,0.24695466232469712,0.24695466232469712,0.24695466232469712,0.0,6.0,False,False
post-hoc (decided after Task 24's test results were seen),nuScenes,oracle,brake,J,R1_gbm_reg,,,,,,,,,,,spread,0.39445557456843444,0.39445557456843444,0.39445557456843444,0.0,6.0,False,False
post-hoc (decided after Task 24's test results were seen),nuScenes,oracle,brake,J,R1_mlp_clf,,,,,,,,,,,spread,0.0008090108669526621,0.1636491419362258,0.24499360962800526,0.0,6.0,False,False
post-hoc (decided after Task 24's test results were seen),nuScenes,oracle,brake,J,R1_mlp_reg,,,,,,,,,,,spread,0.09121326032164022,0.21654028352257262,0.3354129409324891,0.0,6.0,False,False
post-hoc (decided after Task 24's test results were seen),nuScenes,oracle,brake,J,gate_gbm,,,,,,,,,,,spread,0.16924508953666667,0.16924508953666667,0.16924508953666667,0.0,6.0,False,False
post-hoc (decided after Task 24's test results were seen),nuScenes,oracle,plan_ade,JC_ade,R1_gbm_clf,,,,,,,,,,,spread,0.031370783877119605,0.031370783877119605,0.031370783877119605,0.0,6.0,False,False
post-hoc (decided after Task 24's test results were seen),nuScenes,oracle,plan_ade,JC_ade,R1_gbm_reg,,,,,,,,,,,spread,-0.08348500647360639,-0.08348500647360639,-0.08348500647360639,0.0,6.0,False,False
post-hoc (decided after Task 24's test results were seen),nuScenes,oracle,plan_ade,JC_ade,R1_mlp_clf,,,,,,,,,,,spread,-0.13727716631930909,-0.07007308674155466,0.04258534935507514,0.0,6.0,False,False
post-hoc (decided after Task 24's test results were seen),nuScenes,oracle,plan_ade,JC_ade,R1_mlp_reg,,,,,,,,,,,spread,-0.1196304327857619,-0.058128969022062056,0.06408533287565994,0.0,6.0,False,False
post-hoc (decided after Task 24's test results were seen),nuScenes,oracle,plan_ade,JC_ade,gate_gbm,,,,,,,,,,,spread,-0.14108214615702183,-0.14108214615702183,-0.14108214615702183,0.0,6.0,False,False
post-hoc (decided after Task 24's test results were seen),nuScenes,oracle,plan_fde,JC_fde,R1_gbm_clf,,,,,,,,,,,spread,0.06495945197443771,0.06495945197443771,0.06495945197443771,0.0,6.0,False,False
post-hoc (decided after Task 24's test results were seen),nuScenes,oracle,plan_fde,JC_fde,R1_gbm_reg,,,,,,,,,,,spread,-0.09308908145973095,-0.09308908145973095,-0.09308908145973095,0.0,6.0,False,False
post-hoc (decided after Task 24's test results were seen),nuScenes,oracle,plan_fde,JC_fde,R1_mlp_clf,,,,,,,,,,,spread,-0.04735201316023637,0.05626575330746297,0.163596468081169,0.0,6.0,False,False
post-hoc (decided after Task 24's test results were seen),nuScenes,oracle,plan_fde,JC_fde,R1_mlp_reg,,,,,,,,,,,spread,-0.05531069877648246,0.0035936284890809894,0.04544492973761442,0.0,6.0,False,False
post-hoc (decided after Task 24's test results were seen),nuScenes,oracle,plan_fde,JC_fde,gate_gbm,,,,,,,,,,,spread,0.12469626769972209,0.12469626769972209,0.12469626769972209,0.0,6.0,False,False
