setting,pair,geometry,scheme,t_cheap,t_full,system,variant,n,affected,harmed,harmed_share_affected,harmed_share_all,rho,sum_V,all_full_reduction,oracle20_reduction,affected_same_action,note
Y8 320->640|mono|S0,Y8 320->640,mono,S0,0.25,0.25,brake,own,8008,2931,1099,0.37495735243944045,0.13723776223776224,0.16865736519231755,9971.340576076138,0.519594519802661,0.6243202545108347,856.0,
Y8 320->640|mono|S0,Y8 320->640,mono,S0,0.25,0.25,brake,shared,8008,2075,710,0.3421686746987952,0.08866133866133866,0.16785478389768213,9918.660576076138,0.5168494285990892,0.6211048487666122,0.0,
Y8 320->640|mono|S0,Y8 320->640,mono,S0,0.25,0.25,brake,memoryless,8008,2075,704,0.33927710843373493,0.08791208791208792,0.164960836955833,9965.710576076137,0.5228580475399649,0.626147934946985,0.0,
Y8 320->640|mono|S0,Y8 320->640,mono,S0,0.25,0.25,lateral,own,8008,734,413,0.5626702997275205,0.051573426573426576,2.099357286554249,-134.11263696286528,-0.07086806040803556,0.06446317432448095,227.0,
Y8 320->640|mono|S0,Y8 320->640,mono,S0,0.25,0.25,lateral,shared,8008,513,369,0.7192982456140351,0.04607892107892108,2.707465590106112,-171.7126369628653,-0.09073672552182313,0.05314117370657177,0.0,
Y8 320->640|mono|S0,Y8 320->640,mono,S0,0.25,0.25,lateral,memoryless,8008,506,362,0.7154150197628458,0.04520479520479521,2.5778786484126583,-155.9126369628653,-0.08462809793649656,0.053634097921048667,0.0,
Y8 320->640|mono|S0,Y8 320->640,mono,S0,0.25,0.25,traj,own,8008,957,401,0.41901776384535006,0.05007492507492507,0.27557156420120077,2667.391041646434,0.13066069713065817,0.18036384365086794,269.0,
Y8 320->640|mono|S0,Y8 320->640,mono,S0,0.25,0.25,traj,shared,8008,678,328,0.4837758112094395,0.04095904095904096,0.2824709509652807,2609.409275785194,0.1278204919151454,0.17813981480903146,0.0,
Y8 320->640|mono|S0,Y8 320->640,mono,S0,0.25,0.25,traj,memoryless,8008,678,328,0.4837758112094395,0.04095904095904096,0.279512232692269,2631.834275785194,0.12910210730748298,0.17918709125333648,0.0,
Y8 320->640|oracle|S0,Y8 320->640,oracle,S0,0.25,0.25,brake,own,8008,1753,542,0.3091842555618939,0.06768231768231768,0.08074935246291767,10224.195804626728,0.6819793092547943,0.7418861341920174,457.0,
Y8 320->640|oracle|S0,Y8 320->640,oracle,S0,0.25,0.25,brake,shared,8008,1296,319,0.24614197530864199,0.03983516483516483,0.08023851542455199,10173.155804626727,0.6785748142109286,0.7377725916889776,0.0,
Y8 320->640|oracle|S0,Y8 320->640,oracle,S0,0.25,0.25,brake,memoryless,8008,1296,319,0.24614197530864199,0.03983516483516483,0.07775165616827695,10226.475804626727,0.6845441073834007,0.7422557188222019,0.0,
Y8 320->640|oracle|S0,Y8 320->640,oracle,S0,0.25,0.25,lateral,own,8008,449,275,0.6124721603563474,0.034340659340659344,3.922129756874466,-132.31898144928476,-0.08385256867322875,0.02869570335675937,128.0,
Y8 320->640|oracle|S0,Y8 320->640,oracle,S0,0.25,0.25,lateral,shared,8008,331,272,0.8217522658610272,0.03396603396603397,5.808777893354743,-159.91898144928473,-0.10134311213141088,0.021074608638393777,0.0,
Y8 320->640|oracle|S0,Y8 320->640,oracle,S0,0.25,0.25,lateral,memoryless,8008,321,260,0.8099688473520249,0.032467532467532464,5.691622239440665,-149.51898144928475,-0.09692688406311811,0.020659567014643904,0.0,
Y8 320->640|oracle|S0,Y8 320->640,oracle,S0,0.25,0.25,traj,own,8008,637,27,0.0423861852433281,0.0033716283716283715,0.003690827226655898,5853.691346021168,0.6899224631618471,0.6924782808546924,155.0,
Y8 320->640|oracle|S0,Y8 320->640,oracle,S0,0.25,0.25,traj,shared,8008,463,14,0.03023758099352052,0.0017482517482517483,0.0033946367285793266,5798.730106871501,0.6834446714145355,0.6857726203389918,0.0,
Y8 320->640|oracle|S0,Y8 320->640,oracle,S0,0.25,0.25,traj,memoryless,8008,463,14,0.03023758099352052,0.0017482517482517483,0.00336998196605134,5822.814481871503,0.6889300849782799,0.6912596174228549,0.0,
Y8 384->640|mono|S0,Y8 384->640,mono,S0,0.25,0.25,brake,own,8008,2606,1058,0.4059861857252494,0.1321178821178821,0.4733476388336609,2246.879468938854,0.19595748180630174,0.37208127458562273,835.0,
Y8 384->640|mono|S0,Y8 384->640,mono,S0,0.25,0.25,brake,shared,8008,1771,705,0.39808018068887635,0.08803696303696304,0.4731134004370671,2222.2294689388546,0.19380767715798808,0.36783565442498867,0.0,
Y8 384->640|mono|S0,Y8 384->640,mono,S0,0.25,0.25,brake,memoryless,8008,1771,704,0.39751552795031053,0.08791208791208792,0.46812221819310335,2239.3994689388546,0.19758666520816656,0.37148884944380456,0.0,
Y8 384->640|mono|S0,Y8 384->640,mono,S0,0.25,0.25,lateral,own,8008,480,224,0.4666666666666667,0.027972027972027972,1.3991343868134722,-40.31010595912082,-0.020294786483165343,0.05084700079386937,175.0,
Y8 384->640|mono|S0,Y8 384->640,mono,S0,0.25,0.25,lateral,shared,8008,302,176,0.5827814569536424,0.02197802197802198,1.695846615053709,-58.71010595912083,-0.029558569408195075,0.04247857037561874,0.0,
Y8 384->640|mono|S0,Y8 384->640,mono,S0,0.25,0.25,lateral,memoryless,8008,304,180,0.5921052631578947,0.022477522477522476,1.5982497546109238,-50.810105959120826,-0.026090856145448225,0.0436119796863378,0.0,
Y8 384->640|mono|S0,Y8 384->640,mono,S0,0.25,0.25,traj,own,8008,697,305,0.4375896700143472,0.03808691308691309,0.45639589841538514,1135.9965814632976,0.06015897019426755,0.1106668805825832,230.0,
Y8 384->640|mono|S0,Y8 384->640,mono,S0,0.25,0.25,traj,shared,8008,458,223,0.4868995633187773,0.027847152847152848,0.4585841134217043,1127.3812185631398,0.059702726427005706,0.11027147135323649,0.0,
Y8 384->640|mono|S0,Y8 384->640,mono,S0,0.25,0.25,traj,memoryless,8008,458,224,0.4890829694323144,0.027972027972027972,0.4582985888242909,1128.0374685631398,0.05978251442195016,0.11036063999205432,0.0,
Y8 384->640|oracle|S0,Y8 384->640,oracle,S0,0.25,0.25,brake,own,8008,1295,528,0.40772200772200773,0.06593406593406594,0.29523952078772225,2312.044756523652,0.3265695311591327,0.46337662339430025,410.0,
Y8 384->640|oracle|S0,Y8 384->640,oracle,S0,0.25,0.25,brake,shared,8008,885,312,0.3525423728813559,0.03896103896103896,0.29462269092415966,2291.954756523652,0.32373187766541245,0.45894852797229163,0.0,
Y8 384->640|oracle|S0,Y8 384->640,oracle,S0,0.25,0.25,brake,memoryless,8008,885,313,0.3536723163841808,0.03908591408591409,0.2870264739725905,2320.8247565236525,0.3299694588027317,0.4628074490244772,0.0,
Y8 384->640|oracle|S0,Y8 384->640,oracle,S0,0.25,0.25,lateral,own,8008,179,79,0.441340782122905,0.009865134865134866,1.0999627197824915,-3.667774840220112,-0.0021491118736624852,0.021499133660416003,73.0,
Y8 384->640|oracle|S0,Y8 384->640,oracle,S0,0.25,0.25,lateral,shared,8008,106,62,0.5849056603773585,0.007742257742257742,1.3293372526874565,-10.06777484022011,-0.005899155589708717,0.0179122025873795,0.0,
Y8 384->640|oracle|S0,Y8 384->640,oracle,S0,0.25,0.25,lateral,memoryless,8008,114,69,0.6052631578947368,0.008616383616383616,1.3472398833736887,-10.467774840220114,-0.0062247167593346975,0.017926272462877906,0.0,
Y8 384->640|oracle|S0,Y8 384->640,oracle,S0,0.25,0.25,traj,own,8008,220,21,0.09545454545454546,0.0026223776223776225,0.0031551167831974257,1236.5266786432762,0.3197307927272197,0.3207427736354066,73.0,
Y8 384->640|oracle|S0,Y8 384->640,oracle,S0,0.25,0.25,traj,shared,8008,136,7,0.051470588235294115,0.0008741258741258741,0.0015609082339667292,1232.106228575572,0.31858778948372407,0.3190858532193566,0.0,
Y8 384->640|oracle|S0,Y8 384->640,oracle,S0,0.25,0.25,traj,memoryless,8008,136,8,0.058823529411764705,0.000999000999000999,0.001490421456479454,1230.6999785755718,0.31928167922108547,0.3197582537834109,0.0,
Y8 512->640|mono|S0,Y8 512->640,mono,S0,0.25,0.25,brake,own,8008,2266,974,0.4298323036187114,0.12162837162837163,0.6179504345033725,1000.472457645569,0.09789597105910722,0.25623892787799274,796.0,
Y8 512->640|mono|S0,Y8 512->640,mono,S0,0.25,0.25,brake,shared,8008,1470,630,0.42857142857142855,0.07867132867132867,0.6152373049046556,993.972457645569,0.09725994774130227,0.2527790479199168,0.0,
Y8 512->640|mono|S0,Y8 512->640,mono,S0,0.25,0.25,brake,memoryless,8008,1470,631,0.42925170068027213,0.07879620379620379,0.6155298517786604,985.5424576455688,0.09777302853859729,0.25430590382873913,0.0,
Y8 512->640|mono|S0,Y8 512->640,mono,S0,0.25,0.25,lateral,own,8008,256,122,0.4765625,0.015234765234765234,1.1035776023754682,-5.71698912352899,-0.002829040385983736,0.02731324457317013,108.0,
Y8 512->640|mono|S0,Y8 512->640,mono,S0,0.25,0.25,lateral,shared,8008,149,80,0.5369127516778524,0.00999000999000999,1.254050358028772,-12.116989123528986,-0.005996067308560684,0.023601884898275232,0.0,
Y8 512->640|mono|S0,Y8 512->640,mono,S0,0.25,0.25,lateral,memoryless,8008,154,86,0.5584415584415584,0.01073926073926074,1.1999551432744069,-9.516989123528983,-0.004785478119886131,0.023932758325295067,0.0,
Y8 512->640|mono|S0,Y8 512->640,mono,S0,0.25,0.25,traj,own,8008,446,213,0.47757847533632286,0.0265984015984016,1.109126988097385,-99.88820946887577,-0.005660235157047185,0.05186833482470888,171.0,
Y8 512->640|mono|S0,Y8 512->640,mono,S0,0.25,0.25,traj,shared,8008,266,143,0.5375939849624061,0.017857142857142856,1.114138429663965,-103.94756274459439,-0.00589026124569438,0.05160629301661071,0.0,
Y8 512->640|mono|S0,Y8 512->640,mono,S0,0.25,0.25,traj,memoryless,8008,266,142,0.5338345864661654,0.017732267732267732,1.113419400270292,-103.32881274459446,-0.0058581070519587095,0.051649956162685806,0.0,
Y8 512->640|oracle|S0,Y8 512->640,oracle,S0,0.25,0.25,brake,own,8008,993,417,0.4199395770392749,0.05207292707292707,0.4693127324442111,884.6267146067305,0.15650530703213522,0.2949106123328676,358.0,
Y8 512->640|oracle|S0,Y8 512->640,oracle,S0,0.25,0.25,brake,shared,8008,635,252,0.3968503937007874,0.03146853146853147,0.4673088384575038,877.7767146067304,0.15529342711095656,0.2915261943924108,0.0,
Y8 512->640|oracle|S0,Y8 512->640,oracle,S0,0.25,0.25,brake,memoryless,8008,635,252,0.3968503937007874,0.03146853146853147,0.46286046814250914,881.7067146067304,0.15760705868100253,0.2934192129482241,0.0,
Y8 512->640|oracle|S0,Y8 512->640,oracle,S0,0.25,0.25,lateral,own,8008,85,38,0.4470588235294118,0.004745254745254745,0.511743710217751,12.759817073268232,0.007405261981795234,0.015166751840714275,42.0,
Y8 512->640|oracle|S0,Y8 512->640,oracle,S0,0.25,0.25,lateral,shared,8008,44,24,0.5454545454545454,0.002997002997002997,0.5302957267685161,10.959817073268237,0.006360617572655813,0.013541749426497371,0.0,
Y8 512->640|oracle|S0,Y8 512->640,oracle,S0,0.25,0.25,lateral,memoryless,8008,48,29,0.6041666666666666,0.0036213786213786215,0.5411942759041518,10.65981707326824,0.00626026401614666,0.013644694665663853,0.0,
Y8 512->640|oracle|S0,Y8 512->640,oracle,S0,0.25,0.25,traj,own,8008,93,22,0.23655913978494625,0.0027472527472527475,0.05644016821772451,324.9314620147908,0.10992996860833938,0.11650556213345188,38.0,
Y8 512->640|oracle|S0,Y8 512->640,oracle,S0,0.25,0.25,traj,shared,8008,47,8,0.1702127659574468,0.000999000999000999,0.05096688477913346,326.018234914554,0.11029764279419563,0.11622106860678538,0.0,
Y8 512->640|oracle|S0,Y8 512->640,oracle,S0,0.25,0.25,traj,memoryless,8008,47,8,0.1702127659574468,0.000999000999000999,0.05064908661812822,325.83073491455394,0.11046252414350642,0.11635584122419591,0.0,
RT 320->640|mono|S0,RT 320->640,mono,S0,0.25,0.25,brake,own,8008,3514,1522,0.4331246442800228,0.19005994005994006,0.6959858064947142,1419.7112106757313,0.13033626331479706,0.4264580233924039,1160.0,
RT 320->640|mono|S0,RT 320->640,mono,S0,0.25,0.25,brake,shared,8008,2354,1040,0.44180118946474084,0.12987012987012986,0.7007510232636827,1376.241210675731,0.12634550989699628,0.42220866141281954,0.0,
RT 320->640|mono|S0,RT 320->640,mono,S0,0.25,0.25,brake,memoryless,8008,2354,1038,0.4409515717926933,0.12962037962037962,0.6979992792221921,1384.451210675731,0.1294999142900737,0.42880663978729944,0.0,
RT 320->640|mono|S0,RT 320->640,mono,S0,0.25,0.25,lateral,own,8008,536,285,0.5317164179104478,0.03558941058941059,1.7579291490510132,-74.29738887787545,-0.038322758621540214,0.0505624551708072,202.0,
RT 320->640|mono|S0,RT 320->640,mono,S0,0.25,0.25,lateral,shared,8008,342,222,0.6491228070175439,0.027722277722277724,2.118983892561146,-92.19738887787545,-0.047555618479551226,0.04249893032035087,0.0,
RT 320->640|mono|S0,RT 320->640,mono,S0,0.25,0.25,lateral,memoryless,8008,329,218,0.662613981762918,0.027222777222777224,2.0735334946506585,-85.29738887787546,-0.044913985776692214,0.04183752626303268,0.0,
RT 320->640|mono|S0,RT 320->640,mono,S0,0.25,0.25,traj,own,8008,803,378,0.47073474470734744,0.0472027972027972,0.7605361167099081,414.6389464808268,0.02333851783783379,0.09746153581565828,262.0,
RT 320->640|mono|S0,RT 320->640,mono,S0,0.25,0.25,traj,shared,8008,517,257,0.49709864603481624,0.032092907092907096,0.762449546932958,409.02536122222887,0.023022549545892244,0.09691646237102643,0.0,
RT 320->640|mono|S0,RT 320->640,mono,S0,0.25,0.25,traj,memoryless,8008,517,257,0.49709864603481624,0.032092907092907096,0.7604274798378722,412.71598622222893,0.023246624983095317,0.0970337706818938,0.0,
RT 320->640|oracle|S0,RT 320->640,oracle,S0,0.25,0.25,brake,own,8008,2509,1192,0.475089677162216,0.14885114885114886,0.6861581414202965,1124.1942280818625,0.16878864730293158,0.5378143249176143,851.0,
RT 320->640|oracle|S0,RT 320->640,oracle,S0,0.25,0.25,brake,shared,8008,1658,788,0.4752714113389626,0.0984015984015984,0.6906548895614864,1091.8742280818624,0.1639360613844478,0.529945539310641,0.0,
RT 320->640|oracle|S0,RT 320->640,oracle,S0,0.25,0.25,brake,memoryless,8008,1658,786,0.47406513872135103,0.09815184815184815,0.6831852810102309,1113.3242280818627,0.1705432122356136,0.5383058362295376,0.0,
RT 320->640|oracle|S0,RT 320->640,oracle,S0,0.25,0.25,lateral,own,8008,207,98,0.47342995169082125,0.012237762237762238,1.0623087030065101,-2.8141827920417235,-0.0016487198084381533,0.02646050597885011,93.0,
RT 320->640|oracle|S0,RT 320->640,oracle,S0,0.25,0.25,lateral,shared,8008,118,70,0.5932203389830508,0.008741258741258742,1.2161240773804907,-8.414182792041725,-0.004929541137231487,0.022808847570245185,0.0,
RT 320->640|oracle|S0,RT 320->640,oracle,S0,0.25,0.25,lateral,memoryless,8008,116,72,0.6206896551724138,0.008991008991008992,1.2423798441765295,-8.814182792041727,-0.005243448550371852,0.021633187232156775,0.0,
RT 320->640|oracle|S0,RT 320->640,oracle,S0,0.25,0.25,traj,own,8008,237,57,0.24050632911392406,0.007117882117882118,0.023526238976632096,365.5750435556055,0.12975349989300844,0.1328796584938683,91.0,
RT 320->640|oracle|S0,RT 320->640,oracle,S0,0.25,0.25,traj,shared,8008,136,27,0.19852941176470587,0.0033716283716283715,0.022837913013657576,361.38266422455064,0.12826549927405825,0.1312632786129074,0.0,
RT 320->640|oracle|S0,RT 320->640,oracle,S0,0.25,0.25,traj,memoryless,8008,136,27,0.19852941176470587,0.0033716283716283715,0.020716141252823603,361.1482892245507,0.12862743634076443,0.1313484697943668,0.0,
RT 480->640|mono|S0,RT 480->640,mono,S0,0.25,0.25,brake,own,8008,3014,1287,0.42700729927007297,0.16071428571428573,0.7208072667763104,897.7795663780488,0.08656844561862277,0.3094874913693977,1067.0,
RT 480->640|mono|S0,RT 480->640,mono,S0,0.25,0.25,brake,shared,8008,1947,821,0.4216743708269132,0.10252247752247752,0.7203397317211169,883.7495663780487,0.08521560207270736,0.3047111504152918,0.0,
RT 480->640|mono|S0,RT 480->640,mono,S0,0.25,0.25,brake,memoryless,8008,1947,822,0.4221879815100154,0.10264735264735264,0.7232796295861191,870.5795663780486,0.08554485320961679,0.30913825780758597,0.0,
RT 480->640|mono|S0,RT 480->640,mono,S0,0.25,0.25,lateral,own,8008,288,138,0.4791666666666667,0.017232767232767232,0.9931285140039021,0.4348815441850533,0.00021598719499680386,0.03143238523944544,129.0,
RT 480->640|mono|S0,RT 480->640,mono,S0,0.25,0.25,lateral,shared,8008,161,86,0.5341614906832298,0.01073926073926074,1.087133044113759,-4.765118455814946,-0.0023666319779737962,0.027161130453378635,0.0,
RT 480->640|mono|S0,RT 480->640,mono,S0,0.25,0.25,lateral,memoryless,8008,156,90,0.5769230769230769,0.011238761238761238,1.0669030324139797,-3.5651184558149467,-0.0017997832934052234,0.02690137096131317,0.0,
RT 480->640|mono|S0,RT 480->640,mono,S0,0.25,0.25,traj,own,8008,492,223,0.4532520325203252,0.027847152847152848,0.5781172213940101,528.7662414703784,0.02957236084247574,0.07009615547757264,182.0,
RT 480->640|mono|S0,RT 480->640,mono,S0,0.25,0.25,traj,shared,8008,295,128,0.43389830508474575,0.015984015984015984,0.5789355639166351,525.4553432115335,0.02938719191461261,0.0697926241122733,0.0,
RT 480->640|mono|S0,RT 480->640,mono,S0,0.25,0.25,traj,memoryless,8008,295,130,0.4406779661016949,0.016233766233766232,0.5783960397114234,526.0584682115336,0.029437201104012645,0.06982192739333772,0.0,
RT 480->640|oracle|S0,RT 480->640,oracle,S0,0.25,0.25,brake,own,8008,2186,1006,0.4602012808783166,0.12562437562437562,0.8794636040136695,282.4127777065287,0.04853633352401433,0.4026695267172176,782.0,
RT 480->640|oracle|S0,RT 480->640,oracle,S0,0.25,0.25,brake,shared,8008,1404,661,0.4707977207977208,0.08254245754245754,0.8836211820682492,267.5027777065287,0.0459738548050271,0.3950362756905482,0.0,
RT 480->640|oracle|S0,RT 480->640,oracle,S0,0.25,0.25,brake,memoryless,8008,1404,660,0.4700854700854701,0.08241758241758242,0.8841880307548637,264.2327777065286,0.046527924651014164,0.4017540238222678,0.0,
RT 480->640|oracle|S0,RT 480->640,oracle,S0,0.25,0.25,lateral,own,8008,116,50,0.43103448275862066,0.006243756243756244,0.4576886080897078,17.11673712169493,0.009912284650832687,0.01827784700578882,58.0,
RT 480->640|oracle|S0,RT 480->640,oracle,S0,0.25,0.25,lateral,shared,8008,59,28,0.4745762711864407,0.0034965034965034965,0.4682205845180895,14.816737121694922,0.008580357044839419,0.016135180857017015,0.0,
RT 480->640|oracle|S0,RT 480->640,oracle,S0,0.25,0.25,lateral,memoryless,8008,61,35,0.5737704918032787,0.004370629370629371,0.44008683194512777,14.816737121694928,0.00869210269001265,0.015524019054970348,0.0,
RT 480->640|oracle|S0,RT 480->640,oracle,S0,0.25,0.25,traj,own,8008,111,45,0.40540540540540543,0.005619380619380619,0.14385802141937168,35.685122332089065,0.014345384889985484,0.016755848035589008,46.0,
RT 480->640|oracle|S0,RT 480->640,oracle,S0,0.25,0.25,traj,shared,8008,57,21,0.3684210526315789,0.0026223776223776225,0.14078155527512326,33.2605031314536,0.013370690300989004,0.015561456324730471,0.0,
RT 480->640|oracle|S0,RT 480->640,oracle,S0,0.25,0.25,traj,memoryless,8008,57,21,0.3684210526315789,0.0026223776223776225,0.13061947193445064,33.173003131453605,0.0133728609323031,0.01538205710916821,0.0,
nuSc Y8 320->640|mono|S0,nuSc Y8 320->640,mono,S0,0.25,0.25,brake,own,3376,454,192,0.42290748898678415,0.05687203791469194,0.41219725678313957,247.18972446712473,0.16645983528587036,0.28318995990880896,181.0,
nuSc Y8 320->640|mono|S0,nuSc Y8 320->640,mono,S0,0.25,0.25,brake,shared,3376,273,108,0.3956043956043956,0.031990521327014215,0.40702802872656824,244.50972446712473,0.16465509862245187,0.2776777092327792,0.0,
nuSc Y8 320->640|mono|S0,nuSc Y8 320->640,mono,S0,0.25,0.25,brake,memoryless,3376,273,104,0.38095238095238093,0.030805687203791468,0.40097091083559006,245.46972446712476,0.16836044165916872,0.2810555358739185,0.0,
nuSc Y8 320->640|mono|S0,nuSc Y8 320->640,mono,S0,0.25,0.25,lateral,own,3376,75,37,0.49333333333333335,0.010959715639810427,1.2513609259344736,-4.396901180946397,-0.021303550605197796,0.08475283310641286,31.0,
nuSc Y8 320->640|mono|S0,nuSc Y8 320->640,mono,S0,0.25,0.25,lateral,shared,3376,44,26,0.5909090909090909,0.007701421800947867,1.361491855540523,-5.596901180946396,-0.02711770463645461,0.07501608741891756,0.0,
nuSc Y8 320->640|mono|S0,nuSc Y8 320->640,mono,S0,0.25,0.25,lateral,memoryless,3376,44,25,0.5681818181818182,0.00740521327014218,1.322326109242451,-4.896901180946397,-0.025652612921434968,0.07958589821260577,0.0,
nuSc Y8 320->640|oracle|S0,nuSc Y8 320->640,oracle,S0,0.25,0.25,brake,own,3376,240,97,0.4041666666666667,0.028732227488151657,0.42140513212355013,129.99119508670645,0.14212640543824925,0.2456406258145354,99.0,
nuSc Y8 320->640|oracle|S0,nuSc Y8 320->640,oracle,S0,0.25,0.25,brake,shared,3376,141,50,0.3546099290780142,0.01481042654028436,0.41816360735952834,128.10119508670647,0.1400599661990445,0.24072053238785693,0.0,
nuSc Y8 320->640|oracle|S0,nuSc Y8 320->640,oracle,S0,0.25,0.25,brake,memoryless,3376,141,51,0.3617021276595745,0.015106635071090047,0.4102201014146848,129.72119508670647,0.1442104873164076,0.2445157721758918,0.0,
nuSc Y8 320->640|oracle|S0,nuSc Y8 320->640,oracle,S0,0.25,0.25,lateral,own,3376,40,17,0.425,0.005035545023696682,0.8721008089726479,1.3766780202773523,0.009279674317789836,0.07255459743920742,17.0,
nuSc Y8 320->640|oracle|S0,nuSc Y8 320->640,oracle,S0,0.25,0.25,lateral,shared,3376,23,11,0.4782608695652174,0.003258293838862559,0.9506737215249534,0.47667802027735173,0.003213109178376713,0.06513990671325808,0.0,
nuSc Y8 320->640|oracle|S0,nuSc Y8 320->640,oracle,S0,0.25,0.25,lateral,memoryless,3376,23,11,0.4782608695652174,0.003258293838862559,0.9152447454262622,0.776678020277352,0.005666943521232334,0.06686244469128524,0.0,
nuSc Y8 320->640|oracle|S1,nuSc Y8 320->640,oracle,S1,0.25,0.498046875,brake,own,3376,196,77,0.39285714285714285,0.022808056872037914,0.538949057621467,79.74610403488984,0.08719072939227583,0.18911300547931775,87.0,
nuSc Y8 320->640|oracle|S1,nuSc Y8 320->640,oracle,S1,0.25,0.498046875,brake,shared,3376,109,42,0.3853211009174312,0.012440758293838863,0.5397001036803506,77.93610403488984,0.08521175848065646,0.18512226303323398,0.0,
nuSc Y8 320->640|oracle|S1,nuSc Y8 320->640,oracle,S1,0.25,0.498046875,brake,memoryless,3376,109,43,0.3944954128440367,0.01273696682464455,0.5369143213891349,77.93610403488981,0.08664122724818674,0.18709545824886564,0.0,
nuSc Y8 320->640|oracle|S2,nuSc Y8 320->640,oracle,S2,0.25,0.4,brake,own,3376,207,80,0.3864734299516908,0.023696682464454975,0.390831760278647,117.6553862880653,0.12863899837537127,0.21117154504675734,91.0,
nuSc Y8 320->640|oracle|S2,nuSc Y8 320->640,oracle,S2,0.25,0.4,brake,shared,3376,116,40,0.3448275862068966,0.011848341232227487,0.38710235707179685,115.98538628806529,0.1268130970370263,0.2069074640769693,0.0,
nuSc Y8 320->640|oracle|S2,nuSc Y8 320->640,oracle,S2,0.25,0.4,brake,memoryless,3376,116,41,0.35344827586206895,0.012144549763033176,0.38206580804970786,116.5253862880653,0.12954076417583507,0.20963521012971478,0.0,
nuSc Y8 320->640|oracle|S3,nuSc Y8 320->640,oracle,S3,0.25,0.34,brake,own,3376,229,90,0.3930131004366812,0.02665876777251185,0.41275339400302563,122.8628625699725,0.13433261389185863,0.22874991957390917,100.0,
nuSc Y8 320->640|oracle|S3,nuSc Y8 320->640,oracle,S3,0.25,0.34,brake,shared,3376,129,44,0.34108527131782945,0.013033175355450236,0.4082854000890178,121.28286256997251,0.13260511442204725,0.22410316467093502,0.0,
nuSc Y8 320->640|oracle|S3,nuSc Y8 320->640,oracle,S3,0.25,0.34,brake,memoryless,3376,129,45,0.3488372093023256,0.013329383886255925,0.4017947416746324,122.36286256997252,0.1360302611215665,0.2273973008902886,0.0,
nuSc Y8 320->640|mono|S1,nuSc Y8 320->640,mono,S1,0.25,0.498046875,brake,own,3376,383,140,0.36553524804177545,0.041469194312796206,0.34232340119658633,240.48453038248556,0.16194449588292817,0.24623727859189884,159.0,
nuSc Y8 320->640|mono|S1,nuSc Y8 320->640,mono,S1,0.25,0.498046875,brake,shared,3376,224,81,0.36160714285714285,0.023992890995260665,0.3386765281570793,236.56453038248557,0.15930473180807725,0.2408877630853481,0.0,
nuSc Y8 320->640|mono|S1,nuSc Y8 320->640,mono,S1,0.25,0.498046875,brake,memoryless,3376,224,78,0.3482142857142857,0.0231042654028436,0.3380013501986922,234.32453038248553,0.1607162818649603,0.24277433483164595,0.0,
nuSc Y8 320->640|mono|S2,nuSc Y8 320->640,mono,S2,0.25,0.4,brake,own,3376,407,159,0.3906633906633907,0.047097156398104266,0.344153512628552,257.3988283655357,0.17333473980307587,0.2642916340038361,169.0,
nuSc Y8 320->640|mono|S2,nuSc Y8 320->640,mono,S2,0.25,0.4,brake,shared,3376,238,88,0.3697478991596639,0.026066350710900472,0.33848172018663475,254.34882836553567,0.17128084173463318,0.2589207992603876,0.0,
nuSc Y8 320->640|mono|S2,nuSc Y8 320->640,mono,S2,0.25,0.4,brake,memoryless,3376,238,84,0.35294117647058826,0.024881516587677725,0.3356187528104605,253.37882836553564,0.1737850626724336,0.2615743045240632,0.0,
nuSc Y8 320->640|mono|S3,nuSc Y8 320->640,mono,S3,0.25,0.34,brake,own,3376,427,171,0.40046838407494145,0.050651658767772514,0.3712422744531195,255.24965798182444,0.17188746868836807,0.27337631285383296,174.0,
nuSc Y8 320->640|mono|S3,nuSc Y8 320->640,mono,S3,0.25,0.34,brake,shared,3376,253,95,0.37549407114624506,0.028139810426540283,0.3656382484470586,252.50965798182443,0.1700423274727835,0.26805261675457814,0.0,
nuSc Y8 320->640|mono|S3,nuSc Y8 320->640,mono,S3,0.25,0.34,brake,memoryless,3376,253,91,0.35968379446640314,0.026954976303317536,0.36175075945853735,252.0996579818244,0.17290771744696246,0.27090939787139423,0.0,
Y8 320->640|mono|S1,Y8 320->640,mono,S1,0.25,0.56396484375,traj,own,8008,942,401,0.4256900212314225,0.05007492507492507,0.3410821019256437,2299.0952861971837,0.11261993017675909,0.17091648368618104,268.0,
Y8 320->640|mono|S1,Y8 320->640,mono,S1,0.25,0.56396484375,traj,shared,8008,665,323,0.4857142857142857,0.040334665334665336,0.3430282704935552,2278.9922806693576,0.1116351954019636,0.16992389533386829,0.0,
Y8 320->640|mono|S1,Y8 320->640,mono,S1,0.25,0.56396484375,traj,memoryless,8008,665,323,0.4857142857142857,0.040334665334665336,0.3395798016711213,2301.6391556693575,0.11290470224219486,0.17095888727796027,0.0,
Y8 320->640|mono|S1,Y8 320->640,mono,S1,0.25,0.56396484375,brake,own,8008,2388,658,0.27554438860971525,0.08216783216783216,0.1325147014503622,9374.866020806385,0.48851295080445784,0.5628269442362305,751.0,
Y8 320->640|mono|S1,Y8 320->640,mono,S1,0.25,0.56396484375,brake,shared,8008,1637,423,0.2583995113011607,0.052822177822177824,0.13196817374204564,9314.956020806385,0.48539111302909754,0.5591858481982136,0.0,
Y8 320->640|mono|S1,Y8 320->640,mono,S1,0.25,0.56396484375,brake,memoryless,8008,1637,414,0.2529016493585828,0.051698301698301696,0.13112065263553763,9322.836020806384,0.48912917971709324,0.5629425779318481,0.0,
Y8 320->640|mono|S2,Y8 320->640,mono,S2,0.2,0.35,traj,own,8008,923,368,0.39869989165763814,0.04595404595404595,0.3397397105705489,2161.8469308247422,0.10843291949989607,0.16422753455852265,273.0,
Y8 320->640|mono|S2,Y8 320->640,mono,S2,0.2,0.35,traj,shared,8008,637,302,0.4740973312401884,0.03771228771228771,0.3474308489839061,2108.3720521904097,0.10575075124480542,0.16205294271135,0.0,
Y8 320->640|mono|S2,Y8 320->640,mono,S2,0.2,0.35,traj,memoryless,8008,637,302,0.4740973312401884,0.03771228771228771,0.34451363865305684,2127.1501771904095,0.10684171088596862,0.16299608532879653,0.0,
Y8 320->640|mono|S2,Y8 320->640,mono,S2,0.2,0.35,brake,own,8008,2777,967,0.34821750090025205,0.12075424575424576,0.17408007316417393,8560.490896837498,0.48052890291956385,0.5811685502822288,855.0,
Y8 320->640|mono|S2,Y8 320->640,mono,S2,0.2,0.35,brake,shared,8008,1922,621,0.3231009365244537,0.07754745254745254,0.17310391119072258,8509.740896837498,0.4776801361704307,0.5776785531278619,0.0,
Y8 320->640|mono|S2,Y8 320->640,mono,S2,0.2,0.35,brake,memoryless,8008,1922,614,0.3194588969823101,0.07667332667332667,0.17093596800486588,8535.400896837502,0.4828869035128034,0.5824482607823912,0.0,
Y8 320->640|mono|S3,Y8 320->640,mono,S3,0.25,0.3,traj,own,8008,947,395,0.4171066525871172,0.04932567432567433,0.277655992448597,2639.131345918382,0.12927641132971,0.17896792937748537,266.0,
Y8 320->640|mono|S3,Y8 320->640,mono,S3,0.25,0.3,traj,shared,8008,671,324,0.4828614008941878,0.040459540459540456,0.28464676288793406,2581.077237146454,0.12643266243612553,0.1767415814689586,0.0,
Y8 320->640|mono|S3,Y8 320->640,mono,S3,0.25,0.3,traj,memoryless,8008,671,324,0.4828614008941878,0.040459540459540456,0.2816707610560119,2603.427237146454,0.12770862726036553,0.17778564526777355,0.0,
Y8 320->640|mono|S3,Y8 320->640,mono,S3,0.25,0.3,brake,own,8008,2853,1033,0.36207500876270593,0.128996003996004,0.15863196665003518,9935.102941865207,0.5177062204307803,0.6146731398589195,849.0,
Y8 320->640|mono|S3,Y8 320->640,mono,S3,0.25,0.3,brake,shared,8008,2004,658,0.3283433133732535,0.08216783216783216,0.1576793499998368,9882.882941865206,0.5149850992718866,0.6113884294203019,0.0,
Y8 320->640|mono|S3,Y8 320->640,mono,S3,0.25,0.3,brake,memoryless,8008,2004,651,0.3248502994011976,0.08129370629370629,0.1550643853798947,9924.072941865204,0.5206734996382855,0.6162286103567625,0.0,
Y8 384->640|mono|S1,Y8 384->640,mono,S1,0.25,0.43408203125,traj,own,8008,682,294,0.4310850439882698,0.03671328671328671,0.4991718237489465,1040.1389509148762,0.055082637718312906,0.10998310464605485,224.0,
Y8 384->640|mono|S1,Y8 384->640,mono,S1,0.25,0.43408203125,traj,shared,8008,449,216,0.48106904231625836,0.026973026973026972,0.4836669075932189,1068.5187756624741,0.056585548078227965,0.10959117071978862,0.0,
Y8 384->640|mono|S1,Y8 384->640,mono,S1,0.25,0.43408203125,traj,memoryless,8008,449,217,0.48329621380846327,0.027097902097902096,0.4833493391072909,1069.2219006624741,0.05666547032169036,0.10967850156966691,0.0,
Y8 384->640|mono|S1,Y8 384->640,mono,S1,0.25,0.43408203125,brake,own,8008,2341,839,0.3583938487825716,0.10477022977022978,0.43661895799755024,2134.5083376185466,0.18615723919175145,0.3304286536339365,800.0,
Y8 384->640|mono|S1,Y8 384->640,mono,S1,0.25,0.43408203125,brake,shared,8008,1541,538,0.3491239454899416,0.06718281718281718,0.43609374166746817,2108.3783376185465,0.1838783590513686,0.3260796565640112,0.0,
Y8 384->640|mono|S1,Y8 384->640,mono,S1,0.25,0.43408203125,brake,memoryless,8008,1541,535,0.34717715768981183,0.06680819180819181,0.43488840980469856,2103.9483376185467,0.18563554272757807,0.3284936036498964,0.0,
Y8 384->640|mono|S2,Y8 384->640,mono,S2,0.25,0.35,traj,own,8008,686,296,0.4314868804664723,0.03696303696303696,0.4665983113025706,1107.9093319606466,0.05867155374140076,0.10999506560370399,226.0,
Y8 384->640|mono|S2,Y8 384->640,mono,S2,0.25,0.35,traj,shared,8008,452,218,0.4823008849557522,0.027222777222777224,0.4689083168851968,1099.159126149801,0.05820816909820906,0.10960098029934032,0.0,
Y8 384->640|mono|S2,Y8 384->640,mono,S2,0.25,0.35,traj,memoryless,8008,452,219,0.48451327433628316,0.027347652347652348,0.4686474654770562,1099.752876149801,0.05828351806678188,0.10968898100600906,0.0,
Y8 384->640|mono|S2,Y8 384->640,mono,S2,0.25,0.35,brake,own,8008,2464,947,0.3843344155844156,0.11825674325674326,0.45028716923048107,2211.9226802075104,0.1929087894369402,0.3509264813173416,820.0,
Y8 384->640|mono|S2,Y8 384->640,mono,S2,0.25,0.35,brake,shared,8008,1644,610,0.3710462287104623,0.07617382617382618,0.4494336289482888,2188.4926802075106,0.19086538485641324,0.3466709826316045,0.0,
Y8 384->640|mono|S2,Y8 384->640,mono,S2,0.25,0.35,brake,memoryless,8008,1644,608,0.36982968369829683,0.07592407592407592,0.4465862187071097,2193.382680207511,0.19352651249529515,0.34969586778843326,0.0,
Y8 384->640|mono|S3,Y8 384->640,mono,S3,0.25,0.29,traj,own,8008,691,301,0.4356005788712012,0.037587412587412584,0.46668133534179934,1107.7368857352453,0.05866242150675912,0.10999506560370399,228.0,
Y8 384->640|mono|S3,Y8 384->640,mono,S3,0.25,0.29,traj,shared,8008,455,221,0.4857142857142857,0.027597402597402596,0.4689855996989726,1098.9991799243996,0.05819969882605893,0.10960098029934032,0.0,
Y8 384->640|mono|S3,Y8 384->640,mono,S3,0.25,0.29,traj,memoryless,8008,455,222,0.4879120879120879,0.027722277722277724,0.46870662614271186,1099.6304299243998,0.058277028793650466,0.10968898100600906,0.0,
Y8 384->640|mono|S3,Y8 384->640,mono,S3,0.25,0.29,brake,own,8008,2547,1016,0.3989006674519042,0.12687312687312688,0.47309321387876063,2184.1501836119137,0.19048666196122052,0.36151871066884983,832.0,
Y8 384->640|mono|S3,Y8 384->640,mono,S3,0.25,0.29,brake,shared,8008,1715,665,0.3877551020408163,0.08304195804195805,0.47266246423911157,2160.3101836119135,0.18840749998086356,0.3572806546171853,0.0,
Y8 384->640|mono|S3,Y8 384->640,mono,S3,0.25,0.29,brake,memoryless,8008,1715,663,0.3865889212827988,0.08279220779220779,0.46840422434800477,2172.850183611914,0.19171488951913876,0.3606403555107323,0.0,
Y8 512->640|mono|S1,Y8 512->640,mono,S1,0.25,0.30078125,traj,own,8008,442,209,0.47285067873303166,0.0260989010989011,1.14245308574076,-128.14790519692804,-0.007261590553623981,0.050975312439625525,170.0,
Y8 512->640|mono|S1,Y8 512->640,mono,S1,0.25,0.30078125,traj,shared,8008,263,141,0.5361216730038023,0.017607392607392608,1.1478136285222762,-132.27960138333435,-0.007495716003833615,0.050710587912426316,0.0,
Y8 512->640|mono|S1,Y8 512->640,mono,S1,0.25,0.30078125,traj,memoryless,8008,263,140,0.532319391634981,0.017482517482517484,1.147161933887398,-131.73585138333442,-0.007468611121004754,0.05075097155708365,0.0,
Y8 512->640|mono|S1,Y8 512->640,mono,S1,0.25,0.30078125,brake,own,8008,2212,917,0.41455696202531644,0.1145104895104895,0.6189347370948426,964.2348234346377,0.0943501279298398,0.2475957194590156,790.0,
Y8 512->640|mono|S1,Y8 512->640,mono,S1,0.25,0.30078125,brake,shared,8008,1422,591,0.41561181434599154,0.0738011988011988,0.616632329534423,956.0748234346379,0.0935516740416416,0.24402598666713063,0.0,
Y8 512->640|mono|S1,Y8 512->640,mono,S1,0.25,0.30078125,brake,memoryless,8008,1422,592,0.41631504922644164,0.07392607392607392,0.6181935097685022,943.9048234346377,0.09364227032883875,0.24526107524275237,0.0,
Y8 512->640|mono|S2,Y8 512->640,mono,S2,0.3,0.35,traj,own,8008,437,202,0.4622425629290618,0.025224775224775224,1.0540297728687615,-52.004869785442764,-0.0029342604937394805,0.05430821448883038,167.0,
Y8 512->640|mono|S2,Y8 512->640,mono,S2,0.3,0.35,traj,shared,8008,261,138,0.5287356321839081,0.017232767232767232,1.0587710676715196,-56.28656597184906,-0.0031758457917663934,0.05403757184600886,0.0,
Y8 512->640|mono|S2,Y8 512->640,mono,S2,0.3,0.35,traj,memoryless,8008,261,137,0.524904214559387,0.017107892107892108,1.0584809525944396,-56.01781597184913,-0.0031623119782085043,0.05407422139886897,0.0,
Y8 512->640|mono|S2,Y8 512->640,mono,S2,0.3,0.35,brake,own,8008,2134,886,0.41518275538894095,0.11063936063936064,0.6003952219083768,982.684399336767,0.09599414822830012,0.24022272377907342,786.0,
Y8 512->640|mono|S2,Y8 512->640,mono,S2,0.3,0.35,brake,shared,8008,1348,556,0.4124629080118694,0.06943056943056942,0.5978404311305759,974.464399336767,0.09519117231968777,0.23670000588894446,0.0,
Y8 512->640|mono|S2,Y8 512->640,mono,S2,0.3,0.35,brake,memoryless,8008,1348,558,0.413946587537092,0.06968031968031968,0.5984150959158469,964.5843993367669,0.09545652984164132,0.2376994973437498,0.0,
Y8 512->640|mono|S3,Y8 512->640,mono,S3,0.25,0.26,traj,own,8008,445,211,0.47415730337078654,0.026348651348651348,1.1091198376120632,-99.87588354134314,-0.005659536699754434,0.05186533286344246,171.0,
Y8 512->640|mono|S3,Y8 512->640,mono,S3,0.25,0.26,traj,shared,8008,265,142,0.5358490566037736,0.017732267732267732,1.1142184800406465,-104.00757972774949,-0.00589366214996407,0.05159990001501255,0.0,
Y8 512->640|mono|S3,Y8 512->640,mono,S3,0.25,0.26,traj,memoryless,8008,265,141,0.5320754716981132,0.017607392607392608,1.1135588980889488,-103.43882972774956,-0.005864344337065713,0.05164143396735189,0.0,
Y8 512->640|mono|S3,Y8 512->640,mono,S3,0.25,0.26,brake,own,8008,2250,961,0.4271111111111111,0.12000499500499501,0.6230379947985809,977.0563170038397,0.09560470775739341,0.25361894949150454,791.0,
Y8 512->640|mono|S3,Y8 512->640,mono,S3,0.25,0.26,brake,shared,8008,1459,624,0.4276901987662783,0.07792207792207792,0.6203833116160421,970.6063170038396,0.0949735769266485,0.25018282871323355,0.0,
Y8 512->640|mono|S3,Y8 512->640,mono,S3,0.25,0.26,brake,memoryless,8008,1459,624,0.4276901987662783,0.07792207792207792,0.6209882209524819,961.4063170038396,0.09537854664746392,0.2516506133058881,0.0,
RT 480->640|mono|S1,RT 480->640,mono,S1,0.25,0.252685546875,traj,own,8008,492,223,0.4532520325203252,0.027847152847152848,0.5781172213940101,528.7662414703784,0.02957236084247574,0.07009615547757264,182.0,
RT 480->640|mono|S1,RT 480->640,mono,S1,0.25,0.252685546875,traj,shared,8008,295,128,0.43389830508474575,0.015984015984015984,0.5789355639166351,525.4553432115335,0.02938719191461261,0.0697926241122733,0.0,
RT 480->640|mono|S1,RT 480->640,mono,S1,0.25,0.252685546875,traj,memoryless,8008,295,130,0.4406779661016949,0.016233766233766232,0.5783960397114234,526.0584682115336,0.029437201104012645,0.06982192739333772,0.0,
RT 480->640|mono|S1,RT 480->640,mono,S1,0.25,0.252685546875,brake,own,8008,3011,1277,0.4241115908336101,0.15946553446553446,0.7388634038059663,845.2907021606059,0.08150720390878685,0.31149612665991955,1060.0,
RT 480->640|mono|S1,RT 480->640,mono,S1,0.25,0.252685546875,brake,shared,8008,1951,818,0.4192721681189134,0.10214785214785214,0.7388986121912677,830.7107021606058,0.0801013265816702,0.306782461992688,0.0,
RT 480->640|mono|S1,RT 480->640,mono,S1,0.25,0.252685546875,brake,memoryless,8008,1951,819,0.41978472578165044,0.10227272727272728,0.7420273012010914,817.1707021606057,0.08029679361113376,0.3112608194006054,0.0,
RT 480->640|mono|S2,RT 480->640,mono,S2,0.5,0.55,traj,own,8008,446,206,0.4618834080717489,0.025724275724275724,0.5203688466334422,645.6971994589342,0.03541080069278374,0.07382923407754781,168.0,
RT 480->640|mono|S2,RT 480->640,mono,S2,0.5,0.55,traj,shared,8008,264,123,0.4659090909090909,0.01535964035964036,0.5208314004696625,642.7542804465227,0.03524940752166447,0.07356368417340903,0.0,
RT 480->640|mono|S2,RT 480->640,mono,S2,0.5,0.55,traj,memoryless,8008,264,123,0.4659090909090909,0.01535964035964036,0.5204805868330757,643.3042804465229,0.03529618076647727,0.07360740732761613,0.0,
RT 480->640|mono|S2,RT 480->640,mono,S2,0.5,0.55,brake,own,8008,2143,907,0.42323845076994865,0.11326173826173826,0.8335716944949542,369.7439297403842,0.04123469519457377,0.24776251292977555,774.0,
RT 480->640|mono|S2,RT 480->640,mono,S2,0.5,0.55,brake,shared,8008,1369,574,0.4192841490138787,0.07167832167832168,0.8368131696486146,356.0139297403842,0.03970349395100224,0.24330084643172425,0.0,
RT 480->640|mono|S2,RT 480->640,mono,S2,0.5,0.55,brake,memoryless,8008,1369,571,0.4170927684441198,0.0713036963036963,0.8368328939474523,353.47392974038416,0.03997291420787771,0.24498144984568462,0.0,
RT 480->640|mono|S3,RT 480->640,mono,S3,0.25,0.25,traj,own,8008,492,223,0.4532520325203252,0.027847152847152848,0.5781172213940101,528.7662414703784,0.02957236084247574,0.07009615547757264,182.0,
RT 480->640|mono|S3,RT 480->640,mono,S3,0.25,0.25,traj,shared,8008,295,128,0.43389830508474575,0.015984015984015984,0.5789355639166351,525.4553432115335,0.02938719191461261,0.0697926241122733,0.0,
RT 480->640|mono|S3,RT 480->640,mono,S3,0.25,0.25,traj,memoryless,8008,295,130,0.4406779661016949,0.016233766233766232,0.5783960397114234,526.0584682115336,0.029437201104012645,0.06982192739333772,0.0,
RT 480->640|mono|S3,RT 480->640,mono,S3,0.25,0.25,brake,own,8008,3014,1287,0.42700729927007297,0.16071428571428573,0.7208072667763104,897.7795663780488,0.08656844561862277,0.3094874913693977,1067.0,
RT 480->640|mono|S3,RT 480->640,mono,S3,0.25,0.25,brake,shared,8008,1947,821,0.4216743708269132,0.10252247752247752,0.7203397317211169,883.7495663780487,0.08521560207270736,0.3047111504152918,0.0,
RT 480->640|mono|S3,RT 480->640,mono,S3,0.25,0.25,brake,memoryless,8008,1947,822,0.4221879815100154,0.10264735264735264,0.7232796295861191,870.5795663780486,0.08554485320961679,0.30913825780758597,0.0,
Y8 320->640|oracle|S1,Y8 320->640,oracle,S1,0.25,0.56396484375,traj,own,8008,646,89,0.13777089783281735,0.011113886113886114,0.0752987841449601,4890.075578762113,0.5763496551010244,0.623282034476501,175.0,
Y8 320->640|oracle|S1,Y8 320->640,oracle,S1,0.25,0.56396484375,traj,shared,8008,452,49,0.1084070796460177,0.006118881118881119,0.07544473653270681,4838.319392056202,0.570249614339518,0.6167826163262012,0.0,
Y8 320->640|oracle|S1,Y8 320->640,oracle,S1,0.25,0.56396484375,traj,memoryless,8008,452,49,0.1084070796460177,0.006118881118881119,0.07497582179058497,4862.219392056202,0.5752766517602821,0.6219044488911145,0.0,
Y8 320->640|oracle|S1,Y8 320->640,oracle,S1,0.25,0.56396484375,brake,own,8008,1190,209,0.17563025210084032,0.0260989010989011,0.05604846098183105,9230.839745786758,0.6157199875636757,0.6522792348048971,344.0,
Y8 320->640|oracle|S1,Y8 320->640,oracle,S1,0.25,0.56396484375,brake,shared,8008,846,111,0.13120567375886524,0.013861138861138862,0.05585335425304893,9182.169745786758,0.6124735774189863,0.6487059824635991,0.0,
Y8 320->640|oracle|S1,Y8 320->640,oracle,S1,0.25,0.56396484375,brake,memoryless,8008,846,111,0.13120567375886524,0.013861138861138862,0.0552778429878436,9201.559745786757,0.6159378482922582,0.6519777732749129,0.0,
Y8 320->640|oracle|S2,Y8 320->640,oracle,S2,0.2,0.35,traj,own,8008,569,33,0.05799648506151142,0.004120879120879121,0.0018500015408332662,4606.757892233926,0.6341255953013745,0.6353009029507247,153.0,
Y8 320->640|oracle|S2,Y8 320->640,oracle,S2,0.2,0.35,traj,shared,8008,393,18,0.04580152671755725,0.002247752247752248,0.0014587527334399067,4559.3119797434665,0.6275946101255854,0.6285114529255381,0.0,
Y8 320->640|oracle|S2,Y8 320->640,oracle,S2,0.2,0.35,traj,memoryless,8008,393,18,0.04580152671755725,0.002247752247752248,0.0014390987737592292,4578.302604743466,0.6328326127595826,0.6337446338850842,0.0,
Y8 320->640|oracle|S2,Y8 320->640,oracle,S2,0.2,0.35,brake,own,8008,1528,385,0.2519633507853403,0.04807692307692308,0.06733758268325646,8815.225986094265,0.6460406467719403,0.6926843354861353,441.0,
Y8 320->640|oracle|S2,Y8 320->640,oracle,S2,0.2,0.35,brake,shared,8008,1087,220,0.20239190432382706,0.027472527472527472,0.06677497998891423,8764.885986094265,0.6423513838750161,0.6883135043543809,0.0,
Y8 320->640|oracle|S2,Y8 320->640,oracle,S2,0.2,0.35,brake,memoryless,8008,1087,220,0.20239190432382706,0.027472527472527472,0.06513350764357591,8794.465986094265,0.647466856969862,0.6925768141907167,0.0,
Y8 320->640|oracle|S3,Y8 320->640,oracle,S3,0.25,0.3,traj,own,8008,633,29,0.045813586097946286,0.0036213786213786215,0.001247268816371097,5840.681602204151,0.6883891205291779,0.6892487990629695,156.0,
Y8 320->640|oracle|S3,Y8 320->640,oracle,S3,0.25,0.3,traj,shared,8008,458,14,0.03056768558951965,0.0017482517482517483,0.0009360077600781925,5785.635520143796,0.6819013291036353,0.6825401920199308,0.0,
Y8 320->640|oracle|S3,Y8 320->640,oracle,S3,0.25,0.3,traj,memoryless,8008,458,14,0.03056768558951965,0.0017482517482517483,0.0009170999702515977,5809.707395143798,0.6873793114818464,0.6880102856943899,0.0,
Y8 320->640|oracle|S3,Y8 320->640,oracle,S3,0.25,0.3,brake,own,8008,1640,462,0.2817073170731707,0.057692307692307696,0.06990076159854218,10197.15158471178,0.6801753924705927,0.731293354932315,431.0,
Y8 320->640|oracle|S3,Y8 320->640,oracle,S3,0.25,0.3,brake,shared,8008,1209,266,0.22001654259718775,0.033216783216783216,0.06928966419735509,10146.761584711781,0.6768142540446445,0.7272018242506797,0.0,
Y8 320->640|oracle|S3,Y8 320->640,oracle,S3,0.25,0.3,brake,memoryless,8008,1209,266,0.22001654259718775,0.033216783216783216,0.0672430128911691,10193.25158471178,0.6823201306782587,0.7315089997805055,0.0,
nuPlan|n/a|S0,nuPlan real,n/a,S0,0.25,0.25,idm (safety),own,1440,5,2,0.4,0.001388888888888889,0.0550821604713839,11.531304976765004,0.014156490508103432,0.014981715780882678,,no action history: the same under every variant
nuPlan|n/a|S0,nuPlan real,n/a,S0,0.25,0.25,idm (safety),shared,1440,5,2,0.4,0.001388888888888889,0.0550821604713839,11.531304976765004,0.014156490508103432,0.014981715780882678,,no action history: the same under every variant
nuPlan|n/a|S0,nuPlan real,n/a,S0,0.25,0.25,idm (safety),memoryless,1440,5,2,0.4,0.001388888888888889,0.0550821604713839,11.531304976765004,0.014156490508103432,0.014981715780882678,,no action history: the same under every variant
nuPlan|n/a|S0,nuPlan real,n/a,S0,0.25,0.25,idm (scalar_J),own,1440,30,10,0.3333333333333333,0.006944444444444444,0.13556374251485054,11.91183801718798,0.010867802168321419,0.012572126717519273,,no action history: the same under every variant
nuPlan|n/a|S0,nuPlan real,n/a,S0,0.25,0.25,idm (scalar_J),shared,1440,30,10,0.3333333333333333,0.006944444444444444,0.13556374251485054,11.91183801718798,0.010867802168321419,0.012572126717519273,,no action history: the same under every variant
nuPlan|n/a|S0,nuPlan real,n/a,S0,0.25,0.25,idm (scalar_J),memoryless,1440,30,10,0.3333333333333333,0.006944444444444444,0.13556374251485054,11.91183801718798,0.010867802168321419,0.012572126717519273,,no action history: the same under every variant
nuPlan|n/a|S0,nuPlan real,n/a,S0,0.25,0.25,pdm_closed (safety),own,1440,45,20,0.4444444444444444,0.013888888888888888,0.3340197419527115,140.40335933985176,0.09814702960040764,0.14737228080654677,,no action history: the same under every variant
nuPlan|n/a|S0,nuPlan real,n/a,S0,0.25,0.25,pdm_closed (safety),shared,1440,45,20,0.4444444444444444,0.013888888888888888,0.3340197419527115,140.40335933985176,0.09814702960040764,0.14737228080654677,,no action history: the same under every variant
nuPlan|n/a|S0,nuPlan real,n/a,S0,0.25,0.25,pdm_closed (safety),memoryless,1440,45,20,0.4444444444444444,0.013888888888888888,0.3340197419527115,140.40335933985176,0.09814702960040764,0.14737228080654677,,no action history: the same under every variant
nuPlan|n/a|S0,nuPlan real,n/a,S0,0.25,0.25,pdm_closed (scalar_J),own,1440,104,39,0.375,0.027083333333333334,0.34825960199882955,147.0207225019673,0.08262162127720693,0.12677075340212152,,no action history: the same under every variant
nuPlan|n/a|S0,nuPlan real,n/a,S0,0.25,0.25,pdm_closed (scalar_J),shared,1440,104,39,0.375,0.027083333333333334,0.34825960199882955,147.0207225019673,0.08262162127720693,0.12677075340212152,,no action history: the same under every variant
nuPlan|n/a|S0,nuPlan real,n/a,S0,0.25,0.25,pdm_closed (scalar_J),memoryless,1440,104,39,0.375,0.027083333333333334,0.34825960199882955,147.0207225019673,0.08262162127720693,0.12677075340212152,,no action history: the same under every variant
nuScenes|mono|S0,nuSc Y8 320->640,mono,S0,0.25,0.25,plan_ade (JC_ade),own,2655,1612,794,0.49255583126550867,0.2990583804143126,0.7133887667149573,163.56029631453592,0.015856123016090552,0.05313108272349186,,no action history: the same under every variant
nuScenes|mono|S0,nuSc Y8 320->640,mono,S0,0.25,0.25,plan_ade (JC_ade),shared,2655,1612,794,0.49255583126550867,0.2990583804143126,0.7133887667149573,163.56029631453592,0.015856123016090552,0.05313108272349186,,no action history: the same under every variant
nuScenes|mono|S0,nuSc Y8 320->640,mono,S0,0.25,0.25,plan_ade (JC_ade),memoryless,2655,1612,794,0.49255583126550867,0.2990583804143126,0.7133887667149573,163.56029631453592,0.015856123016090552,0.05313108272349186,,no action history: the same under every variant
nuScenes|mono|S0,nuSc Y8 320->640,mono,S0,0.25,0.25,plan_fde (JC_fde),own,2655,656,329,0.5015243902439024,0.12391713747645951,0.8342529502114026,227.96629665519077,0.011432905528661452,0.06897803335409945,,no action history: the same under every variant
nuScenes|mono|S0,nuSc Y8 320->640,mono,S0,0.25,0.25,plan_fde (JC_fde),shared,2655,656,329,0.5015243902439024,0.12391713747645951,0.8342529502114026,227.96629665519077,0.011432905528661452,0.06897803335409945,,no action history: the same under every variant
nuScenes|mono|S0,nuSc Y8 320->640,mono,S0,0.25,0.25,plan_fde (JC_fde),memoryless,2655,656,329,0.5015243902439024,0.12391713747645951,0.8342529502114026,227.96629665519077,0.011432905528661452,0.06897803335409945,,no action history: the same under every variant
nuScenes|oracle|S0,nuSc Y8 320->640,oracle,S0,0.25,0.25,plan_ade (JC_ade),own,2655,1179,600,0.5089058524173028,0.22598870056497175,0.70354755575489,132.99941935706846,0.01311285377199777,0.04408754193960015,,no action history: the same under every variant
nuScenes|oracle|S0,nuSc Y8 320->640,oracle,S0,0.25,0.25,plan_ade (JC_ade),shared,2655,1179,600,0.5089058524173028,0.22598870056497175,0.70354755575489,132.99941935706846,0.01311285377199777,0.04408754193960015,,no action history: the same under every variant
nuScenes|oracle|S0,nuSc Y8 320->640,oracle,S0,0.25,0.25,plan_ade (JC_ade),memoryless,2655,1179,600,0.5089058524173028,0.22598870056497175,0.70354755575489,132.99941935706846,0.01311285377199777,0.04408754193960015,,no action history: the same under every variant
nuScenes|oracle|S0,nuSc Y8 320->640,oracle,S0,0.25,0.25,plan_fde (JC_fde),own,2655,478,219,0.4581589958158996,0.08248587570621468,0.7168197248075756,306.9172893024586,0.015580125381770211,0.05501839904344797,,no action history: the same under every variant
nuScenes|oracle|S0,nuSc Y8 320->640,oracle,S0,0.25,0.25,plan_fde (JC_fde),shared,2655,478,219,0.4581589958158996,0.08248587570621468,0.7168197248075756,306.9172893024586,0.015580125381770211,0.05501839904344797,,no action history: the same under every variant
nuScenes|oracle|S0,nuSc Y8 320->640,oracle,S0,0.25,0.25,plan_fde (JC_fde),memoryless,2655,478,219,0.4581589958158996,0.08248587570621468,0.7168197248075756,306.9172893024586,0.015580125381770211,0.05501839904344797,,no action history: the same under every variant
