part,system,setting,pair,geometry,parameter,value,default_value,is_default,n_inputs,affected,harmed,harmed_share,harmed_share_lo,harmed_share_hi,rho,rho_lo,rho_hi,all_full,oracle20
B,traj,Y8 320->640|mono,Y8 320->640,mono,collision,10.0,10.0,True,8008,678,328,0.4837758112094395,0.3831750125423304,0.581828096400244,0.2824709509652807,0.12834727574411747,0.6390223347078678,0.1278204919151454,0.17813981480903146
B,traj,Y8 320->640|mono,Y8 320->640,mono,clearance,1.5,1.5,True,8008,678,328,0.4837758112094395,0.37609631331150317,0.5785095203880006,0.2824709509652807,0.1329705110581578,0.6170777525617667,0.1278204919151454,0.17813981480903146
B,traj,Y8 320->640|mono,Y8 320->640,mono,progress,1.0,1.0,True,8008,678,328,0.4837758112094395,0.3742367103465351,0.580327174941487,0.2824709509652807,0.1264232991889629,0.6176250220471639,0.1278204919151454,0.17813981480903146
B,traj,Y8 320->640|oracle,Y8 320->640,oracle,collision,10.0,10.0,True,8008,463,14,0.03023758099352052,0.009388574437277874,0.07462841394686319,0.0033946367285793266,0.0002770732004048058,0.012728403024031549,0.6834446714145355,0.6857726203389918
B,traj,Y8 320->640|oracle,Y8 320->640,oracle,clearance,1.5,1.5,True,8008,463,14,0.03023758099352052,0.010694474153297683,0.07444781553398057,0.0033946367285793266,0.0002915297998335036,0.012281554690367931,0.6834446714145355,0.6857726203389918
B,traj,Y8 320->640|oracle,Y8 320->640,oracle,progress,1.0,1.0,True,8008,463,14,0.03023758099352052,0.00958725976964907,0.0798273909189402,0.0033946367285793266,0.0002673785037074298,0.012454162926454307,0.6834446714145355,0.6857726203389918
B,traj,Y8 384->640|mono,Y8 384->640,mono,collision,10.0,10.0,True,8008,458,223,0.4868995633187773,0.36681639528354854,0.5919793951169569,0.4585841134217043,0.17157856951937164,1.211452036039595,0.059702726427005706,0.11027147135323649
B,traj,Y8 384->640|mono,Y8 384->640,mono,clearance,1.5,1.5,True,8008,458,223,0.4868995633187773,0.3774602176956261,0.5882730015082956,0.4585841134217043,0.16753661580777957,1.2810615606827112,0.059702726427005706,0.11027147135323649
B,traj,Y8 384->640|mono,Y8 384->640,mono,progress,1.0,1.0,True,8008,458,223,0.4868995633187773,0.36712455779984027,0.6077106374239687,0.4585841134217043,0.15991066366034953,1.3210599250737811,0.059702726427005706,0.11027147135323649
B,traj,Y8 512->640|mono,Y8 512->640,mono,collision,10.0,10.0,True,8008,266,143,0.5375939849624061,0.4076413049296152,0.6681177295388451,1.114138429663965,0.45445913290217266,4.057693848195997,-0.00589026124569438,0.05160629301661071
B,traj,Y8 512->640|mono,Y8 512->640,mono,clearance,1.5,1.5,True,8008,266,143,0.5375939849624061,0.40603567318757194,0.6643496131528047,1.114138429663965,0.4425185579135599,3.9784599220551145,-0.00589026124569438,0.05160629301661071
B,traj,Y8 512->640|mono,Y8 512->640,mono,progress,1.0,1.0,True,8008,266,143,0.5375939849624061,0.4097185283687943,0.6651430325796431,1.114138429663965,0.4486079232554838,4.126347723124413,-0.00589026124569438,0.05160629301661071
B,traj,RT 320->640|mono,RT 320->640,mono,collision,10.0,10.0,True,8008,517,257,0.49709864603481624,0.4046318928008043,0.6045303935837488,0.7624495469329582,0.21179734738242845,3.4262802914146553,0.023022549545892244,0.09691646237102643
B,traj,RT 320->640|mono,RT 320->640,mono,clearance,1.5,1.5,True,8008,517,257,0.49709864603481624,0.40434761169711003,0.616152658009165,0.7624495469329582,0.2312790479287477,3.964822713982387,0.023022549545892244,0.09691646237102643
B,traj,RT 320->640|mono,RT 320->640,mono,progress,1.0,1.0,True,8008,517,257,0.49709864603481624,0.399403396992826,0.6014560388277019,0.7624495469329582,0.20460480842056122,3.584862296603755,0.023022549545892244,0.09691646237102643
B,traj,RT 480->640|mono,RT 480->640,mono,collision,10.0,10.0,True,8008,295,128,0.43389830508474575,0.35681036668462585,0.5390477198277448,0.578935563916635,0.1662450935668603,2.351533656131318,0.02938719191461261,0.0697926241122733
B,traj,RT 480->640|mono,RT 480->640,mono,clearance,1.5,1.5,True,8008,295,128,0.43389830508474575,0.35339742790659023,0.5278273809523809,0.578935563916635,0.1630846590460701,2.0343502790898227,0.02938719191461261,0.0697926241122733
B,traj,RT 480->640|mono,RT 480->640,mono,progress,1.0,1.0,True,8008,295,128,0.43389830508474575,0.3568166461916462,0.5371227921527733,0.578935563916635,0.20013702337936495,2.1859285200590377,0.02938719191461261,0.0697926241122733
B,traj,Y8 320->640|mono,Y8 320->640,mono,collision,5.0,10.0,False,8008,678,328,0.4837758112094395,0.3684183452458306,0.5746011597643943,0.29785097299786534,0.12952702552266307,0.6389236772822773,0.11783173487885719,0.16781584869802704
B,traj,Y8 320->640|mono,Y8 320->640,mono,collision,20.0,10.0,False,8008,678,328,0.4837758112094395,0.3782897657897658,0.5714333524574489,0.27000872954537564,0.1253576400876679,0.6205547603645434,0.136862921180598,0.1874856956787475
B,traj,Y8 320->640|mono,Y8 320->640,mono,clearance,0.75,1.5,False,8008,629,307,0.48807631160572335,0.3989921124651451,0.5568378817586561,0.31765993057144776,0.17954501587363045,0.7012970804281587,0.11569492542960819,0.16955610642432384
B,traj,Y8 320->640|mono,Y8 320->640,mono,clearance,3.0,1.5,False,8008,719,331,0.4603616133518776,0.3636261720342438,0.5353868654615055,0.2702845856138704,0.1259241365190485,0.6511013480664836,0.13739459171344182,0.1882851711841998
B,traj,Y8 320->640|mono,Y8 320->640,mono,progress,0.5,1.0,False,8008,701,330,0.47075606276747506,0.36155054483098403,0.5549233988503869,0.27787798671410757,0.12960929795665863,0.5712696218818348,0.1344228648471279,0.18614979515090496
B,traj,Y8 320->640|mono,Y8 320->640,mono,progress,2.0,1.0,False,8008,647,311,0.4806800618238022,0.3835093957195369,0.5625916413625246,0.3084579668554438,0.1575960657525006,0.6600578265334861,0.1100681836690049,0.15916340351504984
B,traj,Y8 320->640|oracle,Y8 320->640,oracle,collision,5.0,10.0,False,8008,463,14,0.03023758099352052,0.009206958144109226,0.07462807714673386,0.0037936739339545925,0.0004208826913054907,0.012369773639245416,0.597377103780356,0.5996519878962818
B,traj,Y8 320->640|oracle,Y8 320->640,oracle,collision,20.0,10.0,False,8008,463,14,0.03023758099352052,0.00972188511326861,0.07192730750836916,0.0030739978250711574,0.0001759759720224534,0.012007486228302527,0.7728527843102625,0.7752358576505977
B,traj,Y8 320->640|oracle,Y8 320->640,oracle,clearance,0.75,1.5,False,8008,446,12,0.026905829596412557,0.006905443762988494,0.07274475524475522,0.003065765339409557,0.0001217566869177001,0.011970266110334339,0.6487416373476292,0.6507366431934145
B,traj,Y8 320->640|oracle,Y8 320->640,oracle,clearance,3.0,1.5,False,8008,486,18,0.037037037037037035,0.011148331222680665,0.08196850597300512,0.0037578731280737874,0.00034286239697564196,0.013092571185977583,0.733647136475453,0.7364144886936386
B,traj,Y8 320->640|oracle,Y8 320->640,oracle,progress,0.5,1.0,False,8008,470,15,0.031914893617021274,0.007956162451182101,0.07988996297819827,0.0032411202295574365,0.00016134094158627322,0.012914861517499075,0.7623086082478269,0.7647873760837619
B,traj,Y8 320->640|oracle,Y8 320->640,oracle,progress,2.0,1.0,False,8008,450,12,0.02666666666666667,0.006504012179263535,0.07600397350993376,0.0033137220244457036,0.00019780802874269928,0.011890215568625418,0.5674588591618095,0.5693455119241922
B,traj,Y8 384->640|mono,Y8 384->640,mono,collision,5.0,10.0,False,8008,458,223,0.4868995633187773,0.37529330963154495,0.5975644799551444,0.4653661714947956,0.16910846447028646,1.26530777051513,0.05555398361796489,0.1039103413513687
B,traj,Y8 384->640|mono,Y8 384->640,mono,collision,20.0,10.0,False,8008,458,223,0.4868995633187773,0.3773918732782369,0.6005864987310443,0.4530226396545381,0.16449557802007306,1.2076352118354337,0.06350389511578756,0.11609967746321263
B,traj,Y8 384->640|mono,Y8 384->640,mono,clearance,0.75,1.5,False,8008,402,199,0.49502487562189057,0.3841252155242526,0.6045243010285383,0.49619619334004783,0.1978363139241115,1.2861417151324575,0.052822846732706846,0.10484805004333794
B,traj,Y8 384->640|mono,Y8 384->640,mono,clearance,3.0,1.5,False,8008,488,231,0.4733606557377049,0.3712976617482066,0.5705984538830637,0.4479883964043176,0.16687040631724445,1.209994360635719,0.06395715228853145,0.11586197078454244
B,traj,Y8 384->640|mono,Y8 384->640,mono,progress,0.5,1.0,False,8008,477,231,0.48427672955974843,0.3653532608695652,0.5901324419578651,0.45961076884297736,0.16012515233234315,1.3360558882675362,0.06307544825237382,0.11672225243520042
B,traj,Y8 384->640|mono,Y8 384->640,mono,progress,2.0,1.0,False,8008,416,212,0.5096153846153846,0.39997983870967746,0.6221636796105764,0.5141845069421476,0.21870845952796672,1.3096181158369142,0.04656062486145183,0.09584013998480538
B,traj,Y8 512->640|mono,Y8 512->640,mono,collision,5.0,10.0,False,8008,266,143,0.5375939849624061,0.4120780245582971,0.6597531630501327,1.1201003400457097,0.4606010538253584,3.514138930219278,-0.005816981325441797,0.04843434517527492
B,traj,Y8 512->640|mono,Y8 512->640,mono,collision,20.0,10.0,False,8008,266,143,0.5375939849624061,0.4131947597856689,0.6641857506361323,1.1092463120799447,0.4293244347899639,4.1726834989838535,-0.005957968376082532,0.05453702063391016
B,traj,Y8 512->640|mono,Y8 512->640,mono,clearance,0.75,1.5,False,8008,253,138,0.5454545454545454,0.41199926900584793,0.6778949905446995,1.1111099950848526,0.5008647667714146,3.6329650684640487,-0.006123857017453715,0.05511526674784778
B,traj,Y8 512->640|mono,Y8 512->640,mono,clearance,3.0,1.5,False,8008,287,148,0.5156794425087108,0.39997942386831276,0.6340852130325815,1.0985859050994022,0.41354117827848696,3.4048063687520767,-0.005340940048788576,0.05417549337710519
B,traj,Y8 512->640|mono,Y8 512->640,mono,progress,0.5,1.0,False,8008,271,144,0.5313653136531366,0.40173130535612955,0.660244875943905,1.1386089384854399,0.48190824213956085,4.554423877149165,-0.007481846766451879,0.053978097287267046
B,traj,Y8 512->640|mono,Y8 512->640,mono,progress,2.0,1.0,False,8008,252,137,0.5436507936507936,0.41868625277161864,0.6587742504409171,1.1478881483830312,0.4931840901142664,3.4013578593688774,-0.007123810570965518,0.048170260084092816
B,traj,RT 320->640|mono,RT 320->640,mono,collision,5.0,10.0,False,8008,517,257,0.49709864603481624,0.40152994609516346,0.6000669642857142,0.7694423263309236,0.22474922551400545,3.4531534375745787,0.021048368179351764,0.09129328833167745
B,traj,RT 320->640|mono,RT 320->640,mono,collision,20.0,10.0,False,8008,517,257,0.49709864603481624,0.406776185770751,0.5894525664560397,0.7566868763825043,0.21383490590903131,3.2433237796751273,0.024842013343638933,0.10209894548348393
B,traj,RT 320->640|mono,RT 320->640,mono,clearance,0.75,1.5,False,8008,489,242,0.4948875255623722,0.4079530423280423,0.5943165192706628,0.7449667183198496,0.21998405816367228,3.7858145707517377,0.025215214794908923,0.09887029108041102
B,traj,RT 320->640|mono,RT 320->640,mono,clearance,3.0,1.5,False,8008,564,277,0.49113475177304966,0.403424030091831,0.5750455211756993,0.7367820091137917,0.23917773559095476,3.0859217097855467,0.027145604020196983,0.1031297440148469
B,traj,RT 320->640|mono,RT 320->640,mono,progress,0.5,1.0,False,8008,527,248,0.47058823529411764,0.3779906037739081,0.562326443135841,0.7491489168240769,0.2017270034011101,3.167845633439077,0.025825890862756603,0.10295307692430736
B,traj,RT 320->640|mono,RT 320->640,mono,progress,2.0,1.0,False,8008,487,236,0.48459958932238195,0.4002888338529619,0.5793616872197309,0.7887666635247425,0.2714123991093685,3.9000531562982452,0.01885518741348321,0.0892623661023871
B,traj,RT 480->640|mono,RT 480->640,mono,collision,5.0,10.0,False,8008,295,128,0.43389830508474575,0.35755203976353805,0.5338316088270304,0.5748953613506068,0.1944027698134251,2.144646879905188,0.02800649353200065,0.06588141127083569
B,traj,RT 480->640|mono,RT 480->640,mono,collision,20.0,10.0,False,8008,295,128,0.43389830508474575,0.3578934468524252,0.5421067821067821,0.5822811750747443,0.1824252900870827,2.6533115798985167,0.030661019929338933,0.07340109686180706
B,traj,RT 480->640|mono,RT 480->640,mono,clearance,0.75,1.5,False,8008,272,123,0.4522058823529412,0.365077856237552,0.5627617842454918,0.5966699820569834,0.20636231982667888,2.328772665227165,0.027287812442699497,0.06765628946208213
B,traj,RT 480->640|mono,RT 480->640,mono,clearance,3.0,1.5,False,8008,321,144,0.4485981308411215,0.3656514723678903,0.5496771523178808,0.5713622242538118,0.1941211548426632,2.333496215723661,0.03116260272060227,0.07270148475913793
B,traj,RT 480->640|mono,RT 480->640,mono,progress,0.5,1.0,False,8008,308,132,0.42857142857142855,0.34490364286875913,0.5283245801724696,0.5863580316772062,0.1820775218415844,2.491437833074608,0.03001448547934903,0.0725615091743462
B,traj,RT 480->640|mono,RT 480->640,mono,progress,2.0,1.0,False,8008,281,125,0.44483985765124556,0.3576841692789969,0.5662789406473822,0.6024722579769572,0.2205508926636393,2.6596253156470206,0.02544685514023918,0.0640127781038339
