cell,dataset,system,geometry,moderate_gap_kitti,scheme,split,t_cheap,t_full,n_frames,n_units,cheap_det_per_frame,cheap_precision,cheap_recall,full_det_per_frame,full_precision,full_recall,affected,harmed,harm_rate,harm_rate_lo,harm_rate_hi,rho,rho_lo,rho_hi,all_full_reduction,oracle20_reduction,exact_FN_sign_disagreement,exact_FN_n_both_nonzero,exact_FN_spearman,exact_FN_harmed_given_gain_pos,exact_FN_harmed_given_gain_pos_affected,FN_FP_sign_disagreement,FN_FP_n_both_nonzero,FN_FP_spearman,FN_FP_harmed_given_gain_pos,FN_FP_harmed_given_gain_pos_affected,E5_combined_sign_disagreement,E5_combined_n_both_nonzero,E5_combined_spearman,E5_combined_harmed_given_gain_pos,E5_combined_harmed_given_gain_pos_affected,E_risk_sign_disagreement,E_risk_n_both_nonzero,E_risk_spearman,E_risk_harmed_given_gain_pos,E_risk_harmed_given_gain_pos_affected,brake_vs_plan_both_nonzero,brake_vs_plan_opposite_sign
nuScenes oracle Y8 320->640 q_brake,nuScenes,brake,oracle,False,S0,all,0.25,0.25,3376,85,2.5589454976303316,0.6541266350272023,0.3439406900484745,4.177725118483412,0.5787010777084515,0.49871685201026517,240,97,0.4041666666666667,0.30133561643835616,0.506728595691646,0.42140513212355013,0.1929010879756061,0.7615513828849616,0.14212640543824925,0.2456406258145354,0.3464052287581699,153.0,0.05887141258231441,0.03151674326986211,0.3380281690140845,0.38,200.0,0.06487912155144393,0.02,0.25301204819277107,0.4127659574468085,235.0,0.06314360045081228,0.017458100558659217,0.26595744680851063,0.3424657534246575,146.0,0.07412223402951337,0.03394039735099338,0.3228346456692913,128.0,66.0
nuScenes oracle Y8 320->640 q_brake,nuScenes,brake,oracle,False,S0,test,0.25,0.25,955,24,1.974869109947644,0.6755037115588547,0.3295093971198438,3.1905759162303666,0.6160157531998687,0.4915792042958262,46,15,0.32608695652173914,0.13153021442495128,0.5135328185328185,0.2629863500898979,0.035921552810151906,0.9734462819011771,0.14430737594533458,0.1958001401506424,0.3333333333333333,27.0,0.024443806651774858,0.01912568306010929,0.30434782608695654,0.4857142857142857,35.0,0.003647121757129072,0.021052631578947368,0.375,0.45454545454545453,44.0,0.019825561613582964,0.01256281407035176,0.25,0.3333333333333333,24.0,0.05381333931669351,0.023809523809523808,0.3,27.0,15.0
nuScenes oracle Y8 320->640 q_brake,nuScenes,brake,oracle,False,S1,all,0.25,0.498046875,3376,85,2.5589454976303316,0.6541266350272023,0.3439406900484745,2.593601895734597,0.7643901324805847,0.4099230111206159,196,77,0.39285714285714285,0.29935447108779817,0.4888888888888889,0.5389490576214673,0.25388925731100037,0.971323657068179,0.08719072939227583,0.18911300547931775,0.3238095238095238,105.0,0.05954665155811278,0.02197802197802198,0.30985915492957744,0.2945205479452055,146.0,0.08157607396861623,0.020086083213773313,0.28,0.34210526315789475,190.0,0.08900784432924594,0.017525225703664365,0.2796610169491525,0.33653846153846156,104.0,0.06705649203068026,0.022565320665083134,0.2923076923076923,106.0,53.0
nuScenes oracle Y8 320->640 q_brake,nuScenes,brake,oracle,False,S1,test,0.25,0.498046875,955,24,1.974869109947644,0.6755037115588547,0.3295093971198438,2.095287958115183,0.7731134432783608,0.4068830851842812,49,20,0.40816326530612246,0.19990196078431374,0.6086956521739131,0.4454886431891581,0.181612022023218,1.0166513337805476,0.09938883498896535,0.17923678887404532,0.27586206896551724,29.0,0.08735571288114027,0.01606425702811245,0.25,0.29411764705882354,34.0,0.0765866482511034,0.017094017094017096,0.2857142857142857,0.3958333333333333,48.0,0.06215113981783461,0.018518518518518517,0.3333333333333333,0.2857142857142857,28.0,0.1018648940213674,0.022857142857142857,0.26666666666666666,27.0,20.0
nuScenes oracle Y8 320->640 q_brake,nuScenes,brake,oracle,False,S2,all,0.25,0.4,3376,85,2.5589454976303316,0.6541266350272023,0.3439406900484745,3.0906398104265405,0.7026068621813303,0.4495580268035358,207,80,0.3864734299516908,0.2911233293260731,0.47340489772844074,0.3908317602786469,0.16959977818609695,0.7117269984487742,0.12863899837537127,0.21117154504675734,0.35398230088495575,113.0,0.04037038233188993,0.027004909983633387,0.35106382978723405,0.35443037974683544,158.0,0.054761623458743226,0.023880597014925373,0.3047619047619048,0.4,200.0,0.060239922528936375,0.021799888205701508,0.3170731707317073,0.34782608695652173,115.0,0.05718981874395175,0.027,0.313953488372093,106.0,54.0
nuScenes oracle Y8 320->640 q_brake,nuScenes,brake,oracle,False,S2,test,0.25,0.4,955,24,1.974869109947644,0.6755037115588547,0.3295093971198438,2.4544502617801047,0.7226962457337884,0.4449597266292409,45,14,0.3111111111111111,0.16357771260997067,0.4865038115038115,0.19391629013859565,0.058104048925156304,0.5873746211061667,0.14965724579397555,0.18565968268941582,0.2962962962962963,27.0,0.045125738094954765,0.016666666666666666,0.2631578947368421,0.34375,32.0,0.0383008847824144,0.014970059880239521,0.23809523809523808,0.4318181818181818,44.0,0.03101242308166147,0.015151515151515152,0.28,0.28,25.0,0.08252538323515887,0.01932367149758454,0.23529411764705882,24.0,17.0
nuScenes oracle Y8 320->640 q_brake,nuScenes,brake,oracle,False,S3,all,0.25,0.34,3376,85,2.5589454976303316,0.6541266350272023,0.3439406900484745,3.4410545023696684,0.6597228200051648,0.4695181066438551,229,90,0.3930131004366812,0.3098416836899258,0.4798201976850045,0.4127533940030257,0.18925165806805785,0.7363380791784132,0.13433261389185863,0.22874991957390917,0.3409090909090909,132.0,0.05041923864720545,0.029104477611940297,0.33620689655172414,0.3712574850299401,167.0,0.05528946183325616,0.0215311004784689,0.28421052631578947,0.4189189189189189,222.0,0.06125333209217674,0.02494061757719715,0.328125,0.3333333333333333,132.0,0.0712218709616912,0.030583873957367932,0.3113207547169811,122.0,64.0
nuScenes oracle Y8 320->640 q_brake,nuScenes,brake,oracle,False,S3,test,0.25,0.34,955,24,1.974869109947644,0.6755037115588547,0.3295093971198438,2.6848167539267016,0.6879875195007801,0.4639980473517208,50,18,0.36,0.20453385899814472,0.5373866213151924,0.2945694947264374,0.0953585856127387,0.9862564811831648,0.13826641278886542,0.19600288299872468,0.25,28.0,0.06965608314481146,0.015151515151515152,0.23809523809523808,0.34285714285714286,35.0,0.05013216832079313,0.012269938650306749,0.2222222222222222,0.4166666666666667,48.0,0.05267034318551988,0.01569506726457399,0.28,0.24,25.0,0.09956422453199767,0.017857142857142856,0.2222222222222222,27.0,18.0
nuScenes oracle Y8 320->640 q_brake,nuScenes,brake,oracle,False,S4,all,0.25,0.1,3376,85,2.5589454976303316,0.6541266350272023,0.3439406900484745,7.063388625592417,0.386899270317873,0.5597946963216425,290,139,0.4793103448275862,0.3724460891812866,0.5810914989879747,0.445245221278907,0.21149950144717108,0.8594276211145851,0.18306796227231115,0.32999799063353397,0.43434343434343436,198.0,0.04085193573797356,0.045730027548209366,0.43005181347150256,0.444015444015444,259.0,0.07812086485434114,0.020179372197309416,0.3,0.458041958041958,286.0,0.07213770816902962,0.017713365539452495,0.28205128205128205,0.41621621621621624,185.0,0.07116289501458693,0.05010585744530699,0.4127906976744186,149.0,83.0
nuScenes oracle Y8 320->640 q_brake,nuScenes,brake,oracle,False,S4,test,0.25,0.1,955,24,1.974869109947644,0.6755037115588547,0.3295093971198438,5.281675392670157,0.41871530531324347,0.5499145716377838,56,26,0.4642857142857143,0.21873579545454547,0.6842348927875244,0.2475816819343999,0.04876594281272207,0.8860049949005792,0.17699407075706036,0.23523360145204347,0.5294117647058824,34.0,-0.026550726845635374,0.03764705882352941,0.5,0.5,50.0,-0.0031863545586922376,0.030303030303030304,0.4444444444444444,0.48148148148148145,54.0,0.006910222944977884,0.01507537688442211,0.3333333333333333,0.5161290322580645,31.0,0.013172774587849063,0.04950495049504951,0.5,25.0,16.0
nuScenes oracle Y8 320->640 q_plan,nuScenes,plan,oracle,False,S0,all,0.25,0.25,2655,85,2.609416195856874,0.6551674364896074,0.33239841291558353,4.2531073446327685,0.582624867162593,0.48310302366944863,1179,600,0.5089058524173028,0.4731969046506571,0.5439911281905304,0.7035475557548901,0.5039846608455917,0.9904944999574457,0.01311285377199777,0.04408754193960015,0.5037220843672456,806.0,0.01600197681526124,0.3104575163398693,0.5059920106524634,0.4979035639412998,954.0,0.016234268400593728,0.30342384887839435,0.50293542074364,0.5004291845493563,1165.0,0.00720089193047374,0.26591107236268524,0.5066445182724253,0.5098870056497176,708.0,0.006725118118007388,0.3230769230769231,0.5048076923076923,128.0,66.0
nuScenes oracle Y8 320->640 q_plan,nuScenes,plan,oracle,False,S0,test,0.25,0.25,752,24,2.074468085106383,0.6685897435897435,0.31918554631488383,3.3856382978723403,0.6099764336213669,0.4794952681388013,302,156,0.5165562913907285,0.457666815942678,0.5885119758775672,1.0291579012482304,0.6389645135869312,1.6967301708055753,-0.0008377967267429604,0.028733094320147645,0.5309278350515464,194.0,-0.0069594033228783025,0.31788079470198677,0.5274725274725275,0.5394190871369294,241.0,-0.05020539866067231,0.3232758620689655,0.539568345323741,0.5476190476190477,294.0,-0.08526886865442851,0.2830188679245283,0.5555555555555556,0.5163398692810458,153.0,-0.0282910142373202,0.32075471698113206,0.5,27.0,15.0
nuScenes oracle Y8 320->640 q_plan,nuScenes,plan,oracle,False,S1,all,0.25,0.498046875,2655,85,2.609416195856874,0.6551674364896074,0.33239841291558353,2.6365348399246704,0.7651428571428571,0.39430838692023534,1025,515,0.5024390243902439,0.46808307423438805,0.5395264382960036,0.7817422968485065,0.5642970698268044,1.0912817941362611,0.007793179158059955,0.03570631893184857,0.5023255813953489,645.0,0.006057430278057536,0.30671736375158426,0.5031185031185031,0.5185185185185185,864.0,-0.02060487164053355,0.3087971274685817,0.5196374622356495,0.5253227408142999,1007.0,-0.024594348771810944,0.2511816340310601,0.5181058495821727,0.506514657980456,614.0,0.005038253876332858,0.31946508172362553,0.508274231678487,106.0,53.0
nuScenes oracle Y8 320->640 q_plan,nuScenes,plan,oracle,False,S1,test,0.25,0.498046875,752,24,2.074468085106383,0.6685897435897435,0.31918554631488383,2.1941489361702127,0.7672727272727272,0.3934614281617436,271,137,0.5055350553505535,0.44538793103448276,0.5641263940520446,1.4655170406280584,0.879505985696969,2.419945649893307,-0.009103470951810954,0.019555612700082665,0.5732484076433121,157.0,-0.08017169167644737,0.35353535353535354,0.5555555555555556,0.5777777777777777,225.0,-0.10913839625651366,0.34385964912280703,0.5568181818181818,0.5741444866920152,263.0,-0.1099177291723543,0.2654639175257732,0.553763440860215,0.5597014925373134,134.0,-0.06258861582125763,0.33793103448275863,0.5268817204301075,27.0,20.0
nuScenes oracle Y8 320->640 q_plan,nuScenes,plan,oracle,False,S2,all,0.25,0.4,2655,85,2.609416195856874,0.6551674364896074,0.33239841291558353,3.143879472693032,0.7046843177189409,0.43364345327678205,1070,536,0.5009345794392523,0.4665397217677343,0.5340938378631678,0.7126458127432282,0.5304611369826963,0.9821558189797698,0.010480571698282273,0.03647262187990261,0.5058139534883721,688.0,-0.0006514345217755296,0.3055555555555556,0.5025380710659898,0.5230596175478065,889.0,-0.026530743497543037,0.31431244153414406,0.5185185185185185,0.5256653992395437,1052.0,-0.031138830039847385,0.26222537207654145,0.5174825174825175,0.5110759493670886,632.0,-0.004848449039412746,0.3204488778054863,0.5049115913555993,106.0,54.0
nuScenes oracle Y8 320->640 q_plan,nuScenes,plan,oracle,False,S2,test,0.25,0.4,752,24,2.074468085106383,0.6685897435897435,0.31918554631488383,2.583776595744681,0.7143592382913021,0.43016919988528823,273,140,0.5128205128205128,0.455326864342681,0.5714424680377987,1.3733059183970495,0.7874728968991566,2.416683156833976,-0.007648842250205149,0.020489474913895703,0.5680473372781065,169.0,-0.06495741535370553,0.3292181069958848,0.54421768707483,0.5648148148148148,216.0,-0.08255766270594182,0.3208955223880597,0.5375,0.5703422053231939,263.0,-0.10732429880287603,0.2608695652173913,0.5581395348837209,0.5401459854014599,137.0,-0.03714463379913353,0.31976744186046513,0.5045871559633027,24.0,17.0
nuScenes oracle Y8 320->640 q_plan,nuScenes,plan,oracle,False,S3,all,0.25,0.34,2655,85,2.609416195856874,0.6551674364896074,0.33239841291558353,3.4990583804143127,0.6618945102260495,0.4528663291831988,1104,554,0.5018115942028986,0.4700335048057398,0.5346835425341,0.7165264348716345,0.5339810128603427,0.9801164849968088,0.01107985955257628,0.03906619678969087,0.510958904109589,730.0,-0.003970232132513658,0.3102803738317757,0.5084226646248086,0.5162374020156775,893.0,-0.019205813044680498,0.31162324649298595,0.5123558484349259,0.5174953959484346,1086.0,-0.0245525740738154,0.2636704119850187,0.5138686131386861,0.517503805175038,657.0,-0.015108482717521502,0.32560834298957125,0.5090579710144928,122.0,64.0
nuScenes oracle Y8 320->640 q_plan,nuScenes,plan,oracle,False,S3,test,0.25,0.34,752,24,2.074468085106383,0.6685897435897435,0.31918554631488383,2.8404255319148937,0.6807116104868914,0.45110410094637227,284,145,0.5105633802816901,0.45258302713397397,0.578952850877193,1.064636932767841,0.6733087467923594,1.7395482519260315,-0.0017201105905531586,0.026611884520129452,0.5393258426966292,178.0,-0.02534125022640773,0.3076923076923077,0.5283018867924528,0.5336322869955157,223.0,-0.04779280166107099,0.30038022813688214,0.5163398692810458,0.5547445255474452,274.0,-0.08387129714779258,0.25842696629213485,0.5508982035928144,0.5352112676056338,142.0,-0.030422097428095665,0.31746031746031744,0.5042016806722689,27.0,18.0
nuScenes oracle Y8 320->640 q_plan,nuScenes,plan,oracle,False,S4,all,0.2,0.3,2655,85,3.099058380414313,0.5854399611084103,0.3519633328772746,3.8177024482109227,0.6250986582478295,0.4659324120946778,1182,585,0.4949238578680203,0.46438235772834974,0.5267841998178461,0.6720253000057418,0.5129459655499227,0.887715169218954,0.014696650864859806,0.0445351501851056,0.49324324324324326,740.0,0.012565121710556886,0.3104106972301815,0.4954268292682927,0.5142857142857142,980.0,-0.006656203413379506,0.30831826401446655,0.5074404761904762,0.5081967213114754,1159.0,-0.016075174876586412,0.2671428571428571,0.5013404825737265,0.4961948249619482,657.0,0.0015670808520666885,0.32335329341317365,0.4927007299270073,149.0,83.0
nuScenes oracle Y8 320->640 q_plan,nuScenes,plan,oracle,False,S4,test,0.2,0.3,752,24,2.4507978723404253,0.603906673901248,0.3404072268425581,3.0638297872340425,0.6493055555555556,0.4634356180097505,300,155,0.5166666666666667,0.45864662921348315,0.5817454446918209,0.9251080981630719,0.6156663534006954,1.465539180500027,0.0023427981534198798,0.031282396306628164,0.532967032967033,182.0,-0.01811224254546,0.3269961977186312,0.5308641975308642,0.5673469387755102,245.0,-0.07445803205323459,0.33687943262411346,0.5523255813953488,0.5778546712802768,289.0,-0.10960836506149411,0.2978142076502732,0.5706806282722513,0.5179856115107914,139.0,-0.024091326298104666,0.3313953488372093,0.504424778761062,25.0,16.0
nuScenes mono Y8 320->640 q_brake,nuScenes,brake,mono,False,S0,all,0.25,0.25,3376,85,2.5589454976303316,0.6541266350272023,0.3439406900484745,4.177725118483412,0.5787010777084515,0.49871685201026517,454,192,0.42290748898678415,0.35606001970166057,0.48714415412913264,0.4121972567831394,0.28145880724717476,0.5790842708316745,0.16645983528587036,0.28318995990880896,0.45390070921985815,282.0,-0.007546577402799498,0.07747866053841103,0.43866171003717475,0.46111111111111114,360.0,0.03145619050482108,0.06952380952380953,0.4010989010989011,0.47555555555555556,450.0,0.038027037411547754,0.06284916201117319,0.39823008849557523,0.4732824427480916,262.0,-0.0018195208542275125,0.08609271523178808,0.44635193133047213,286.0,150.0
nuScenes mono Y8 320->640 q_brake,nuScenes,brake,mono,False,S0,test,0.25,0.25,955,24,1.974869109947644,0.6755037115588547,0.3295093971198438,3.1905759162303666,0.6160157531998687,0.4915792042958262,103,43,0.4174757281553398,0.3181711979609176,0.5176688453159042,0.3496383516412275,0.1480500158555623,0.9718332686836357,0.16657087352354272,0.25612038155062566,0.4444444444444444,54.0,0.002507126493121279,0.05737704918032787,0.42,0.4647887323943662,71.0,0.03311178879582501,0.05263157894736842,0.39473684210526316,0.44554455445544555,101.0,0.05678743197848889,0.05527638190954774,0.3793103448275862,0.5116279069767442,43.0,-0.004768784504520423,0.07539682539682539,0.5,70.0,44.0
nuScenes mono Y8 320->640 q_brake,nuScenes,brake,mono,False,S1,all,0.25,0.498046875,3376,85,2.5589454976303316,0.6541266350272023,0.3439406900484745,2.593601895734597,0.7643901324805847,0.4099230111206159,383,140,0.36553524804177545,0.3040514868972316,0.4221725608563887,0.3423234011965865,0.23527296244609713,0.48611942465709496,0.16194449588292817,0.24623727859189884,0.4951923076923077,208.0,-0.03247526994767764,0.06593406593406594,0.44,0.42124542124542125,273.0,0.019676170549219517,0.05380200860832138,0.36585365853658536,0.4601063829787234,376.0,0.02028305433963438,0.05151354221986192,0.3716475095785441,0.504950495049505,202.0,-0.01856165565341998,0.0665083135391924,0.42424242424242425,246.0,135.0
nuScenes mono Y8 320->640 q_brake,nuScenes,brake,mono,False,S1,test,0.25,0.498046875,955,24,1.974869109947644,0.6755037115588547,0.3295093971198438,2.095287958115183,0.7731134432783608,0.4068830851842812,90,30,0.3333333333333333,0.22465667915106116,0.44740215924426446,0.2062883673880669,0.06948848788332118,0.6283712182083185,0.18375015761943192,0.23150745191266753,0.46938775510204084,49.0,-0.020921119779249448,0.04819277108433735,0.375,0.4098360655737705,61.0,0.027319158453174345,0.042735042735042736,0.3333333333333333,0.43820224719101125,89.0,0.03347599388416869,0.0411522633744856,0.3333333333333333,0.5227272727272727,44.0,-0.009175409456391687,0.06285714285714286,0.44,58.0,38.0
nuScenes mono Y8 320->640 q_brake,nuScenes,brake,mono,False,S2,all,0.25,0.4,3376,85,2.5589454976303316,0.6541266350272023,0.3439406900484745,3.0906398104265405,0.7026068621813303,0.4495580268035358,407,159,0.3906633906633907,0.326442746241237,0.4509337586923794,0.34415351262855187,0.23846309218894607,0.48981386554846773,0.17333473980307587,0.2642916340038361,0.484304932735426,223.0,-0.0362040279119452,0.07283142389525368,0.4564102564102564,0.4261744966442953,298.0,0.025575215187091462,0.06194029850746269,0.3789954337899543,0.435,400.0,0.044945963694198725,0.05701509223029626,0.3695652173913043,0.4883720930232558,215.0,-0.0192745951086046,0.076,0.4393063583815029,254.0,137.0
nuScenes mono Y8 320->640 q_brake,nuScenes,brake,mono,False,S2,test,0.25,0.4,955,24,1.974869109947644,0.6755037115588547,0.3295093971198438,2.4544502617801047,0.7226962457337884,0.4449597266292409,93,34,0.3655913978494624,0.23878820184790334,0.4660214744117163,0.21342434685302086,0.08191532621502966,0.55046665532151,0.191411431030458,0.24334776987394355,0.425531914893617,47.0,-0.01079848227365841,0.05333333333333334,0.4,0.4166666666666667,60.0,0.022352273432029734,0.05089820359281437,0.3617021276595745,0.41304347826086957,92.0,0.05868431479239852,0.045454545454545456,0.3387096774193548,0.4883720930232558,43.0,-0.0040892028415539855,0.07246376811594203,0.45454545454545453,61.0,39.0
nuScenes mono Y8 320->640 q_brake,nuScenes,brake,mono,False,S3,all,0.25,0.34,3376,85,2.5589454976303316,0.6541266350272023,0.3439406900484745,3.4410545023696684,0.6597228200051648,0.4695181066438551,427,171,0.40046838407494145,0.3351452002957969,0.45714615638403167,0.3712422744531195,0.24201854496985375,0.5385700254974118,0.17188746868836807,0.27337631285383296,0.4634146341463415,246.0,-0.022370021406855015,0.07313432835820896,0.4375,0.43086816720257237,311.0,0.03148978381767951,0.05980861244019139,0.36585365853658536,0.4489311163895487,421.0,0.046017931278283394,0.06175771971496437,0.38095238095238093,0.47863247863247865,234.0,-0.007959938837063158,0.07970342910101946,0.4365482233502538,269.0,142.0
nuScenes mono Y8 320->640 q_brake,nuScenes,brake,mono,False,S3,test,0.25,0.34,955,24,1.974869109947644,0.6755037115588547,0.3295093971198438,2.6848167539267016,0.6879875195007801,0.4639980473517208,98,38,0.3877551020408163,0.28408740179573516,0.4910827784503632,0.26575551216398635,0.10119438578245146,0.7254526863907041,0.1880549783760036,0.25612038155062566,0.4117647058823529,51.0,0.00433660430457968,0.051515151515151514,0.37777777777777777,0.4393939393939394,66.0,0.02767206196899148,0.046012269938650305,0.35714285714285715,0.4375,96.0,0.06023237370531307,0.04484304932735426,0.3508771929824561,0.4634146341463415,41.0,0.019017734772861897,0.06696428571428571,0.4411764705882353,65.0,40.0
nuScenes mono Y8 320->640 q_brake,nuScenes,brake,mono,False,S4,all,0.45,0.4,3376,85,1.5192535545023698,0.8305712614544746,0.25805531793555747,3.0906398104265405,0.7026068621813303,0.4495580268035358,372,187,0.5026881720430108,0.4281688117209001,0.5777216735966736,0.46105817280763434,0.3012875186905225,0.7423198644200425,0.13023525929732746,0.24164993831670536,0.5222222222222223,270.0,-0.03923133293267428,0.08201523140011717,0.5243445692883895,0.4423076923076923,260.0,0.025677970581563393,0.06766917293233082,0.45251396648044695,0.4594594594594595,370.0,0.03285420732471328,0.06976744186046512,0.46987951807228917,0.5,258.0,0.002343896021241622,0.08784258608573436,0.5040322580645161,248.0,129.0
nuScenes mono Y8 320->640 q_brake,nuScenes,brake,mono,False,S4,test,0.45,0.4,955,24,1.1979057591623037,0.8583916083916084,0.2536001952648279,2.4544502617801047,0.7226962457337884,0.4449597266292409,96,41,0.4270833333333333,0.2966190476190476,0.5490441176470588,0.29343305536877357,0.10004395949123875,0.8959992095235844,0.1881439951451865,0.26627907882583335,0.46875,64.0,-0.03316333262778044,0.07178217821782178,0.46774193548387094,0.43103448275862066,58.0,0.021332722478489663,0.05802047781569966,0.3953488372093023,0.4166666666666667,96.0,0.05063459155673736,0.06088992974238876,0.3880597014925373,0.47540983606557374,61.0,0.010509586110028493,0.08709677419354839,0.47368421052631576,68.0,39.0
nuScenes mono Y8 320->640 q_plan,nuScenes,plan,mono,False,S0,all,0.25,0.25,2655,85,2.609416195856874,0.6551674364896074,0.33239841291558353,4.2531073446327685,0.582624867162593,0.48310302366944863,1612,794,0.49255583126550867,0.4655330080892737,0.5210674861899215,0.7133887667149577,0.5323159684420405,1.0070654968480761,0.01585612301609055,0.05313108272349183,0.4738562091503268,918.0,0.028971683505421498,0.3333333333333333,0.4755244755244755,0.49830508474576274,1180.0,0.009260860430229455,0.34946871310507677,0.4925124792013311,0.5006257822277848,1598.0,0.0022357878002999512,0.3435047951176983,0.4912718204488778,0.47416020671834624,774.0,0.032389671752804064,0.3333333333333333,0.47307132459970885,286.0,150.0
nuScenes mono Y8 320->640 q_plan,nuScenes,plan,mono,False,S0,test,0.25,0.25,752,24,2.074468085106383,0.6685897435897435,0.31918554631488383,3.3856382978723403,0.6099764336213669,0.4794952681388013,453,225,0.4966887417218543,0.4514038876889849,0.5459489826905557,0.5499881274186688,0.28796838789871987,1.2360232634854422,0.026385272556461906,0.057056980049594926,0.5083333333333333,240.0,-0.007208007520629339,0.3708609271523179,0.5,0.5297805642633229,319.0,-0.04391703575702294,0.375,0.514792899408284,0.5235955056179775,445.0,-0.037721797802593895,0.36477987421383645,0.5178571428571429,0.4808743169398907,183.0,0.0248024495129706,0.3584905660377358,0.4691358024691358,70.0,44.0
nuScenes mono Y8 320->640 q_plan,nuScenes,plan,mono,False,S1,all,0.25,0.498046875,2655,85,2.609416195856874,0.6551674364896074,0.33239841291558353,2.6365348399246704,0.7651428571428571,0.39430838692023534,1525,756,0.49573770491803276,0.4644804235531094,0.5287830275190044,0.8295297712983859,0.6039567530497987,1.135698862263147,0.007461727330769656,0.04227589500022707,0.4668470906630582,739.0,0.048535673095258206,0.33079847908745247,0.4711191335740072,0.49291784702549574,1059.0,0.01559732461531886,0.3518850987432675,0.49,0.49767750497677504,1507.0,0.005040360243745562,0.3436866981769075,0.4941747572815534,0.48755490483162517,683.0,0.028990915862323514,0.34175334323922735,0.48218029350104824,246.0,135.0
nuScenes mono Y8 320->640 q_plan,nuScenes,plan,mono,False,S1,test,0.25,0.498046875,752,24,2.074468085106383,0.6685897435897435,0.31918554631488383,2.1941489361702127,0.7672727272727272,0.3934614281617436,433,210,0.48498845265588914,0.4289014895057549,0.5382875245404247,0.7096293124106964,0.35658797874724235,1.465273520060168,0.012736228602626682,0.04238294629158333,0.4919786096256685,187.0,0.018767268479684393,0.35858585858585856,0.47651006711409394,0.5,282.0,-0.010231289220771543,0.35789473684210527,0.4834123222748815,0.4988235294117647,425.0,-0.0005397844946861757,0.3427835051546392,0.4854014598540146,0.5032258064516129,155.0,-0.0007693625339375695,0.35172413793103446,0.46788990825688076,58.0,38.0
nuScenes mono Y8 320->640 q_plan,nuScenes,plan,mono,False,S2,all,0.25,0.4,2655,85,2.609416195856874,0.6551674364896074,0.33239841291558353,3.143879472693032,0.7046843177189409,0.43364345327678205,1555,766,0.492604501607717,0.4618087774294671,0.5191833278622205,0.7335059420413212,0.5160319516744284,1.0241131643640216,0.01280664019433036,0.04618325608705455,0.4866920152091255,789.0,0.018363534118504884,0.3374485596707819,0.48306332842415317,0.4977210574293528,1097.0,0.0036667011467132844,0.3517305893358279,0.4908616187989556,0.5009759271307742,1537.0,-0.007166460565174099,0.34514528703047487,0.49341438703140833,0.497134670487106,698.0,0.006570745665069624,0.34413965087281795,0.48677248677248675,254.0,137.0
nuScenes mono Y8 320->640 q_plan,nuScenes,plan,mono,False,S2,test,0.25,0.4,752,24,2.074468085106383,0.6685897435897435,0.31918554631488383,2.583776595744681,0.7143592382913021,0.43016919988528823,436,213,0.48853211009174313,0.4410940472678068,0.538684501390616,0.5877187222590803,0.2878234945870933,1.383331917185869,0.02134144250495942,0.05019992716628584,0.5047619047619047,210.0,0.013813853371367963,0.3662551440329218,0.489010989010989,0.51985559566787,277.0,-0.031324932058785095,0.3656716417910448,0.49746192893401014,0.5093896713615024,426.0,-0.023557404720710072,0.3451086956521739,0.49416342412451364,0.49693251533742333,163.0,0.010821571832943248,0.36046511627906974,0.46616541353383456,61.0,39.0
nuScenes mono Y8 320->640 q_plan,nuScenes,plan,mono,False,S3,all,0.25,0.34,2655,85,2.609416195856874,0.6551674364896074,0.33239841291558353,3.4990583804143127,0.6618945102260495,0.4528663291831988,1570,772,0.49171974522292994,0.4619791105023097,0.5223315461527315,0.7149328058735944,0.519719137430988,1.0074167493742112,0.014752344258503578,0.04979531703776371,0.47596153846153844,832.0,0.023717427494897088,0.33271028037383177,0.4753004005340454,0.4863636363636364,1100.0,0.012606556789593968,0.3456913827655311,0.4831932773109244,0.49097938144329895,1552.0,0.008670002490398307,0.33857677902621724,0.4844587352625938,0.4755244755244755,715.0,0.024635619000321147,0.33371958285052145,0.4744645799011532,269.0,142.0
nuScenes mono Y8 320->640 q_plan,nuScenes,plan,mono,False,S3,test,0.25,0.34,752,24,2.074468085106383,0.6685897435897435,0.31918554631488383,2.8404255319148937,0.6807116104868914,0.45110410094637227,444,216,0.4864864864864865,0.4397129875886525,0.5308511034497435,0.538805668764451,0.26736971783665053,1.2522206186641938,0.0269779797295671,0.05677088024660653,0.5221238938053098,226.0,-0.022753324306804025,0.37362637362637363,0.504950495049505,0.5204081632653061,294.0,-0.04120946493142549,0.3650190114068441,0.5052631578947369,0.5069124423963134,434.0,-0.02891849707450454,0.3398876404494382,0.491869918699187,0.49411764705882355,170.0,0.0040329284605503755,0.35978835978835977,0.4689655172413793,65.0,40.0
nuScenes mono Y8 320->640 q_plan,nuScenes,plan,mono,False,S4,all,0.1,0.3,2655,85,5.105838041431261,0.412215992918265,0.4064851552880011,3.8177024482109227,0.6250986582478295,0.4659324120946778,1743,827,0.474469305794607,0.4421112611012177,0.504749009736053,0.7698836007051225,0.5435567814966488,1.1093209689230985,0.015791579092916827,0.06456129290341461,0.48331273176761436,809.0,0.0048612557949577395,0.3433962264150943,0.4595959595959596,0.49146757679180886,1465.0,-0.015913117967159544,0.361029842012873,0.48127925117004683,0.4959443800695249,1726.0,-0.0185574351756567,0.35564853556485354,0.4809052333804809,0.4833091436865022,689.0,-0.0076516323681102795,0.3560371517027864,0.4713114754098361,248.0,129.0
nuScenes mono Y8 320->640 q_plan,nuScenes,plan,mono,False,S4,test,0.1,0.3,752,24,4.1236702127659575,0.41696227023540794,0.39518210496128475,3.0638297872340425,0.6493055555555556,0.4634356180097505,481,220,0.4573804573804574,0.40322120691769897,0.5136631016042781,0.5894582675111008,0.25247080997227334,1.4964747505170717,0.033449967165512684,0.07761643151410035,0.5,206.0,-0.01731312332693649,0.35175879396984927,0.4605263157894737,0.47354497354497355,378.0,0.006343555844616021,0.34553775743707094,0.45896656534954405,0.4787234042553192,470.0,0.014525937656642278,0.33669354838709675,0.4562841530054645,0.463855421686747,166.0,-0.0019386946933183016,0.35036496350364965,0.43636363636363634,68.0,39.0
KITTI mono Y8 320->640 q_traj,KITTI,traj,mono,False,S0,all,0.25,0.25,8008,21,3.6225024975024973,0.7259126477989589,0.47463900664959435,6.131993006993007,0.6535383362183077,0.7171447631754503,957,401,0.41901776384535006,0.33969557543791634,0.4896148685649362,0.27557156420120066,0.12549119587429045,0.6241090432276021,0.13066069713065817,0.18036384365086794,,,,,,,,,,,,,,,,,,,,,,
KITTI mono Y8 320->640 q_traj,KITTI,traj,mono,False,S0,test,0.25,0.25,3536,6,3.654128959276018,0.7120965869514744,0.5124807067965299,6.211538461538462,0.6068566745583682,0.7345255202512108,275,132,0.48,0.2647058823529412,0.6292294147241321,1.426792076498352,0.09223102140750485,2.758374680087664,-0.02292083020517737,0.05370491034705472,,,,,,,,,,,,,,,,,,,,,,
KITTI mono Y8 320->640 q_traj,KITTI,traj,mono,False,S1,all,0.25,0.56396484375,8008,21,3.6225024975024973,0.7259126477989589,0.47463900664959435,3.5526973026973026,0.8634446397188049,0.5518517721491747,942,401,0.4256900212314225,0.34390595502789784,0.49029029609726965,0.3410821019256435,0.1851251576166431,0.7672266412094332,0.11261993017675909,0.17091648368618104,,,,,,,,,,,,,,,,,,,,,,
KITTI mono Y8 320->640 q_traj,KITTI,traj,mono,False,S1,test,0.25,0.56396484375,3536,6,3.654128959276018,0.7120965869514744,0.5124807067965299,3.4881221719457014,0.83760337279066,0.5723029432114535,269,124,0.46096654275092935,0.25109304932735427,0.6106498263926801,1.6548598523518774,0.35005398332374815,2.856409677253148,-0.035226674462039,0.05379269218524408,,,,,,,,,,,,,,,,,,,,,,
KITTI mono Y8 320->640 q_traj,KITTI,traj,mono,False,S2,all,0.2,0.35,8008,21,4.231518481518481,0.665230478663755,0.5074135445135467,5.083791208791209,0.7410282233303038,0.6756116981213282,923,368,0.39869989165763814,0.31240108701348285,0.467744405473497,0.33973971057054875,0.15678313048088152,0.7560884502567384,0.10843291949989607,0.16422753455852265,,,,,,,,,,,,,,,,,,,,,,
KITTI mono Y8 320->640 q_traj,KITTI,traj,mono,False,S2,test,0.2,0.35,3536,6,4.262160633484163,0.6478667639838099,0.5431901644579276,5.1218891402714934,0.6975871017613605,0.6972164564372771,266,119,0.4473684210526316,0.21817440174039157,0.6182795698924731,1.7628434735262772,0.0904452748894948,4.475506542115753,-0.03466984959271333,0.04544818274770097,,,,,,,,,,,,,,,,,,,,,,
KITTI mono Y8 320->640 q_traj,KITTI,traj,mono,False,S3,all,0.25,0.3,8008,21,3.6225024975024973,0.7259126477989589,0.47463900664959435,5.557942057942058,0.6997169048260987,0.6968947039962126,947,395,0.4171066525871172,0.33952546629785435,0.4851173572852506,0.2776559924485969,0.1262343295550431,0.6375310990445341,0.12927641132971,0.17896792937748537,,,,,,,,,,,,,,,,,,,,,,
KITTI mono Y8 320->640 q_traj,KITTI,traj,mono,False,S3,test,0.25,0.3,3536,6,3.654128959276018,0.7120965869514744,0.5124807067965299,5.633484162895928,0.6526606425702811,0.7171749427856725,268,125,0.4664179104477612,0.242359946326736,0.6126094564517074,1.4258503182543838,0.08689150916495024,2.713920529656141,-0.02287025316311646,0.05370491034705472,,,,,,,,,,,,,,,,,,,,,,
KITTI mono Y8 320->640 q_traj,KITTI,traj,mono,False,S4,all,0.1,0.1,8008,21,6.753871128871129,0.4815568087270038,0.582495857453356,10.18518981018981,0.4299375942522958,0.7793798015881556,1074,425,0.3957169459962756,0.29294378226385576,0.4976749146201999,0.693936989785071,0.29701433689419,1.556832609431472,0.038195820658485195,0.12479724561181756,,,,,,,,,,,,,,,,,,,,,,
KITTI mono Y8 320->640 q_traj,KITTI,traj,mono,False,S4,test,0.1,0.1,3536,6,7.04920814479638,0.45085452940704485,0.6214274309436373,10.173925339366516,0.3984711605281445,0.7865240300175634,381,178,0.4671916010498688,0.22976421316449017,0.6242774566473989,2.3344234045109644,0.10491488882241054,7.159122166787723,-0.05472315878297252,0.04100884216957148,,,,,,,,,,,,,,,,,,,,,,
KITTI mono Y8 320->640 q_brake,KITTI,brake,mono,False,S0,all,0.25,0.25,8008,21,3.6225024975024973,0.7259126477989589,0.47463900664959435,6.131993006993007,0.6535383362183077,0.7171447631754503,2931,1099,0.37495735243944045,0.24881648471276166,0.47960412904037536,0.16865736519231744,0.04261813632493747,0.5863060564808662,0.519594519802661,0.6243202545108347,,,,,,,,,,,,,,,,,,,,,,
KITTI mono Y8 320->640 q_brake,KITTI,brake,mono,False,S0,test,0.25,0.25,3536,6,3.654128959276018,0.7120965869514744,0.5124807067965299,6.211538461538462,0.6068566745583682,0.7345255202512108,1431,672,0.469601677148847,0.3267605633802817,0.5487491559351231,0.6027551408527629,0.18119972106701746,1.1034095964319566,0.11217572485198417,0.282082713474646,,,,,,,,,,,,,,,,,,,,,,
KITTI mono Y8 320->640 q_brake,KITTI,brake,mono,False,S1,all,0.25,0.56396484375,8008,21,3.6225024975024973,0.7259126477989589,0.47463900664959435,3.5526973026973026,0.8634446397188049,0.5518517721491747,2388,658,0.27554438860971525,0.1957437055281883,0.3437233844723384,0.13251470145036215,0.034694325971877056,0.5013676335087353,0.48851295080445784,0.5628269442362305,,,,,,,,,,,,,,,,,,,,,,
KITTI mono Y8 320->640 q_brake,KITTI,brake,mono,False,S1,test,0.25,0.56396484375,3536,6,3.654128959276018,0.7120965869514744,0.5124807067965299,3.4881221719457014,0.83760337279066,0.5723029432114535,1110,393,0.35405405405405405,0.32232496697490093,0.3811876371013142,0.6469305700139788,0.2894152557326349,1.058579632592491,0.065520747976744,0.18555403002829157,,,,,,,,,,,,,,,,,,,,,,
KITTI mono Y8 320->640 q_brake,KITTI,brake,mono,False,S2,all,0.2,0.35,8008,21,4.231518481518481,0.665230478663755,0.5074135445135467,5.083791208791209,0.7410282233303038,0.6756116981213282,2777,967,0.34821750090025205,0.2398207386591381,0.4418761998232809,0.17408007316417387,0.04431198867352529,0.6666654616792865,0.48052890291956385,0.5811685502822288,,,,,,,,,,,,,,,,,,,,,,
KITTI mono Y8 320->640 q_brake,KITTI,brake,mono,False,S2,test,0.2,0.35,3536,6,4.262160633484163,0.6478667639838099,0.5431901644579276,5.1218891402714934,0.6975871017613605,0.6972164564372771,1369,602,0.4397370343316289,0.34088200238379024,0.49869451697127937,0.686255220404996,0.2388594054427585,1.1819733204029317,0.07459491100971123,0.23740792705882832,,,,,,,,,,,,,,,,,,,,,,
KITTI mono Y8 320->640 q_brake,KITTI,brake,mono,False,S3,all,0.25,0.3,8008,21,3.6225024975024973,0.7259126477989589,0.47463900664959435,5.557942057942058,0.6997169048260987,0.6968947039962126,2853,1033,0.36207500876270593,0.2461212112605262,0.45750327456581,0.15863196665003507,0.044126417023467764,0.5382966769233564,0.5177062204307803,0.6146731398589195,,,,,,,,,,,,,,,,,,,,,,
KITTI mono Y8 320->640 q_brake,KITTI,brake,mono,False,S3,test,0.25,0.3,3536,6,3.654128959276018,0.7120965869514744,0.5124807067965299,5.633484162895928,0.6526606425702811,0.7171749427856725,1385,635,0.4584837545126354,0.3302540415704388,0.5248151466393622,0.6123047009594995,0.19459973164438904,1.0881350445110873,0.10076051818264214,0.259651466728039,,,,,,,,,,,,,,,,,,,,,,
KITTI mono Y8 320->640 q_brake,KITTI,brake,mono,False,S4,all,0.1,0.5,8008,21,6.753871128871129,0.4815568087270038,0.582495857453356,3.9992507492507494,0.8280771872853306,0.5954722503174159,2800,779,0.2782142857142857,0.22005831151791783,0.33170507474517613,0.28715521162572316,0.0994374478495551,0.669460603609009,0.32020648728238293,0.4473975510859534,,,,,,,,,,,,,,,,,,,,,,
KITTI mono Y8 320->640 q_brake,KITTI,brake,mono,False,S4,test,0.1,0.5,3536,6,7.04920814479638,0.45085452940704485,0.6214274309436373,3.955316742081448,0.7973687973687974,0.6169567300015967,1438,487,0.3386648122392211,0.269281045751634,0.43098487770520116,0.7761044797634983,0.3590592605875,1.0483110508220892,0.05183758388364795,0.22941922492921352,,,,,,,,,,,,,,,,,,,,,,
KITTI mono Y8 384->640 q_traj,KITTI,traj,mono,True,S0,all,0.25,0.25,8008,21,4.4968781218781215,0.7007025631057177,0.5658180722632292,6.131993006993007,0.6535383362183077,0.7171447631754503,697,305,0.4375896700143472,0.3445086617670812,0.5145138594349371,0.4563958984153852,0.16364349777934048,1.2371240741290657,0.06015897019426755,0.1106668805825832,,,,,,,,,,,,,,,,,,,,,,
KITTI mono Y8 384->640 q_traj,KITTI,traj,mono,True,S0,test,0.25,0.25,3536,6,4.53591628959276,0.6689943263295717,0.5938581084677205,6.211538461538462,0.6068566745583682,0.7345255202512108,236,108,0.4576271186440678,0.27647058823529413,0.6009615384615384,1.220610336124858,0.08694406128901135,1.9128353853149083,-0.010044909697735914,0.045532362056013596,,,,,,,,,,,,,,,,,,,,,,
KITTI mono Y8 384->640 q_traj,KITTI,traj,mono,True,S1,all,0.25,0.43408203125,8008,21,4.4968781218781215,0.7007025631057177,0.5658180722632292,4.454170829170829,0.7927331856794415,0.6342507908498138,682,294,0.4310850439882698,0.3501182033096927,0.5045451341779289,0.49917182374894664,0.2246816319530405,1.2735167516699744,0.055082637718312906,0.10998310464605485,,,,,,,,,,,,,,,,,,,,,,
KITTI mono Y8 384->640 q_traj,KITTI,traj,mono,True,S1,test,0.25,0.43408203125,3536,6,4.53591628959276,0.6689943263295717,0.5938581084677205,4.4389140271493215,0.7552242609582059,0.6551173558997285,220,93,0.42272727272727273,0.2330508474576271,0.5780141843971631,1.2181064397560752,0.07142691122443295,1.934008084837265,-0.009930327838429365,0.04552973240742062,,,,,,,,,,,,,,,,,,,,,,
KITTI mono Y8 384->640 q_traj,KITTI,traj,mono,True,S2,all,0.25,0.35,8008,21,4.4968781218781215,0.7007025631057177,0.5658180722632292,5.083791208791209,0.7410282233303038,0.6756116981213282,686,296,0.4314868804664723,0.3486646577107103,0.503761521617355,0.4665983113025707,0.16377686449622417,1.283255110596241,0.05867155374140076,0.10999506560370399,,,,,,,,,,,,,,,,,,,,,,
KITTI mono Y8 384->640 q_traj,KITTI,traj,mono,True,S2,test,0.25,0.35,3536,6,4.53591628959276,0.6689943263295717,0.5938581084677205,5.1218891402714934,0.6975871017613605,0.6972164564372771,224,96,0.42857142857142855,0.24074074074074073,0.5875,1.2187167764172329,0.07142691122443295,1.934008084837265,-0.009958691451553663,0.045532362056013596,,,,,,,,,,,,,,,,,,,,,,
KITTI mono Y8 384->640 q_traj,KITTI,traj,mono,True,S3,all,0.25,0.29,8008,21,4.4968781218781215,0.7007025631057177,0.5658180722632292,5.660964035964036,0.6906447841528246,0.7004454582624976,691,301,0.4356005788712012,0.3510065761419967,0.509924859147369,0.46668133534179934,0.1778373795308078,1.2848792936880158,0.05866242150675912,0.10999506560370399,,,,,,,,,,,,,,,,,,,,,,
KITTI mono Y8 384->640 q_traj,KITTI,traj,mono,True,S3,test,0.25,0.29,3536,6,4.53591628959276,0.6689943263295717,0.5938581084677205,5.739253393665158,0.6435399625505075,0.7203150779711534,229,101,0.4410480349344978,0.25806451612903225,0.5974025974025974,1.2195135248458473,0.08028527269618631,1.9491620287527593,-0.009994969289472896,0.045532362056013596,,,,,,,,,,,,,,,,,,,,,,
KITTI mono Y8 384->640 q_traj,KITTI,traj,mono,True,S4,all,0.1,0.1,8008,21,8.204295704295705,0.4489954337899543,0.6567604209257785,10.18518981018981,0.4299375942522958,0.7793798015881556,847,350,0.4132231404958678,0.32913372859025036,0.4873947948703069,0.644398330378317,0.30106412893440126,1.7651305186488773,0.03617575982219472,0.10173113039846368,,,,,,,,,,,,,,,,,,,,,,
KITTI mono Y8 384->640 q_traj,KITTI,traj,mono,True,S4,test,0.1,0.1,3536,6,8.462669683257918,0.41648843737468255,0.6852945872585023,10.173925339366516,0.3984711605281445,0.7865240300175634,307,128,0.4169381107491857,0.22340425531914893,0.5147540983606558,1.5242493255090985,0.11698917415336307,2.4253467316851913,-0.020875968066959637,0.03982068655345791,,,,,,,,,,,,,,,,,,,,,,
KITTI mono Y8 384->640 q_brake,KITTI,brake,mono,True,S0,all,0.25,0.25,8008,21,4.4968781218781215,0.7007025631057177,0.5658180722632292,6.131993006993007,0.6535383362183077,0.7171447631754503,2606,1058,0.4059861857252494,0.32508869030051596,0.48454748294001726,0.4733476388336607,0.19656314792131327,0.8801887863348794,0.19595748180630174,0.37208127458562273,,,,,,,,,,,,,,,,,,,,,,
KITTI mono Y8 384->640 q_brake,KITTI,brake,mono,True,S0,test,0.25,0.25,3536,6,4.53591628959276,0.6689943263295717,0.5938581084677205,6.211538461538462,0.6068566745583682,0.7345255202512108,1427,636,0.4456902592852137,0.35161079579608084,0.5048732943469786,0.7323534945855782,0.2358522919951038,1.195285639149319,0.06674732669239616,0.2488215535210333,,,,,,,,,,,,,,,,,,,,,,
KITTI mono Y8 384->640 q_brake,KITTI,brake,mono,True,S1,all,0.25,0.43408203125,8008,21,4.4968781218781215,0.7007025631057177,0.5658180722632292,4.454170829170829,0.7927331856794415,0.6342507908498138,2341,839,0.3583938487825716,0.2883543387635178,0.42413135665383694,0.4366189579975502,0.17142339116697927,0.7691953546459531,0.18615723919175145,0.3304286536339365,,,,,,,,,,,,,,,,,,,,,,
KITTI mono Y8 384->640 q_brake,KITTI,brake,mono,True,S1,test,0.25,0.43408203125,3536,6,4.53591628959276,0.6689943263295717,0.5938581084677205,4.4389140271493215,0.7552242609582059,0.6551173558997285,1251,505,0.40367705835331735,0.3686104233041215,0.4497929539993134,0.8239834255249986,0.3676488228161996,1.0415393478214947,0.03427206466760874,0.19448065051858246,,,,,,,,,,,,,,,,,,,,,,
KITTI mono Y8 384->640 q_brake,KITTI,brake,mono,True,S2,all,0.25,0.35,8008,21,4.4968781218781215,0.7007025631057177,0.5658180722632292,5.083791208791209,0.7410282233303038,0.6756116981213282,2464,947,0.3843344155844156,0.3051889608593426,0.4533189090226209,0.4502871692304809,0.18829302513773324,0.831930038715022,0.1929087894369402,0.3509264813173416,,,,,,,,,,,,,,,,,,,,,,
KITTI mono Y8 384->640 q_brake,KITTI,brake,mono,True,S2,test,0.25,0.35,3536,6,4.53591628959276,0.6689943263295717,0.5938581084677205,5.1218891402714934,0.6975871017613605,0.6972164564372771,1335,573,0.42921348314606744,0.35879460717412226,0.48294862069611383,0.7764164555683164,0.25679649101767055,1.0955928631210634,0.04926455330437879,0.22000565254216478,,,,,,,,,,,,,,,,,,,,,,
KITTI mono Y8 384->640 q_brake,KITTI,brake,mono,True,S3,all,0.25,0.29,8008,21,4.4968781218781215,0.7007025631057177,0.5658180722632292,5.660964035964036,0.6906447841528246,0.7004454582624976,2547,1016,0.3989006674519042,0.30337981011877635,0.47995190954556277,0.4730932138787606,0.1783350359057633,0.8539600804416556,0.19048666196122052,0.36151871066884983,,,,,,,,,,,,,,,,,,,,,,
KITTI mono Y8 384->640 q_brake,KITTI,brake,mono,True,S3,test,0.25,0.29,3536,6,4.53591628959276,0.6689943263295717,0.5938581084677205,5.739253393665158,0.6435399625505075,0.7203150779711534,1383,608,0.4396240057845264,0.3595397890699904,0.49493243243243246,0.7686387917648921,0.2654776847694109,1.142153158463513,0.05407990813217364,0.2333251717848892,,,,,,,,,,,,,,,,,,,,,,
KITTI mono Y8 384->640 q_brake,KITTI,brake,mono,True,S4,all,0.1,0.5,8008,21,8.204295704295705,0.4489954337899543,0.6567604209257785,3.9992507492507494,0.8280771872853306,0.5954722503174159,2756,853,0.3095065312046444,0.25047514560823303,0.38960364282301413,0.7413512406662771,0.32423213119481004,1.1753471482808198,0.08529306036151041,0.328157249481425,,,,,,,,,,,,,,,,,,,,,,
KITTI mono Y8 384->640 q_brake,KITTI,brake,mono,True,S4,test,0.1,0.5,3536,6,8.462669683257918,0.41648843737468255,0.6852945872585023,3.955316742081448,0.7973687973687974,0.6169567300015967,1506,523,0.3472775564409031,0.2675,0.48020304568527916,1.1654694040174443,0.5795843283598153,2.4362578031551188,-0.040723578584472175,0.2433285122054223,,,,,,,,,,,,,,,,,,,,,,
KITTI mono Y8 512->640 q_traj,KITTI,traj,mono,True,S0,all,0.25,0.25,8008,21,5.516483516483516,0.6671269467584209,0.659299748219243,6.131993006993007,0.6535383362183077,0.7171447631754503,446,213,0.47757847533632286,0.3896029080146575,0.5533062907904278,1.1091269880973855,0.445783323744247,3.7582254192815587,-0.005660235157047185,0.05186833482470888,,,,,,,,,,,,,,,,,,,,,,
KITTI mono Y8 512->640 q_traj,KITTI,traj,mono,True,S0,test,0.25,0.25,3536,6,5.546097285067873,0.6286777828769569,0.681409335249348,6.211538461538462,0.6068566745583682,0.7345255202512108,156,78,0.5,0.29508196721311475,0.6488897454217275,7.665972686252742,0.40211580219589593,73.91094034503254,-0.07723803235527943,0.011586911016687454,,,,,,,,,,,,,,,,,,,,,,
KITTI mono Y8 512->640 q_traj,KITTI,traj,mono,True,S1,all,0.25,0.30078125,8008,21,5.516483516483516,0.6671269467584209,0.659299748219243,5.557942057942058,0.6997169048260987,0.6968947039962126,442,209,0.47285067873303166,0.39300718601831497,0.5408183458079803,1.14245308574076,0.44396743291310514,3.9761524055006974,-0.007261590553623981,0.050975312439625525,,,,,,,,,,,,,,,,,,,,,,
KITTI mono Y8 512->640 q_traj,KITTI,traj,mono,True,S1,test,0.25,0.30078125,3536,6,5.546097285067873,0.6286777828769569,0.681409335249348,5.633484162895928,0.6526606425702811,0.7171749427856725,152,72,0.47368421052631576,0.27637494021999043,0.6172839506172839,7.656342384539164,0.4426533110461429,104.06234929112904,-0.07718476966704077,0.011595672999982652,,,,,,,,,,,,,,,,,,,,,,
KITTI mono Y8 512->640 q_traj,KITTI,traj,mono,True,S2,all,0.3,0.35,8008,21,4.951298701298701,0.7157629255989911,0.6358217306161097,5.083791208791209,0.7410282233303038,0.6756116981213282,437,202,0.4622425629290618,0.375869972115054,0.52972015082575,1.0540297728687615,0.4094737460428352,3.2581744325182624,-0.0029342604937394805,0.05430821448883038,,,,,,,,,,,,,,,,,,,,,,
KITTI mono Y8 512->640 q_traj,KITTI,traj,mono,True,S2,test,0.3,0.35,3536,6,4.964366515837104,0.6777942349322091,0.6585236042365213,5.1218891402714934,0.6975871017613605,0.6972164564372771,143,66,0.46153846153846156,0.265625,0.6201550387596899,7.6487116792654515,0.4784645784036556,79.78815444169425,-0.07700965781610926,0.011582643605417612,,,,,,,,,,,,,,,,,,,,,,
KITTI mono Y8 512->640 q_traj,KITTI,traj,mono,True,S3,all,0.25,0.26,8008,21,5.516483516483516,0.6671269467584209,0.659299748219243,6.0054945054945055,0.6628129418614322,0.7124965030450408,445,211,0.47415730337078654,0.38925926538169076,0.5445171788522172,1.1091198376120632,0.4292288008021713,3.600737798713416,-0.005659536699754434,0.05186533286344246,,,,,,,,,,,,,,,,,,,,,,
KITTI mono Y8 512->640 q_traj,KITTI,traj,mono,True,S3,test,0.25,0.26,3536,6,5.546097285067873,0.6286777828769569,0.681409335249348,6.088235294117647,0.615709773318469,0.7305338229815318,156,76,0.48717948717948717,0.27450980392156865,0.6229508196721312,7.6589165310882565,0.39988700848212805,79.26180524556563,-0.07721461862867808,0.011595672999982652,,,,,,,,,,,,,,,,,,,,,,
KITTI mono Y8 512->640 q_traj,KITTI,traj,mono,True,S4,all,0.1,0.1,8008,21,9.656968031968033,0.42946736839382926,0.7381049732079451,10.18518981018981,0.4299375942522958,0.7793798015881556,570,284,0.4982456140350877,0.402892191580718,0.5871488534275645,1.2312659315525325,0.5399414562075369,3.6478548024379327,-0.011676572629153354,0.050489808640495897,,,,,,,,,,,,,,,,,,,,,,
KITTI mono Y8 512->640 q_traj,KITTI,traj,mono,True,S4,test,0.1,0.1,3536,6,9.697115384615385,0.399953337805127,0.7526744371706849,10.173925339366516,0.3984711605281445,0.7865240300175634,241,131,0.5435684647302904,0.310126582278481,0.6790267429723212,8.257910753646309,0.5181645132726819,68.64236117359334,-0.08898818450152299,0.01226085405594389,,,,,,,,,,,,,,,,,,,,,,
KITTI mono Y8 512->640 q_brake,KITTI,brake,mono,True,S0,all,0.25,0.25,8008,21,5.516483516483516,0.6671269467584209,0.659299748219243,6.131993006993007,0.6535383362183077,0.7171447631754503,2266,974,0.4298323036187114,0.3896970600194345,0.4653824987173953,0.6179504345033721,0.3901276011611835,0.8159184773855273,0.09789597105910722,0.25623892787799274,,,,,,,,,,,,,,,,,,,,,,
KITTI mono Y8 512->640 q_brake,KITTI,brake,mono,True,S0,test,0.25,0.25,3536,6,5.546097285067873,0.6286777828769569,0.681409335249348,6.211538461538462,0.6068566745583682,0.7345255202512108,1300,576,0.4430769230769231,0.38813489619985925,0.47988774555659497,0.639418911035621,0.3173783645737223,0.8814094937019825,0.08004726970713594,0.22192642061151657,,,,,,,,,,,,,,,,,,,,,,
KITTI mono Y8 512->640 q_brake,KITTI,brake,mono,True,S1,all,0.25,0.30078125,8008,21,5.516483516483516,0.6671269467584209,0.659299748219243,5.557942057942058,0.6997169048260987,0.6968947039962126,2212,917,0.41455696202531644,0.38214944684275365,0.4431514210516545,0.6189347370948426,0.42891995869428146,0.7802292879213975,0.0943501279298398,0.2475957194590156,,,,,,,,,,,,,,,,,,,,,,
KITTI mono Y8 512->640 q_brake,KITTI,brake,mono,True,S1,test,0.25,0.30078125,3536,6,5.546097285067873,0.6286777828769569,0.681409335249348,5.633484162895928,0.6526606425702811,0.7171749427856725,1265,543,0.42924901185770753,0.3858344945291312,0.45829244357212956,0.6749318725773568,0.4075918107477916,0.8562521121824501,0.06821897120677366,0.20980880099529242,,,,,,,,,,,,,,,,,,,,,,
KITTI mono Y8 512->640 q_brake,KITTI,brake,mono,True,S2,all,0.3,0.35,8008,21,4.951298701298701,0.7157629255989911,0.6358217306161097,5.083791208791209,0.7410282233303038,0.6756116981213282,2134,886,0.41518275538894095,0.3753618661811983,0.44953149796260683,0.6003952219083768,0.3491653791129504,0.8280379202558378,0.09599414822830012,0.24022272377907342,,,,,,,,,,,,,,,,,,,,,,
KITTI mono Y8 512->640 q_brake,KITTI,brake,mono,True,S2,test,0.3,0.35,3536,6,4.964366515837104,0.6777942349322091,0.6585236042365213,5.1218891402714934,0.6975871017613605,0.6972164564372771,1224,530,0.43300653594771243,0.3799267170767756,0.46963593974175033,0.7002527564248026,0.3337287554177068,0.9577043889180721,0.058352349292618864,0.19467184617489047,,,,,,,,,,,,,,,,,,,,,,
KITTI mono Y8 512->640 q_brake,KITTI,brake,mono,True,S3,all,0.25,0.26,8008,21,5.516483516483516,0.6671269467584209,0.659299748219243,6.0054945054945055,0.6628129418614322,0.7124965030450408,2250,961,0.4271111111111111,0.38352794950897845,0.4638342586147598,0.6230379947985805,0.40159839101418005,0.7918890456122278,0.09560470775739341,0.25361894949150454,,,,,,,,,,,,,,,,,,,,,,
KITTI mono Y8 512->640 q_brake,KITTI,brake,mono,True,S3,test,0.25,0.26,3536,6,5.546097285067873,0.6286777828769569,0.681409335249348,6.088235294117647,0.615709773318469,0.7305338229815318,1286,565,0.4393468118195957,0.37137027386516747,0.4772313296903461,0.6463297026965763,0.31901498647185633,0.869147472919647,0.07751302585524056,0.21911836203354007,,,,,,,,,,,,,,,,,,,,,,
KITTI mono Y8 512->640 q_brake,KITTI,brake,mono,True,S4,all,0.25,0.5,8008,21,5.516483516483516,0.6671269467584209,0.659299748219243,3.9992507492507494,0.8280771872853306,0.5954722503174159,2071,720,0.3476581361661033,0.3137843333955937,0.3894155855974145,0.6067294664591164,0.371951888509895,0.8176905151253162,0.08811339830543886,0.2240528867293853,,,,,,,,,,,,,,,,,,,,,,
KITTI mono Y8 512->640 q_brake,KITTI,brake,mono,True,S4,test,0.25,0.5,3536,6,5.546097285067873,0.6286777828769569,0.681409335249348,3.955316742081448,0.7973687973687974,0.6169567300015967,1169,425,0.3635585970915312,0.3347978910369069,0.42388059701492536,0.7282183096610282,0.4793950392928675,1.2287871266940251,0.04766261975058917,0.17516416551465305,,,,,,,,,,,,,,,,,,,,,,
KITTI mono RT-DETR 480->640 q_traj,KITTI,traj,mono,True,S0,all,0.25,0.25,8008,21,12.661213786213786,0.33802803010129107,0.7604854849469539,13.042207792207792,0.34165374083223227,0.7927650691859088,492,223,0.4532520325203252,0.3977517493986442,0.5272971237801746,0.57811722139401,0.19145681355700817,2.3352465029594707,0.02957236084247574,0.07009615547757264,,,,,,,,,,,,,,,,,,,,,,
KITTI mono RT-DETR 480->640 q_traj,KITTI,traj,mono,True,S0,test,0.25,0.25,3536,6,12.96606334841629,0.31122404466934217,0.7811485443610623,13.581447963800905,0.3054514409461936,0.8035552717015275,171,87,0.5087719298245614,0.422680412371134,0.63484609082397,5.51128446505134,0.2619795342289617,8.92490287797583,-0.05224758611943865,0.011581532161005968,,,,,,,,,,,,,,,,,,,,,,
KITTI mono RT-DETR 480->640 q_traj,KITTI,traj,mono,True,S1,all,0.25,0.252685546875,8008,21,12.661213786213786,0.33802803010129107,0.7604854849469539,12.843656343656344,0.3465464939913662,0.7919903591641739,492,223,0.4532520325203252,0.39814354290744536,0.5250758880582429,0.57811722139401,0.19221617786477702,2.3719873140144943,0.02957236084247574,0.07009615547757264,,,,,,,,,,,,,,,,,,,,,,
KITTI mono RT-DETR 480->640 q_traj,KITTI,traj,mono,True,S1,test,0.25,0.252685546875,3536,6,12.96606334841629,0.31122404466934217,0.7811485443610623,13.374717194570136,0.3098555811642315,0.8027569322475917,171,87,0.5087719298245614,0.42857142857142855,0.6354166666666666,5.51128446505134,0.29056215103882566,8.773696587911324,-0.05224758611943865,0.011581532161005968,,,,,,,,,,,,,,,,,,,,,,
KITTI mono RT-DETR 480->640 q_traj,KITTI,traj,mono,True,S2,all,0.5,0.55,8008,21,4.713661338661339,0.7483773544917477,0.6337558372248165,5.103771228771229,0.7453695774510044,0.6832511997245475,446,206,0.4618834080717489,0.39494885033388566,0.5426807721431471,0.5203688466334422,0.18634576798241032,2.3226396594497682,0.03541080069278374,0.07382923407754781,,,,,,,,,,,,,,,,,,,,,,
KITTI mono RT-DETR 480->640 q_traj,KITTI,traj,mono,True,S2,test,0.5,0.55,3536,6,4.824660633484163,0.7002930832356389,0.6599606152536058,5.228223981900452,0.6914588629848001,0.7054127414976848,151,77,0.5099337748344371,0.35555555555555557,0.6474358974358975,3.7740599765396494,0.9754508528923216,5.936806156561102,-0.03079190993908776,0.011099943836649672,,,,,,,,,,,,,,,,,,,,,,
KITTI mono RT-DETR 480->640 q_traj,KITTI,traj,mono,True,S3,all,0.25,0.25,8008,21,12.661213786213786,0.33802803010129107,0.7604854849469539,13.042207792207792,0.34165374083223227,0.7927650691859088,492,223,0.4532520325203252,0.3982079111624129,0.527918257549462,0.57811722139401,0.18293838609526364,2.194500294527518,0.02957236084247574,0.07009615547757264,,,,,,,,,,,,,,,,,,,,,,
KITTI mono RT-DETR 480->640 q_traj,KITTI,traj,mono,True,S3,test,0.25,0.25,3536,6,12.96606334841629,0.31122404466934217,0.7811485443610623,13.581447963800905,0.3054514409461936,0.8035552717015275,171,87,0.5087719298245614,0.4235878436426117,0.631578947368421,5.51128446505134,0.25930512384930254,8.770952168679509,-0.05224758611943865,0.011581532161005968,,,,,,,,,,,,,,,,,,,,,,
KITTI mono RT-DETR 480->640 q_traj,KITTI,traj,mono,True,S4,all,0.1,0.1,8008,21,54.06418581418581,0.08772687586904603,0.8282941315715854,51.69792707292707,0.09275671079742123,0.8398287030063053,1367,463,0.33869787856620337,0.2752724619216687,0.40776033622806795,1.2367656804329321,0.5313038051150797,2.546950563085611,-0.02628581555779876,0.11102037892372986,,,,,,,,,,,,,,,,,,,,,,
KITTI mono RT-DETR 480->640 q_traj,KITTI,traj,mono,True,S4,test,0.1,0.1,3536,6,52.891119909502265,0.08318228239307465,0.8387886529352281,51.18269230769231,0.0866439756439867,0.8479961679706212,552,167,0.302536231884058,0.22439024390243903,0.43617021276595747,2.217630032110703,0.7072568391572758,5.277144260610992,-0.0866590480305258,0.0711702616929595,,,,,,,,,,,,,,,,,,,,,,
KITTI mono RT-DETR 480->640 q_brake,KITTI,brake,mono,True,S0,all,0.25,0.25,8008,21,12.661213786213786,0.33802803010129107,0.7604854849469539,13.042207792207792,0.34165374083223227,0.7927650691859088,3014,1287,0.42700729927007297,0.4025189253438328,0.4471098708594555,0.7208072667763099,0.6116396310929184,0.9495465649939755,0.08656844561862277,0.3094874913693977,,,,,,,,,,,,,,,,,,,,,,
KITTI mono RT-DETR 480->640 q_brake,KITTI,brake,mono,True,S0,test,0.25,0.25,3536,6,12.96606334841629,0.31122404466934217,0.7811485443610623,13.581447963800905,0.3054514409461936,0.8035552717015275,1644,716,0.43552311435523117,0.4021164021164021,0.45217955202494414,0.7259096567935751,0.5966728263297112,1.1519953028231067,0.07985404473638011,0.2892075541492791,,,,,,,,,,,,,,,,,,,,,,
KITTI mono RT-DETR 480->640 q_brake,KITTI,brake,mono,True,S1,all,0.25,0.252685546875,8008,21,12.661213786213786,0.33802803010129107,0.7604854849469539,12.843656343656344,0.3465464939913662,0.7919903591641739,3011,1277,0.4241115908336101,0.39789665310864525,0.44258747103149176,0.7388634038059662,0.6206336792173724,0.9395721821427173,0.08150720390878685,0.31149612665991955,,,,,,,,,,,,,,,,,,,,,,
KITTI mono RT-DETR 480->640 q_brake,KITTI,brake,mono,True,S1,test,0.25,0.252685546875,3536,6,12.96606334841629,0.31122404466934217,0.7811485443610623,13.374717194570136,0.3098555811642315,0.8027569322475917,1651,717,0.434282253179891,0.40122199592668023,0.45532831001076424,0.766907147701951,0.5869638876979956,1.2266600587408363,0.0685437393678775,0.2918233810090663,,,,,,,,,,,,,,,,,,,,,,
KITTI mono RT-DETR 480->640 q_brake,KITTI,brake,mono,True,S2,all,0.5,0.55,8008,21,4.713661338661339,0.7483773544917477,0.6337558372248165,5.103771228771229,0.7453695774510044,0.6832511997245475,2143,907,0.42323845076994865,0.39111631796068635,0.46329115938569265,0.8335716944949539,0.5535539968615147,1.030286092737436,0.04123469519457377,0.24776251292977555,,,,,,,,,,,,,,,,,,,,,,
KITTI mono RT-DETR 480->640 q_brake,KITTI,brake,mono,True,S2,test,0.5,0.55,3536,6,4.824660633484163,0.7002930832356389,0.6599606152536058,5.228223981900452,0.6914588629848001,0.7054127414976848,1376,562,0.40843023255813954,0.3657844990548204,0.44411547002220575,0.8290663888544895,0.4675810928564997,1.0569517736906446,0.041525731159904496,0.242199466176751,,,,,,,,,,,,,,,,,,,,,,
KITTI mono RT-DETR 480->640 q_brake,KITTI,brake,mono,True,S3,all,0.25,0.25,8008,21,12.661213786213786,0.33802803010129107,0.7604854849469539,13.042207792207792,0.34165374083223227,0.7927650691859088,3014,1287,0.42700729927007297,0.4027363372646739,0.44638787860459367,0.7208072667763099,0.6069452033129874,0.918954380005102,0.08656844561862277,0.3094874913693977,,,,,,,,,,,,,,,,,,,,,,
KITTI mono RT-DETR 480->640 q_brake,KITTI,brake,mono,True,S3,test,0.25,0.25,3536,6,12.96606334841629,0.31122404466934217,0.7811485443610623,13.581447963800905,0.3054514409461936,0.8035552717015275,1644,716,0.43552311435523117,0.4013223658309407,0.4522849462365591,0.7259096567935751,0.5986854072707131,1.1955182845923578,0.07985404473638011,0.2892075541492791,,,,,,,,,,,,,,,,,,,,,,
KITTI mono RT-DETR 480->640 q_brake,KITTI,brake,mono,True,S4,all,0.55,0.6,8008,21,4.255244755244755,0.7896760183120084,0.6041877380619337,4.6558441558441555,0.7806565819118121,0.653446383610579,2020,868,0.4297029702970297,0.39299175875627285,0.4733951552288988,0.834173454072088,0.5842573535693127,1.037375637189935,0.037483919859124346,0.22604293932178454,,,,,,,,,,,,,,,,,,,,,,
KITTI mono RT-DETR 480->640 q_brake,KITTI,brake,mono,True,S4,test,0.55,0.6,3536,6,4.341628959276018,0.7457660239708181,0.632923519080313,4.778280542986425,0.7286931818181818,0.6798658789717388,1295,536,0.4138996138996139,0.36989498249708286,0.44785276073619634,0.8379383786934131,0.49224841545329506,1.0502476879341707,0.034324680752331166,0.21147976777594968,,,,,,,,,,,,,,,,,,,,,,
KITTI oracle Y8 320->640 q_traj,KITTI,traj,oracle,False,S0,all,0.25,0.25,8008,21,3.6225024975024973,0.7259126477989589,0.47463900664959435,6.131993006993007,0.6535383362183077,0.7171447631754503,637,27,0.0423861852433281,0.012191146610563398,0.10183031473842158,0.003690827226655897,0.0003781124207506185,0.012906776347047896,0.6899224631618471,0.6924782808546924,,,,,,,,,,,,,,,,,,,,,,
KITTI oracle Y8 320->640 q_traj,KITTI,traj,oracle,False,S0,test,0.25,0.25,3536,6,3.654128959276018,0.7120965869514744,0.5124807067965299,6.211538461538462,0.6068566745583682,0.7345255202512108,146,14,0.0958904109589041,0.021897810218978103,0.2112676056338028,0.0024743665238591782,0.00013531250501776828,0.040602291136075996,0.5200728015329603,0.5213628443016851,,,,,,,,,,,,,,,,,,,,,,
KITTI oracle Y8 320->640 q_traj,KITTI,traj,oracle,False,S1,all,0.25,0.56396484375,8008,21,3.6225024975024973,0.7259126477989589,0.47463900664959435,3.5526973026973026,0.8634446397188049,0.5518517721491747,646,89,0.13777089783281735,0.06465758145598119,0.2696765897550579,0.07529878414496008,0.025690543521746934,0.20452716928481984,0.5763496551010244,0.623282034476501,,,,,,,,,,,,,,,,,,,,,,
KITTI oracle Y8 320->640 q_traj,KITTI,traj,oracle,False,S1,test,0.25,0.56396484375,3536,6,3.654128959276018,0.7120965869514744,0.5124807067965299,3.4881221719457014,0.83760337279066,0.5723029432114535,146,43,0.2945205479452055,0.10344827586206896,0.5333333333333333,0.2908074134147962,0.03447441599163424,4.336464813686804,0.26113127408829273,0.36820925518363457,,,,,,,,,,,,,,,,,,,,,,
KITTI oracle Y8 320->640 q_traj,KITTI,traj,oracle,False,S2,all,0.2,0.35,8008,21,4.231518481518481,0.665230478663755,0.5074135445135467,5.083791208791209,0.7410282233303038,0.6756116981213282,569,33,0.05799648506151142,0.01610278194236215,0.13638738127544095,0.0018500015408332664,0.00019866447839855445,0.007351635434015075,0.6341255953013745,0.6353009029507247,,,,,,,,,,,,,,,,,,,,,,
KITTI oracle Y8 320->640 q_traj,KITTI,traj,oracle,False,S2,test,0.2,0.35,3536,6,4.262160633484163,0.6478667639838099,0.5431901644579276,5.1218891402714934,0.6975871017613605,0.6972164564372771,142,19,0.13380281690140844,0.030441700128797638,0.25806451612903225,0.006914973668549846,0.00024612373319445513,0.08748514587205122,0.4337680343844322,0.43678841477130437,,,,,,,,,,,,,,,,,,,,,,
KITTI oracle Y8 320->640 q_traj,KITTI,traj,oracle,False,S3,all,0.25,0.3,8008,21,3.6225024975024973,0.7259126477989589,0.47463900664959435,5.557942057942058,0.6997169048260987,0.6968947039962126,633,29,0.045813586097946286,0.013217422385620915,0.10791184047511354,0.0012472688163710972,0.00016799458378838805,0.004282532650725706,0.6883891205291779,0.6892487990629695,,,,,,,,,,,,,,,,,,,,,,
KITTI oracle Y8 320->640 q_traj,KITTI,traj,oracle,False,S3,test,0.25,0.3,3536,6,3.654128959276018,0.7120965869514744,0.5124807067965299,5.633484162895928,0.6526606425702811,0.7171749427856725,143,16,0.11188811188811189,0.022134161122633122,0.23943661971830985,0.0038330388792984327,0.00014019712972099035,0.04070806884222206,0.511162321204749,0.5131291652452367,,,,,,,,,,,,,,,,,,,,,,
KITTI oracle Y8 320->640 q_traj,KITTI,traj,oracle,False,S4,all,0.1,0.3,8008,21,6.753871128871129,0.4815568087270038,0.582495857453356,5.557942057942058,0.6997169048260987,0.6968947039962126,537,37,0.06890130353817504,0.025756780774648554,0.11970175693452452,0.011687253213525498,0.0012097482398679884,0.0442027442981331,0.43960052646473535,0.4447990050660637,,,,,,,,,,,,,,,,,,,,,,
KITTI oracle Y8 320->640 q_traj,KITTI,traj,oracle,False,S4,test,0.1,0.3,3536,6,7.04920814479638,0.45085452940704485,0.6214274309436373,5.633484162895928,0.6526606425702811,0.7171749427856725,193,19,0.09844559585492228,0.027649769585253458,0.1928900832177531,0.010058399243667271,0.0008796012190471148,0.05085834530022815,0.34854789280863635,0.3520893480406718,,,,,,,,,,,,,,,,,,,,,,
KITTI oracle Y8 320->640 q_brake,KITTI,brake,oracle,False,S0,all,0.25,0.25,8008,21,3.6225024975024973,0.7259126477989589,0.47463900664959435,6.131993006993007,0.6535383362183077,0.7171447631754503,1753,542,0.3091842555618939,0.16754687608129332,0.46922016965248187,0.08074935246291769,0.02459568450904993,0.36051563156584804,0.6819793092547943,0.7418861341920174,,,,,,,,,,,,,,,,,,,,,,
KITTI oracle Y8 320->640 q_brake,KITTI,brake,oracle,False,S0,test,0.25,0.25,3536,6,3.654128959276018,0.7120965869514744,0.5124807067965299,6.211538461538462,0.6068566745583682,0.7345255202512108,829,350,0.4221954161640531,0.21451104100946372,0.5919145192194892,0.30544074879379607,0.09660635140888538,0.7731920138476531,0.2710167683338455,0.390199637918844,,,,,,,,,,,,,,,,,,,,,,
KITTI oracle Y8 320->640 q_brake,KITTI,brake,oracle,False,S1,all,0.25,0.56396484375,8008,21,3.6225024975024973,0.7259126477989589,0.47463900664959435,3.5526973026973026,0.8634446397188049,0.5518517721491747,1190,209,0.17563025210084032,0.10297738710884967,0.2595307333588017,0.056048460981831014,0.016459641544201972,0.2356939669273923,0.6157199875636757,0.6522792348048971,,,,,,,,,,,,,,,,,,,,,,
KITTI oracle Y8 320->640 q_brake,KITTI,brake,oracle,False,S1,test,0.25,0.56396484375,3536,6,3.654128959276018,0.7120965869514744,0.5124807067965299,3.4881221719457014,0.83760337279066,0.5723029432114535,472,126,0.2669491525423729,0.18421674237508112,0.37425149700598803,0.28324022907689134,0.1684424565229552,0.42935556792393353,0.15149569463504975,0.21136188271272488,,,,,,,,,,,,,,,,,,,,,,
KITTI oracle Y8 320->640 q_brake,KITTI,brake,oracle,False,S2,all,0.2,0.35,8008,21,4.231518481518481,0.665230478663755,0.5074135445135467,5.083791208791209,0.7410282233303038,0.6756116981213282,1528,385,0.2519633507853403,0.12467106468603105,0.38245936281100873,0.06733758268325644,0.016949773751082434,0.3264927180847447,0.6460406467719403,0.6926843354861353,,,,,,,,,,,,,,,,,,,,,,
KITTI oracle Y8 320->640 q_brake,KITTI,brake,oracle,False,S2,test,0.2,0.35,3536,6,4.262160633484163,0.6478667639838099,0.5431901644579276,5.1218891402714934,0.6975871017613605,0.6972164564372771,717,254,0.3542538354253835,0.22865853658536586,0.4660734149054505,0.2878234863523027,0.12883603115804337,0.5543851744633395,0.22346953724644383,0.3137839186830997,,,,,,,,,,,,,,,,,,,,,,
KITTI oracle Y8 320->640 q_brake,KITTI,brake,oracle,False,S3,all,0.25,0.3,8008,21,3.6225024975024973,0.7259126477989589,0.47463900664959435,5.557942057942058,0.6997169048260987,0.6968947039962126,1640,462,0.2817073170731707,0.14362013550529795,0.441399098081702,0.06990076159854214,0.020560100996085132,0.35096519091333817,0.6801753924705927,0.731293354932315,,,,,,,,,,,,,,,,,,,,,,
KITTI oracle Y8 320->640 q_brake,KITTI,brake,oracle,False,S3,test,0.25,0.3,3536,6,3.654128959276018,0.7120965869514744,0.5124807067965299,5.633484162895928,0.6526606425702811,0.7171749427856725,753,299,0.39707835325365204,0.22491349480968859,0.5385964912280702,0.2823428109107868,0.10217462669894622,0.5950192121329793,0.2586629759554545,0.3604269279093063,,,,,,,,,,,,,,,,,,,,,,
KITTI oracle Y8 320->640 q_brake,KITTI,brake,oracle,False,S4,all,0.1,0.35,8008,21,6.753871128871129,0.4815568087270038,0.582495857453356,5.083791208791209,0.7410282233303038,0.6756116981213282,1720,400,0.23255813953488372,0.12868283930402313,0.319772466807426,0.1585923239686327,0.04476865197708551,0.4393451449986541,0.4846064247762636,0.5759472353068902,,,,,,,,,,,,,,,,,,,,,,
KITTI oracle Y8 320->640 q_brake,KITTI,brake,oracle,False,S4,test,0.1,0.35,3536,6,7.04920814479638,0.45085452940704485,0.6214274309436373,5.1218891402714934,0.6975871017613605,0.6972164564372771,890,278,0.31235955056179776,0.197495183044316,0.4351032448377581,0.4470061885575609,0.20691185850458865,0.8010771440114479,0.18626311117709857,0.33682675524206135,,,,,,,,,,,,,,,,,,,,,,
