track,pair,mode,band,n,bias_cam,bias_ego,mae_cam,mae_ego
KITTI,RT 320->640,cheap,,33,8.480521231889725,9.085336714982986,8.480521231889725,9.085336714982986
KITTI,RT 320->640,cheap,0-15,11042,0.27341365814208984,1.2429478168487549,0.7775716781616211,1.2699952125549316
KITTI,RT 320->640,cheap,15-30,9431,0.7498760223388672,2.0734176635742188,2.652912139892578,2.4852237701416016
KITTI,RT 320->640,cheap,30-50,5017,-2.241090774536133,2.081584930419922,6.488452911376953,4.540058135986328
KITTI,RT 320->640,cheap,>50,938,-6.466451644897461,-1.6992835998535156,9.106908798217773,6.570552825927734
KITTI,RT 320->640,full,,35,7.170218348503113,8.203009009361267,7.170218348503113,8.203009009361267
KITTI,RT 320->640,full,0-15,12073,0.3352365493774414,1.324824333190918,0.7646598815917969,1.3390984535217285
KITTI,RT 320->640,full,15-30,12260,1.2326412200927734,2.3590517044067383,2.71699857711792,2.681781768798828
KITTI,RT 320->640,full,30-50,7935,-0.2592124938964844,3.435382843017578,6.201694488525391,4.810760498046875
KITTI,RT 320->640,full,>50,3247,-4.328334808349609,2.30303955078125,7.575447082519531,7.385467529296875
KITTI,RT 480->640,cheap,,33,7.158888220787048,8.19181478023529,7.158888220787048,8.19181478023529
KITTI,RT 480->640,cheap,0-15,12064,0.29845333099365234,1.269176959991455,0.7602343559265137,1.2862975597381592
KITTI,RT 480->640,cheap,15-30,11938,1.137984275817871,2.258183479309082,2.858158588409424,2.5927181243896484
KITTI,RT 480->640,cheap,30-50,7513,-1.1081161499023438,3.156036376953125,6.4892578125,4.612997055053711
KITTI,RT 480->640,cheap,>50,2585,-5.4398956298828125,0.764801025390625,8.132152557373047,6.842475891113281
KITTI,RT 480->640,full,,35,7.170218348503113,8.203009009361267,7.170218348503113,8.203009009361267
KITTI,RT 480->640,full,0-15,12073,0.3352365493774414,1.324824333190918,0.7646598815917969,1.3390984535217285
KITTI,RT 480->640,full,15-30,12260,1.2326412200927734,2.3590517044067383,2.71699857711792,2.681781768798828
KITTI,RT 480->640,full,30-50,7935,-0.2592124938964844,3.435382843017578,6.201694488525391,4.810760498046875
KITTI,RT 480->640,full,>50,3247,-4.328334808349609,2.30303955078125,7.575447082519531,7.385467529296875
KITTI,Y8 320->640,cheap,,32,7.726998388767242,8.754392921924591,7.726998388767242,8.754392921924591
KITTI,Y8 320->640,cheap,0-15,10855,0.2869138717651367,1.264272689819336,0.7994165420532227,1.2899055480957031
KITTI,Y8 320->640,cheap,15-30,7437,0.424407958984375,1.7810802459716797,2.6452693939208984,2.298490524291992
KITTI,Y8 320->640,cheap,30-50,2610,-2.056036949157715,1.977090835571289,6.422719955444336,4.167271614074707
KITTI,Y8 320->640,cheap,>50,92,-6.9828033447265625,-5.54387092590332,7.623329162597656,6.479360580444336
KITTI,Y8 320->640,full,,34,7.1273656487464905,8.105311453342438,7.1273656487464905,8.105311453342438
KITTI,Y8 320->640,full,0-15,11983,0.29224491119384766,1.2643117904663086,0.7637271881103516,1.2879905700683594
KITTI,Y8 320->640,full,15-30,11472,1.0756473541259766,2.237598419189453,2.680612564086914,2.4928035736083984
KITTI,Y8 320->640,full,30-50,6599,-0.8451251983642578,3.1206092834472656,6.217327117919922,4.633832931518555
KITTI,Y8 320->640,full,>50,1966,-2.9480056762695312,2.8974761962890625,7.589511871337891,7.277959823608398
KITTI,Y8 384->640,cheap,,33,8.012387156486511,8.758979082107544,8.012387156486511,8.758979082107544
KITTI,Y8 384->640,cheap,0-15,11492,0.3292241096496582,1.2726376056671143,0.7971634864807129,1.3010578155517578
KITTI,Y8 384->640,cheap,15-30,9115,0.7717266082763672,2.0658111572265625,2.6705188751220703,2.406923294067383
KITTI,Y8 384->640,cheap,30-50,4208,-1.7350807189941406,2.655454635620117,6.759479522705078,4.709504127502441
KITTI,Y8 384->640,cheap,>50,334,-8.705501556396484,-3.783731460571289,9.561763763427734,5.898658752441406
KITTI,Y8 384->640,full,,34,7.1273656487464905,8.105311453342438,7.1273656487464905,8.105311453342438
KITTI,Y8 384->640,full,0-15,11983,0.29224491119384766,1.2643117904663086,0.7637271881103516,1.2879905700683594
KITTI,Y8 384->640,full,15-30,11472,1.0756473541259766,2.237598419189453,2.680612564086914,2.4928035736083984
KITTI,Y8 384->640,full,30-50,6599,-0.8451251983642578,3.1206092834472656,6.217327117919922,4.633832931518555
KITTI,Y8 384->640,full,>50,1966,-2.9480056762695312,2.8974761962890625,7.589511871337891,7.277959823608398
KITTI,Y8 512->640,cheap,,32,7.390930235385895,8.454163610935211,7.390930235385895,8.454163610935211
KITTI,Y8 512->640,cheap,0-15,11832,0.26661038398742676,1.221959114074707,0.767580509185791,1.2525968551635742
KITTI,Y8 512->640,cheap,15-30,10713,0.8789901733398438,2.052705764770508,2.7236289978027344,2.3562936782836914
KITTI,Y8 512->640,cheap,30-50,5745,-1.3188095092773438,2.74688720703125,6.498466491699219,4.468326568603516
KITTI,Y8 512->640,cheap,>50,1120,-4.982818603515625,0.37761688232421875,8.46065902709961,6.763357162475586
KITTI,Y8 512->640,full,,34,7.1273656487464905,8.105311453342438,7.1273656487464905,8.105311453342438
KITTI,Y8 512->640,full,0-15,11983,0.29224491119384766,1.2643117904663086,0.7637271881103516,1.2879905700683594
KITTI,Y8 512->640,full,15-30,11472,1.0756473541259766,2.237598419189453,2.680612564086914,2.4928035736083984
KITTI,Y8 512->640,full,30-50,6599,-0.8451251983642578,3.1206092834472656,6.217327117919922,4.633832931518555
KITTI,Y8 512->640,full,>50,1966,-2.9480056762695312,2.8974761962890625,7.589511871337891,7.277959823608398
nuScenes,Y8 320->640,cheap,,17,6.9814136028289795,8.562789678573608,6.9814136028289795,8.562789678573608
nuScenes,Y8 320->640,cheap,0-15,1481,-0.42829418182373047,1.2006311416625977,1.0602035522460938,1.2517900466918945
nuScenes,Y8 320->640,cheap,15-30,2314,-0.6950883865356445,1.110280990600586,3.7919864654541016,2.8070068359375
nuScenes,Y8 320->640,cheap,30-50,1489,-2.2443504333496094,0.2360382080078125,9.55057144165039,6.268924713134766
nuScenes,Y8 320->640,cheap,>50,334,-12.848827362060547,-1.9924907684326172,16.48097801208496,10.599374771118164
nuScenes,Y8 320->640,full,,15,7.822005271911621,9.411957740783691,7.822005271911621,9.411957740783691
nuScenes,Y8 320->640,full,0-15,1560,-0.348677396774292,1.2162623405456543,1.0689561367034912,1.23533296585083
nuScenes,Y8 320->640,full,15-30,3077,-0.44954872131347656,1.2255821228027344,4.160871505737305,3.1728248596191406
nuScenes,Y8 320->640,full,30-50,2600,-0.6577873229980469,1.239415168762207,9.875886917114258,6.7652788162231445
nuScenes,Y8 320->640,full,>50,882,-9.101865768432617,0.9597587585449219,15.36423110961914,9.864465713500977
