architecture,label,track,geometry,system,target,quota,minus_V_before,minus_V_lo_before,minus_V_hi_before,status_before,minus_V_after,minus_V_lo_after,minus_V_hi_after,status_after
R1_mlp_reg,rankV,KITTI,mono,brake,J,0.1,0.005528112068992175,-0.05580775928586808,0.10197372284714629,post-hoc (decided after Task 24's test results were seen),-0.0018024696185785782,-0.09824315340915997,0.09751123414041792,post-hoc (decided after Task 24's test results were seen)
R1_mlp_reg,rankV,KITTI,mono,brake,J,0.2,0.002114943528702229,-0.12425220171229254,0.09729269601106866,post-hoc (decided after Task 24's test results were seen),-0.032569203155725535,-0.12997945740544997,0.08230097961637482,post-hoc (decided after Task 24's test results were seen)
R1_mlp_reg,rankV,KITTI,mono,brake,J,0.3,-0.08726034108952596,-0.1977272800253716,0.08154740475702696,post-hoc (decided after Task 24's test results were seen),-0.04295513361106948,-0.1696910972981818,0.09670369684603868,post-hoc (decided after Task 24's test results were seen)
R1_mlp_reg,rankV,KITTI,mono,brake,J,0.5,-0.014949519507715392,-0.20592768068728334,0.06796891261661003,post-hoc (decided after Task 24's test results were seen),0.014572878005037815,-0.1482477517057303,0.13442103917853626,post-hoc (decided after Task 24's test results were seen)
R1_mlp_reg,secdfV,KITTI,mono,brake,J,0.1,-0.029930756852565715,-0.11949282878184334,0.032587216165623906,post-hoc (decided after Task 24's test results were seen),3.1673021255826384e-05,-0.12201377167138858,0.13202146554570285,post-hoc (decided after Task 24's test results were seen)
R1_mlp_reg,secdfV,KITTI,mono,brake,J,0.2,-0.050116341496820774,-0.1255955360686848,0.018143265514965954,post-hoc (decided after Task 24's test results were seen),0.0041755763969895665,-0.11612041546723194,0.0996765685343168,post-hoc (decided after Task 24's test results were seen)
R1_mlp_reg,secdfV,KITTI,mono,brake,J,0.3,-0.09686076606259647,-0.1483177624597593,0.009939408344940481,post-hoc (decided after Task 24's test results were seen),-0.018735056095290775,-0.0977276217818791,0.05087211214473447,post-hoc (decided after Task 24's test results were seen)
R1_mlp_reg,secdfV,KITTI,mono,brake,J,0.5,0.008721960477268365,-0.09411916877941423,0.04947609401192563,post-hoc (decided after Task 24's test results were seen),0.011306558203802441,-0.058992221448896785,0.11098775910689976,post-hoc (decided after Task 24's test results were seen)
R1_mlp_reg,Q,KITTI,mono,brake,J,0.1,-0.0813557212660877,-0.22148601895817338,0.05271459671162729,post-hoc (decided after Task 24's test results were seen),-0.08391223847647199,-0.24601571761303004,0.03182076924968675,post-hoc (decided after Task 24's test results were seen)
R1_mlp_reg,Q,KITTI,mono,brake,J,0.2,-0.11863332548966748,-0.25597679669023204,0.06413432131629054,post-hoc (decided after Task 24's test results were seen),-0.13183743610659931,-0.2419086198515155,0.05286432141981551,post-hoc (decided after Task 24's test results were seen)
R1_mlp_reg,Q,KITTI,mono,brake,J,0.3,-0.18214916015078458,-0.3012565795632074,0.04177198102860466,post-hoc (decided after Task 24's test results were seen),-0.1390672918142383,-0.27777477898413694,0.01195441411327364,post-hoc (decided after Task 24's test results were seen)
R1_mlp_reg,Q,KITTI,mono,brake,J,0.5,-0.1497006908386554,-0.2608419491125336,0.010958258544765079,post-hoc (decided after Task 24's test results were seen),-0.13263896193198021,-0.216898835468529,0.02956147335922284,post-hoc (decided after Task 24's test results were seen)
R1_mlp_reg,G,KITTI,mono,brake,J,0.1,0.008205539050228985,-0.1066246919899942,0.12283164185285186,post-hoc (decided after Task 24's test results were seen),0.006251796153618844,-0.11187893732586632,0.1451973754414246,post-hoc (decided after Task 24's test results were seen)
R1_mlp_reg,G,KITTI,mono,brake,J,0.2,-0.057334953805209685,-0.19544691642216983,0.10240344820940858,post-hoc (decided after Task 24's test results were seen),-0.07043747847378562,-0.17494576921021515,0.0863324835547691,post-hoc (decided after Task 24's test results were seen)
R1_mlp_reg,G,KITTI,mono,brake,J,0.3,-0.16010195227400212,-0.24104357952425698,0.10935708720411431,post-hoc (decided after Task 24's test results were seen),-0.11650930067108384,-0.17707970935607506,0.08349482847731089,post-hoc (decided after Task 24's test results were seen)
R1_mlp_reg,G,KITTI,mono,brake,J,0.5,-0.1566682879068418,-0.2913263201789632,0.06730723788522702,post-hoc (decided after Task 24's test results were seen),-0.13882947106270538,-0.24114716436341482,0.08488823057320137,post-hoc (decided after Task 24's test results were seen)
R1_gbm_reg,rankV,KITTI,mono,brake,J,0.1,0.08280942745247062,-0.025898917334554385,0.150347149393397,post-hoc (decided after Task 24's test results were seen),0.06467010521801453,-0.05941085642538879,0.1278094070012226,post-hoc (decided after Task 24's test results were seen)
R1_gbm_reg,rankV,KITTI,mono,brake,J,0.2,0.019191143143263784,-0.0439787385001596,0.12956276690750124,post-hoc (decided after Task 24's test results were seen),0.007303701382827293,-0.07430764288255767,0.08959439699504768,post-hoc (decided after Task 24's test results were seen)
R1_gbm_reg,rankV,KITTI,mono,brake,J,0.3,-0.006475454041119932,-0.03802938513747381,0.10502176296873998,post-hoc (decided after Task 24's test results were seen),-0.025993799579909493,-0.08953728662704238,0.07041411773330077,post-hoc (decided after Task 24's test results were seen)
R1_gbm_reg,rankV,KITTI,mono,brake,J,0.5,-0.021429634313666845,-0.09753182212975041,0.03354984156155494,post-hoc (decided after Task 24's test results were seen),-0.04578450573325299,-0.12400988548548324,0.12272081631293719,post-hoc (decided after Task 24's test results were seen)
R1_gbm_reg,secdfV,KITTI,mono,brake,J,0.1,0.04186582446055022,-0.01650215661598234,0.12551388588162402,post-hoc (decided after Task 24's test results were seen),0.03815349175375102,-0.008737188671927488,0.11400221979031583,post-hoc (decided after Task 24's test results were seen)
R1_gbm_reg,secdfV,KITTI,mono,brake,J,0.2,-0.008054088833547385,-0.03502883904421131,0.09173888453190955,post-hoc (decided after Task 24's test results were seen),-0.010152937209720825,-0.023129811743615974,0.0860085682410888,post-hoc (decided after Task 24's test results were seen)
R1_gbm_reg,secdfV,KITTI,mono,brake,J,0.3,0.017981228988957765,-0.048935733526609466,0.08668141881698742,post-hoc (decided after Task 24's test results were seen),0.032687074577737174,-0.03859789437445716,0.07988340427047014,post-hoc (decided after Task 24's test results were seen)
R1_gbm_reg,secdfV,KITTI,mono,brake,J,0.5,-0.015512190786686308,-0.0726119757824423,0.05471950490074717,post-hoc (decided after Task 24's test results were seen),0.009563357135734085,-0.041385668570094236,0.17572260932692818,post-hoc (decided after Task 24's test results were seen)
R1_gbm_reg,Q,KITTI,mono,brake,J,0.1,-0.025413587258493922,-0.27149054273288903,0.07773148065033075,post-hoc (decided after Task 24's test results were seen),-0.025932234827053105,-0.27399591636048265,0.07056707818272989,post-hoc (decided after Task 24's test results were seen)
R1_gbm_reg,Q,KITTI,mono,brake,J,0.2,-0.1678167755375913,-0.34960102180164,0.041495212290705415,post-hoc (decided after Task 24's test results were seen),-0.16577307711411754,-0.33798136479235774,0.05025623731984834,post-hoc (decided after Task 24's test results were seen)
R1_gbm_reg,Q,KITTI,mono,brake,J,0.3,-0.25886448107818905,-0.3796860639193723,0.022692007598348052,post-hoc (decided after Task 24's test results were seen),-0.259020923589251,-0.3801381830120694,0.02140993630195748,post-hoc (decided after Task 24's test results were seen)
R1_gbm_reg,Q,KITTI,mono,brake,J,0.5,-0.22870902953711472,-0.3332629120709508,-0.06636137442478329,post-hoc (decided after Task 24's test results were seen),-0.22155488032565454,-0.3160023060419193,-0.01164456485194194,post-hoc (decided after Task 24's test results were seen)
R1_gbm_reg,G,KITTI,mono,brake,J,0.1,0.030617156659624806,-0.14616035320257856,0.1523487142471143,post-hoc (decided after Task 24's test results were seen),0.029563108236886446,-0.15053838973821418,0.15348646293340576,post-hoc (decided after Task 24's test results were seen)
R1_gbm_reg,G,KITTI,mono,brake,J,0.2,-0.0593210565254344,-0.2306844426409999,0.10466159245491564,post-hoc (decided after Task 24's test results were seen),-0.05676980702324644,-0.22779624049846545,0.10834218953953025,post-hoc (decided after Task 24's test results were seen)
R1_gbm_reg,G,KITTI,mono,brake,J,0.3,-0.18563053029637788,-0.29245423498945994,0.02710145119800831,post-hoc (decided after Task 24's test results were seen),-0.18530657911654863,-0.28869613875317246,0.05693580218435068,post-hoc (decided after Task 24's test results were seen)
R1_gbm_reg,G,KITTI,mono,brake,J,0.5,-0.21111409677967624,-0.29740490125105595,-0.00536487746609152,post-hoc (decided after Task 24's test results were seen),-0.20374919594356808,-0.30497749287016945,0.02835590691407838,post-hoc (decided after Task 24's test results were seen)
R1_mlp_reg,rankV,KITTI,mono,traj,JB,0.1,-0.29432929471187175,-0.6806174379442252,0.15975019308578706,post-hoc (decided after Task 24's test results were seen),-0.48865329327708495,-0.9869517267291623,0.009230993039171874,post-hoc (decided after Task 24's test results were seen)
R1_mlp_reg,rankV,KITTI,mono,traj,JB,0.2,-0.4802167143445096,-1.007504026251561,0.1698179042585539,post-hoc (decided after Task 24's test results were seen),-0.7519040062770153,-1.2726182237940984,-0.013635870914581823,post-hoc (decided after Task 24's test results were seen)
R1_mlp_reg,rankV,KITTI,mono,traj,JB,0.3,-0.7962616894695094,-1.3272365260827657,0.19338020036381187,post-hoc (decided after Task 24's test results were seen),-0.4983368386769379,-1.183796770646604,-0.0017044939171490534,post-hoc (decided after Task 24's test results were seen)
R1_mlp_reg,rankV,KITTI,mono,traj,JB,0.5,-0.4131758973117437,-1.0593883623923164,0.7060648316038917,post-hoc (decided after Task 24's test results were seen),-0.37227900752015075,-0.6105895927656829,0.10769537218662673,post-hoc (decided after Task 24's test results were seen)
R1_mlp_reg,secdfV,KITTI,mono,traj,JB,0.1,-0.0020855423549996505,-0.32554283838568093,0.40140924976813386,post-hoc (decided after Task 24's test results were seen),0.07376824788018958,-0.24968391211086713,0.4057419352461942,post-hoc (decided after Task 24's test results were seen)
R1_mlp_reg,secdfV,KITTI,mono,traj,JB,0.2,-0.03137720109167634,-0.5581783458415569,0.37720360640619816,post-hoc (decided after Task 24's test results were seen),-0.1731889942614235,-0.8407547172631847,0.5988867809205087,post-hoc (decided after Task 24's test results were seen)
R1_mlp_reg,secdfV,KITTI,mono,traj,JB,0.3,-0.04096688820251282,-0.28646443354540774,0.43789448462404357,post-hoc (decided after Task 24's test results were seen),0.007249071657707523,-0.6298427161008824,0.770995995379041,post-hoc (decided after Task 24's test results were seen)
R1_mlp_reg,secdfV,KITTI,mono,traj,JB,0.5,0.2243148071092518,-0.06915233531449068,0.46749431936351,post-hoc (decided after Task 24's test results were seen),0.3216425131819891,-0.20211445981364745,0.6172634107076667,post-hoc (decided after Task 24's test results were seen)
R1_mlp_reg,Q,KITTI,mono,traj,JB,0.1,-0.1708781649973058,-0.4231253855948886,0.3768386182148955,post-hoc (decided after Task 24's test results were seen),-0.16969055459640847,-0.429915067060352,0.3844295972396213,post-hoc (decided after Task 24's test results were seen)
R1_mlp_reg,Q,KITTI,mono,traj,JB,0.2,-0.26155378036759575,-0.6416194805829908,0.3994707842439485,post-hoc (decided after Task 24's test results were seen),-0.26285595406545903,-0.6723780996646713,0.4117392212560794,post-hoc (decided after Task 24's test results were seen)
R1_mlp_reg,Q,KITTI,mono,traj,JB,0.3,-0.45032733964965743,-0.9271988191060193,0.39918005009434787,post-hoc (decided after Task 24's test results were seen),-0.2674814336796249,-1.0119817457015532,0.5630565157496985,post-hoc (decided after Task 24's test results were seen)
R1_mlp_reg,Q,KITTI,mono,traj,JB,0.5,-0.2742560470940539,-0.6468342347200414,0.45230739593657654,post-hoc (decided after Task 24's test results were seen),-0.1129105346751097,-0.3346847132901734,0.3023270258509304,post-hoc (decided after Task 24's test results were seen)
R1_mlp_reg,G,KITTI,mono,traj,JB,0.1,0.1115492743470273,-0.1751389342722399,0.4306765600561498,post-hoc (decided after Task 24's test results were seen),0.11297181311974124,-0.16606796062605622,0.4410176638772695,post-hoc (decided after Task 24's test results were seen)
R1_mlp_reg,G,KITTI,mono,traj,JB,0.2,0.11477892536828797,-0.013285397911068753,0.41700596364524345,post-hoc (decided after Task 24's test results were seen),0.11129688899896056,-0.07912718855111081,0.634143763882165,post-hoc (decided after Task 24's test results were seen)
R1_mlp_reg,G,KITTI,mono,traj,JB,0.3,0.11373416253588589,0.00881665404943132,0.6636683679819656,post-hoc (decided after Task 24's test results were seen),0.3007088045406574,-0.12752355015124087,1.1781089438367895,post-hoc (decided after Task 24's test results were seen)
R1_mlp_reg,G,KITTI,mono,traj,JB,0.5,0.01187155606270987,-0.3405912579248505,0.8819880528142744,post-hoc (decided after Task 24's test results were seen),0.1784383729652285,-0.013324751533824064,0.6814652020970432,post-hoc (decided after Task 24's test results were seen)
R1_gbm_reg,rankV,KITTI,mono,traj,JB,0.1,-0.607726883715743,-1.293772326576093,0.2462818554523409,post-hoc (decided after Task 24's test results were seen),-0.6213023112848606,-1.3464852241011107,0.22481780866093853,post-hoc (decided after Task 24's test results were seen)
R1_gbm_reg,rankV,KITTI,mono,traj,JB,0.2,-0.5514938893059137,-1.285423211240752,0.37621429947077234,post-hoc (decided after Task 24's test results were seen),-0.684629946846874,-1.3370676214130541,0.4724405611686371,post-hoc (decided after Task 24's test results were seen)
R1_gbm_reg,rankV,KITTI,mono,traj,JB,0.3,-0.3058819820838779,-1.1797025557268723,0.44520151354665527,post-hoc (decided after Task 24's test results were seen),-0.295162539029508,-1.3875519053390404,0.6303519137774724,post-hoc (decided after Task 24's test results were seen)
R1_gbm_reg,rankV,KITTI,mono,traj,JB,0.5,-0.21580889727207553,-1.0548235595552486,0.6039180718597316,post-hoc (decided after Task 24's test results were seen),-0.5966688096176964,-1.1676021780320835,0.7851453704444643,post-hoc (decided after Task 24's test results were seen)
R1_gbm_reg,secdfV,KITTI,mono,traj,JB,0.1,-0.30343708372150063,-0.73583354829017,0.016556529875806844,post-hoc (decided after Task 24's test results were seen),-0.18680881252460338,-0.4938613439336521,0.20653931692895508,post-hoc (decided after Task 24's test results were seen)
R1_gbm_reg,secdfV,KITTI,mono,traj,JB,0.2,-0.1948820146096748,-0.5966503638974145,0.35557925453329725,post-hoc (decided after Task 24's test results were seen),-0.07573591104235691,-0.5233531941460581,0.4583134411302241,post-hoc (decided after Task 24's test results were seen)
R1_gbm_reg,secdfV,KITTI,mono,traj,JB,0.3,-0.008559647920143514,-0.47778372417109066,0.326256428316196,post-hoc (decided after Task 24's test results were seen),-0.03380642726564216,-0.6197577835416215,0.5319740560478418,post-hoc (decided after Task 24's test results were seen)
R1_gbm_reg,secdfV,KITTI,mono,traj,JB,0.5,0.1947966215192466,-0.16388339465903276,0.39647229061021516,post-hoc (decided after Task 24's test results were seen),-0.25383570923015775,-0.5635953189370568,0.4596068211447696,post-hoc (decided after Task 24's test results were seen)
R1_gbm_reg,Q,KITTI,mono,traj,JB,0.1,-0.0583328628894588,-0.29698824931431667,0.39294670263668385,post-hoc (decided after Task 24's test results were seen),-0.05649559926919201,-0.30215479585696275,0.43615692402529505,post-hoc (decided after Task 24's test results were seen)
R1_gbm_reg,Q,KITTI,mono,traj,JB,0.2,-0.0008030228473934198,-0.3368824828574117,0.5789027847081466,post-hoc (decided after Task 24's test results were seen),0.0004854318009214764,-0.34566675260219054,0.6139259223440771,post-hoc (decided after Task 24's test results were seen)
R1_gbm_reg,Q,KITTI,mono,traj,JB,0.3,0.18009233261929455,-0.41114304974759075,0.5382116089481285,post-hoc (decided after Task 24's test results were seen),0.18371232593350448,-0.40189778863622894,0.4956310726750157,post-hoc (decided after Task 24's test results were seen)
R1_gbm_reg,Q,KITTI,mono,traj,JB,0.5,-0.046469126009778705,-0.4393087247994399,0.46794519144603675,post-hoc (decided after Task 24's test results were seen),-0.35888284897146217,-0.7065263518078653,0.40110088880962824,post-hoc (decided after Task 24's test results were seen)
R1_gbm_reg,G,KITTI,mono,traj,JB,0.1,0.06186091661970722,-0.22101055118694363,0.6411254968991562,post-hoc (decided after Task 24's test results were seen),0.06032221751693251,-0.2280466561649714,0.6428135019202866,post-hoc (decided after Task 24's test results were seen)
R1_gbm_reg,G,KITTI,mono,traj,JB,0.2,0.13312673457637247,-0.4169304107153937,0.8120661791360699,post-hoc (decided after Task 24's test results were seen),0.12823078768122054,-0.4330512220411698,0.9050840575992304,post-hoc (decided after Task 24's test results were seen)
R1_gbm_reg,G,KITTI,mono,traj,JB,0.3,0.13901058997772173,-0.4812563587784186,0.8895681177291056,post-hoc (decided after Task 24's test results were seen),0.1334723141921984,-0.5024469091385911,0.8988414037079119,post-hoc (decided after Task 24's test results were seen)
R1_gbm_reg,G,KITTI,mono,traj,JB,0.5,-0.29178086771704503,-0.8438652191561362,0.7691523309773685,post-hoc (decided after Task 24's test results were seen),-0.6161364029678147,-1.0656270390333429,0.771190723373126,post-hoc (decided after Task 24's test results were seen)
R1_mlp_reg,rankV,KITTI,oracle,brake,J,0.1,0.0388256087213632,-0.09835296905192514,0.17949943775491561,post-hoc (decided after Task 24's test results were seen),0.0019516858350717703,-0.09503458325188768,0.14287978672429885,post-hoc (decided after Task 24's test results were seen)
R1_mlp_reg,rankV,KITTI,oracle,brake,J,0.2,-0.01448590841002384,-0.11831957732074072,0.1939307820925763,post-hoc (decided after Task 24's test results were seen),-0.012694651190186673,-0.14591523191421268,0.1601731888481147,post-hoc (decided after Task 24's test results were seen)
R1_mlp_reg,rankV,KITTI,oracle,brake,J,0.3,-0.057595206518536446,-0.16272113951767525,0.20841350161486627,post-hoc (decided after Task 24's test results were seen),-0.08591460176850396,-0.19206553492083306,0.1895925418363431,post-hoc (decided after Task 24's test results were seen)
R1_mlp_reg,rankV,KITTI,oracle,brake,J,0.5,-0.027561460739935706,-0.2075521166201338,0.08976254599281526,post-hoc (decided after Task 24's test results were seen),-0.04722171245531903,-0.22767055354397925,0.2013131493265731,post-hoc (decided after Task 24's test results were seen)
R1_mlp_reg,secdfV,KITTI,oracle,brake,J,0.1,0.015533240591266512,-0.1808956162497579,0.20489200287000175,post-hoc (decided after Task 24's test results were seen),-0.057279845834125015,-0.19729336019135213,0.008665642322861317,post-hoc (decided after Task 24's test results were seen)
R1_mlp_reg,secdfV,KITTI,oracle,brake,J,0.2,-0.012802849316814413,-0.10535876998379355,0.18926804854848278,post-hoc (decided after Task 24's test results were seen),-0.08837772349445142,-0.15849372214853252,0.11397454076542271,post-hoc (decided after Task 24's test results were seen)
R1_mlp_reg,secdfV,KITTI,oracle,brake,J,0.3,-0.027998755976070044,-0.0956260617896223,0.1763141618726483,post-hoc (decided after Task 24's test results were seen),-0.056946540934535717,-0.1470626146290745,0.14539883945213486,post-hoc (decided after Task 24's test results were seen)
R1_mlp_reg,secdfV,KITTI,oracle,brake,J,0.5,-0.01284334172463586,-0.08652270066600921,0.05472740511565873,post-hoc (decided after Task 24's test results were seen),0.01047125576327479,-0.10486456797431631,0.1876202362914222,post-hoc (decided after Task 24's test results were seen)
R1_mlp_reg,Q,KITTI,oracle,brake,J,0.1,-0.09873345353143143,-0.3070104833084906,0.04764505265398883,post-hoc (decided after Task 24's test results were seen),-0.11119565096467326,-0.2557795385842639,0.04480882783820976,post-hoc (decided after Task 24's test results were seen)
R1_mlp_reg,Q,KITTI,oracle,brake,J,0.2,-0.14946561774585093,-0.31513585256703014,0.05840857603914301,post-hoc (decided after Task 24's test results were seen),-0.1382427382583746,-0.323466111455809,0.05688796780358252,post-hoc (decided after Task 24's test results were seen)
R1_mlp_reg,Q,KITTI,oracle,brake,J,0.3,-0.18895517766867093,-0.3254109895713644,0.033890003148583175,post-hoc (decided after Task 24's test results were seen),-0.20609826598944458,-0.3268748693412848,0.03870700911451458,post-hoc (decided after Task 24's test results were seen)
R1_mlp_reg,Q,KITTI,oracle,brake,J,0.5,-0.1988132189622967,-0.30132041423565564,-0.05511929141763924,post-hoc (decided after Task 24's test results were seen),-0.17581737319359675,-0.3137699268716983,0.10450188003581287,post-hoc (decided after Task 24's test results were seen)
R1_mlp_reg,G,KITTI,oracle,brake,J,0.1,-0.06822273102692805,-0.25526396444181454,0.07532858446558033,post-hoc (decided after Task 24's test results were seen),-0.0810449241156257,-0.22035542404178637,0.06298957670423347,post-hoc (decided after Task 24's test results were seen)
R1_mlp_reg,G,KITTI,oracle,brake,J,0.2,-0.14018476889878634,-0.28062030526245274,0.1264569327801568,post-hoc (decided after Task 24's test results were seen),-0.1298280601072622,-0.2926207769716661,0.13207668507278122,post-hoc (decided after Task 24's test results were seen)
R1_mlp_reg,G,KITTI,oracle,brake,J,0.3,-0.20920768097656958,-0.29140416818684994,0.13650982289332259,post-hoc (decided after Task 24's test results were seen),-0.2266903348216133,-0.2908481045836106,0.14374691146413746,post-hoc (decided after Task 24's test results were seen)
R1_mlp_reg,G,KITTI,oracle,brake,J,0.5,-0.24652892138083538,-0.3369285804150114,0.053393722899062426,post-hoc (decided after Task 24's test results were seen),-0.22352275909012592,-0.3350573410157813,0.21895887926610128,post-hoc (decided after Task 24's test results were seen)
R1_gbm_reg,rankV,KITTI,oracle,brake,J,0.1,0.07092577222451318,-0.059060402496710906,0.1268254091832447,post-hoc (decided after Task 24's test results were seen),0.05107698906499289,-0.11925010551084876,0.11240758745672323,post-hoc (decided after Task 24's test results were seen)
R1_gbm_reg,rankV,KITTI,oracle,brake,J,0.2,-0.004820622920489515,-0.07495721626323801,0.10179303837050296,post-hoc (decided after Task 24's test results were seen),-0.018370600453244623,-0.1285651591625135,0.08664114028447487,post-hoc (decided after Task 24's test results were seen)
R1_gbm_reg,rankV,KITTI,oracle,brake,J,0.3,-0.053992796620406625,-0.09819807800603757,0.08964849726953161,post-hoc (decided after Task 24's test results were seen),-0.06299404572132716,-0.14752939595180775,0.05066484744939088,post-hoc (decided after Task 24's test results were seen)
R1_gbm_reg,rankV,KITTI,oracle,brake,J,0.5,-0.0038119711171373805,-0.11767384292350326,0.1403653382434522,post-hoc (decided after Task 24's test results were seen),-0.012680050394499265,-0.17929930184534923,0.11103109301841654,post-hoc (decided after Task 24's test results were seen)
R1_gbm_reg,secdfV,KITTI,oracle,brake,J,0.1,0.05068513074652914,-0.0023972531916573447,0.1380732388776488,post-hoc (decided after Task 24's test results were seen),0.024397507036659105,-0.004911573827465508,0.0757869005378791,post-hoc (decided after Task 24's test results were seen)
R1_gbm_reg,secdfV,KITTI,oracle,brake,J,0.2,-0.006763895333605552,-0.008534848104700732,0.1801540068114244,post-hoc (decided after Task 24's test results were seen),-0.00714264985846591,-0.01566724138661286,0.1032979982570036,post-hoc (decided after Task 24's test results were seen)
R1_gbm_reg,secdfV,KITTI,oracle,brake,J,0.3,0.06087111291307479,-0.013425593479014397,0.1891553644776208,post-hoc (decided after Task 24's test results were seen),0.0639297278857438,-0.024269949421953874,0.11512668889800381,post-hoc (decided after Task 24's test results were seen)
R1_gbm_reg,secdfV,KITTI,oracle,brake,J,0.5,0.07272690421445027,-0.02218967233221921,0.1712825967474139,post-hoc (decided after Task 24's test results were seen),0.041603649449620805,-0.04401740725679526,0.09322551918916011,post-hoc (decided after Task 24's test results were seen)
R1_gbm_reg,Q,KITTI,oracle,brake,J,0.1,-0.09277662957240672,-0.37468940083141306,0.00410002308356773,post-hoc (decided after Task 24's test results were seen),-0.09781061483235831,-0.38674039271530813,-0.013215597287303635,post-hoc (decided after Task 24's test results were seen)
R1_gbm_reg,Q,KITTI,oracle,brake,J,0.2,-0.2186701682911641,-0.4620801901744558,-0.0029938008192197376,post-hoc (decided after Task 24's test results were seen),-0.21643568948132916,-0.4656087912445022,-0.008441515549706877,post-hoc (decided after Task 24's test results were seen)
R1_gbm_reg,Q,KITTI,oracle,brake,J,0.3,-0.34710720035833215,-0.4765198796849808,0.04747340324671896,post-hoc (decided after Task 24's test results were seen),-0.33382882643460027,-0.48011995336442836,0.04012648897901062,post-hoc (decided after Task 24's test results were seen)
R1_gbm_reg,Q,KITTI,oracle,brake,J,0.5,-0.17606564871753305,-0.322362068789129,0.2543966652931506,post-hoc (decided after Task 24's test results were seen),-0.17598663457906694,-0.3449384513290307,0.2658905443067012,post-hoc (decided after Task 24's test results were seen)
R1_gbm_reg,G,KITTI,oracle,brake,J,0.1,-0.061519382503276945,-0.29376881425830903,0.03231974021005024,post-hoc (decided after Task 24's test results were seen),-0.06713083670853137,-0.30638903415054475,0.031092539065437866,post-hoc (decided after Task 24's test results were seen)
R1_gbm_reg,G,KITTI,oracle,brake,J,0.2,-0.16711483170164707,-0.3594729684964506,0.1843013961129825,post-hoc (decided after Task 24's test results were seen),-0.16443423022712833,-0.3655690578416455,0.1830945840252945,post-hoc (decided after Task 24's test results were seen)
R1_gbm_reg,G,KITTI,oracle,brake,J,0.3,-0.22483006928596083,-0.3533995157164215,0.21204257313221528,post-hoc (decided after Task 24's test results were seen),-0.21065825252212178,-0.34757378801939093,0.18173705168009643,post-hoc (decided after Task 24's test results were seen)
R1_gbm_reg,G,KITTI,oracle,brake,J,0.5,-0.15291035233624323,-0.3341801228275246,0.2610711737992898,post-hoc (decided after Task 24's test results were seen),-0.15313076026494277,-0.35177062336278114,0.2770710810755953,post-hoc (decided after Task 24's test results were seen)
R1_mlp_reg,rankV,KITTI,oracle,traj,JB,0.1,-0.16438748417300608,-0.39415709846274977,-0.025165087130092786,post-hoc (decided after Task 24's test results were seen),-0.12022899206878725,-0.3352379873117822,-0.00046297568606112893,post-hoc (decided after Task 24's test results were seen)
R1_mlp_reg,rankV,KITTI,oracle,traj,JB,0.2,-0.18389668363022396,-0.39702950965407957,-0.07297247881322903,post-hoc (decided after Task 24's test results were seen),-0.12272302108767197,-0.3660333362864897,0.04355180071517955,post-hoc (decided after Task 24's test results were seen)
R1_mlp_reg,rankV,KITTI,oracle,traj,JB,0.3,-0.16608539114558607,-0.2262721092781892,-0.09030251300589331,post-hoc (decided after Task 24's test results were seen),-0.14220094568216535,-0.3256572845770918,-0.039966042772013904,post-hoc (decided after Task 24's test results were seen)
R1_mlp_reg,rankV,KITTI,oracle,traj,JB,0.5,-0.0852869950364622,-0.20328196763835193,0.03108124933207849,post-hoc (decided after Task 24's test results were seen),-0.17645517536387034,-0.3020501101248922,-0.002341327768033974,post-hoc (decided after Task 24's test results were seen)
R1_mlp_reg,secdfV,KITTI,oracle,traj,JB,0.1,-0.2086087608483636,-0.4280461452340896,-0.035570994877622414,post-hoc (decided after Task 24's test results were seen),-0.18412210952476607,-0.36741033280908125,-0.06935638115181571,post-hoc (decided after Task 24's test results were seen)
R1_mlp_reg,secdfV,KITTI,oracle,traj,JB,0.2,-0.13410792895244272,-0.366048784319327,-0.019781865731907544,post-hoc (decided after Task 24's test results were seen),-0.16204667567663555,-0.424675394213586,0.056872203503743356,post-hoc (decided after Task 24's test results were seen)
R1_mlp_reg,secdfV,KITTI,oracle,traj,JB,0.3,-0.09527735997396536,-0.18839994309187957,0.05596527014409467,post-hoc (decided after Task 24's test results were seen),-0.0340938382705831,-0.2724735881442038,0.10945126401942427,post-hoc (decided after Task 24's test results were seen)
R1_mlp_reg,secdfV,KITTI,oracle,traj,JB,0.5,0.11507718943858114,-0.01138394883374838,0.2966061220880806,post-hoc (decided after Task 24's test results were seen),0.024049509780055045,-0.05102140456107586,0.20853225904797235,post-hoc (decided after Task 24's test results were seen)
R1_mlp_reg,Q,KITTI,oracle,traj,JB,0.1,-0.17853982278051175,-0.4870471037875963,0.18399162783703082,post-hoc (decided after Task 24's test results were seen),-0.12311628313782602,-0.36887875925999225,0.180780833614133,post-hoc (decided after Task 24's test results were seen)
R1_mlp_reg,Q,KITTI,oracle,traj,JB,0.2,-0.15474530569079753,-0.7489260493314053,0.2680038723647224,post-hoc (decided after Task 24's test results were seen),-0.1041371983985574,-0.7030637217673714,0.2719194353002204,post-hoc (decided after Task 24's test results were seen)
R1_mlp_reg,Q,KITTI,oracle,traj,JB,0.3,-0.12393782162282652,-0.7905998609531879,0.276173383786466,post-hoc (decided after Task 24's test results were seen),-0.09594412903067212,-0.7174345181682403,0.2276068152070601,post-hoc (decided after Task 24's test results were seen)
R1_mlp_reg,Q,KITTI,oracle,traj,JB,0.5,-0.04820978335180137,-0.4770713325679815,0.3001183213297382,post-hoc (decided after Task 24's test results were seen),-0.1217081266019171,-0.47329960466440946,0.1479660884337317,post-hoc (decided after Task 24's test results were seen)
R1_mlp_reg,G,KITTI,oracle,traj,JB,0.1,-0.1727697667248842,-0.4884324674266324,0.1384158236354515,post-hoc (decided after Task 24's test results were seen),-0.11733766540127653,-0.37049013927328295,0.13531115604483665,post-hoc (decided after Task 24's test results were seen)
R1_mlp_reg,G,KITTI,oracle,traj,JB,0.2,-0.1388039375635844,-0.7094525996481619,0.2897345379234393,post-hoc (decided after Task 24's test results were seen),-0.08817217627109747,-0.6467466576278127,0.2918963606971632,post-hoc (decided after Task 24's test results were seen)
R1_mlp_reg,G,KITTI,oracle,traj,JB,0.3,-0.15837231173678468,-0.7561335975016146,0.19318222944907337,post-hoc (decided after Task 24's test results were seen),-0.13016281567202376,-0.6529256612623388,0.14109650441790342,post-hoc (decided after Task 24's test results were seen)
R1_mlp_reg,G,KITTI,oracle,traj,JB,0.5,-0.12533273993122118,-0.44231502844972614,0.13756888128208483,post-hoc (decided after Task 24's test results were seen),-0.1987853805049551,-0.40028775817944096,0.027374574829943824,post-hoc (decided after Task 24's test results were seen)
R1_gbm_reg,rankV,KITTI,oracle,traj,JB,0.1,0.0024494068949861836,-0.12165958075687971,0.09270962290864243,post-hoc (decided after Task 24's test results were seen),-0.025821872821312986,-0.18074090297303297,0.06037400632798556,post-hoc (decided after Task 24's test results were seen)
R1_gbm_reg,rankV,KITTI,oracle,traj,JB,0.2,-0.058617500521822796,-0.19966377805478241,0.014716834725028272,post-hoc (decided after Task 24's test results were seen),-0.07914922906725835,-0.23955668610420267,-0.005275828117766057,post-hoc (decided after Task 24's test results were seen)
R1_gbm_reg,rankV,KITTI,oracle,traj,JB,0.3,-0.14720348515127535,-0.27216824197294454,0.0002456424918228495,post-hoc (decided after Task 24's test results were seen),-0.15783436985246013,-0.31643497133506304,0.012607293281349996,post-hoc (decided after Task 24's test results were seen)
R1_gbm_reg,rankV,KITTI,oracle,traj,JB,0.5,-0.09207225527356777,-0.26650767167413014,0.06965663868190997,post-hoc (decided after Task 24's test results were seen),-0.06194515667006584,-0.25076614699820454,0.06395115964915299,post-hoc (decided after Task 24's test results were seen)
R1_gbm_reg,secdfV,KITTI,oracle,traj,JB,0.1,0.056376264070655324,-0.03271095423753684,0.10003388114021029,post-hoc (decided after Task 24's test results were seen),0.03015221007989166,-0.0901397483804583,0.07434787035337675,post-hoc (decided after Task 24's test results were seen)
R1_gbm_reg,secdfV,KITTI,oracle,traj,JB,0.2,0.029880625364595126,-0.03268699240564776,0.11837168448687896,post-hoc (decided after Task 24's test results were seen),-0.028550307023128774,-0.09761476051011489,0.08342614736359835,post-hoc (decided after Task 24's test results were seen)
R1_gbm_reg,secdfV,KITTI,oracle,traj,JB,0.3,0.051401208679391686,-0.0189929704451541,0.08793341514841517,post-hoc (decided after Task 24's test results were seen),0.01931777257409717,-0.05419468455830542,0.08791255085558314,post-hoc (decided after Task 24's test results were seen)
R1_gbm_reg,secdfV,KITTI,oracle,traj,JB,0.5,-0.02661446336775286,-0.0502282504644302,0.035905399205754855,post-hoc (decided after Task 24's test results were seen),0.06462881174218227,-0.0019492444055219105,0.11826404955726455,post-hoc (decided after Task 24's test results were seen)
R1_gbm_reg,Q,KITTI,oracle,traj,JB,0.1,-0.19397217251141952,-0.6084724688311411,0.20172385128165982,post-hoc (decided after Task 24's test results were seen),-0.22236501426936467,-0.6898974715880943,0.19678335641879605,post-hoc (decided after Task 24's test results were seen)
R1_gbm_reg,Q,KITTI,oracle,traj,JB,0.2,-0.2463323045943614,-0.8850083366682472,0.20986257687009485,post-hoc (decided after Task 24's test results were seen),-0.2613106968110884,-0.8790472787488366,0.19380502075037534,post-hoc (decided after Task 24's test results were seen)
R1_gbm_reg,Q,KITTI,oracle,traj,JB,0.3,-0.36761652125035565,-0.9060819710966805,0.136000336751238,post-hoc (decided after Task 24's test results were seen),-0.3806622154544679,-0.9041408800350406,0.10972175205884133,post-hoc (decided after Task 24's test results were seen)
R1_gbm_reg,Q,KITTI,oracle,traj,JB,0.5,-0.13863202545259423,-0.5201139533896763,0.11439507859080515,post-hoc (decided after Task 24's test results were seen),-0.1066863239156659,-0.5243936055365049,0.16532674759758448,post-hoc (decided after Task 24's test results were seen)
R1_gbm_reg,G,KITTI,oracle,traj,JB,0.1,-0.09090420638898933,-0.50111197515243,0.17431857805747397,post-hoc (decided after Task 24's test results were seen),-0.11926168896616618,-0.5515719593610217,0.17201193485583458,post-hoc (decided after Task 24's test results were seen)
R1_gbm_reg,G,KITTI,oracle,traj,JB,0.2,-0.14311306116776523,-0.7174039057885675,0.12095646329374271,post-hoc (decided after Task 24's test results were seen),-0.15797580039741732,-0.7164522767740581,0.10552168204211561,post-hoc (decided after Task 24's test results were seen)
R1_gbm_reg,G,KITTI,oracle,traj,JB,0.3,-0.23960643910838586,-0.7133630878616172,0.07069379827294904,post-hoc (decided after Task 24's test results were seen),-0.25260645448956304,-0.7149838780059041,0.054068713353631136,post-hoc (decided after Task 24's test results were seen)
R1_gbm_reg,G,KITTI,oracle,traj,JB,0.5,-0.13690451443495255,-0.4058068647883067,0.08390557560415868,post-hoc (decided after Task 24's test results were seen),-0.10497731466977334,-0.4062759641636073,0.11511471076466029,post-hoc (decided after Task 24's test results were seen)
R1_mlp_reg,rankV,nuScenes,mono,brake,J,0.1,-0.12710462498568514,-0.4258722063971907,-0.004242158141917468,post-hoc (decided after Task 24's test results were seen),-0.22017841943356092,-0.43450819862975437,-0.04038495652939618,post-hoc (decided after Task 24's test results were seen)
R1_mlp_reg,rankV,nuScenes,mono,brake,J,0.2,-0.2095624330041353,-0.5299787465110879,0.14285379826755976,post-hoc (decided after Task 24's test results were seen),-0.385413038674951,-0.6979267154469078,-0.07939065675088212,post-hoc (decided after Task 24's test results were seen)
R1_mlp_reg,rankV,nuScenes,mono,brake,J,0.3,-0.3200784011481891,-0.6292557269754062,0.0319901756884033,post-hoc (decided after Task 24's test results were seen),-0.31178125484803554,-0.7228288661404402,0.007536662765839852,post-hoc (decided after Task 24's test results were seen)
R1_mlp_reg,rankV,nuScenes,mono,brake,J,0.5,-0.36598666928916945,-0.634926953712149,0.09505373352054207,post-hoc (decided after Task 24's test results were seen),-0.393861109208995,-0.7995430855204756,-0.09664164016569853,post-hoc (decided after Task 24's test results were seen)
R1_mlp_reg,secdfV,nuScenes,mono,brake,J,0.1,-0.09357977442066387,-0.2896626029910052,0.0033333592366432464,post-hoc (decided after Task 24's test results were seen),-0.09714371978053321,-0.19528186903181488,0.006880203015086359,post-hoc (decided after Task 24's test results were seen)
R1_mlp_reg,secdfV,nuScenes,mono,brake,J,0.2,-0.26515958233196546,-0.5283761646339624,0.029104845168220112,post-hoc (decided after Task 24's test results were seen),-0.08006673256849989,-0.27592998009648684,0.10742240498268298,post-hoc (decided after Task 24's test results were seen)
R1_mlp_reg,secdfV,nuScenes,mono,brake,J,0.3,-0.24793265999379988,-0.5988488070353035,0.04164881821146066,post-hoc (decided after Task 24's test results were seen),0.045537139483512734,-0.2884631479270642,0.1787853375688461,post-hoc (decided after Task 24's test results were seen)
R1_mlp_reg,secdfV,nuScenes,mono,brake,J,0.5,-0.11413079005670967,-0.40627467500256914,0.15671075332384993,post-hoc (decided after Task 24's test results were seen),-0.263406791565684,-0.514304018602017,0.25492796462072725,post-hoc (decided after Task 24's test results were seen)
R1_mlp_reg,Q,nuScenes,mono,brake,J,0.1,-0.1276565220321392,-0.5026927249552552,0.0810475073057403,post-hoc (decided after Task 24's test results were seen),-0.19906071254004554,-0.5315771417491775,0.06903570587011951,post-hoc (decided after Task 24's test results were seen)
R1_mlp_reg,Q,nuScenes,mono,brake,J,0.2,-0.2565176342562484,-0.5955495982301967,0.10402133816436157,post-hoc (decided after Task 24's test results were seen),-0.3172510913233616,-0.7136196519318588,0.10967699601714191,post-hoc (decided after Task 24's test results were seen)
R1_mlp_reg,Q,nuScenes,mono,brake,J,0.3,-0.27799844304791593,-0.6405783812415049,0.08506804773628815,post-hoc (decided after Task 24's test results were seen),-0.20645676097748708,-0.6688421273029413,0.2548783649509975,post-hoc (decided after Task 24's test results were seen)
R1_mlp_reg,Q,nuScenes,mono,brake,J,0.5,-0.15549068095450863,-0.6249499419807275,0.14786753242549444,post-hoc (decided after Task 24's test results were seen),-0.37027052270058725,-0.7706639075388837,0.07364974913708139,post-hoc (decided after Task 24's test results were seen)
R1_mlp_reg,G,nuScenes,mono,brake,J,0.1,-0.10753445142600135,-0.37188794818600485,0.12142214279674918,post-hoc (decided after Task 24's test results were seen),-0.1797220812881571,-0.3975136125056739,0.1029595077639742,post-hoc (decided after Task 24's test results were seen)
R1_mlp_reg,G,nuScenes,mono,brake,J,0.2,-0.07603060543543816,-0.40045968806566107,0.26479428594082655,post-hoc (decided after Task 24's test results were seen),-0.13067901255152004,-0.47258231432369513,0.22736445746104703,post-hoc (decided after Task 24's test results were seen)
R1_mlp_reg,G,nuScenes,mono,brake,J,0.3,-0.1303424522085438,-0.47862607101460813,0.21106149557584802,post-hoc (decided after Task 24's test results were seen),-0.05155179954874678,-0.4453787692764922,0.3326362344104501,post-hoc (decided after Task 24's test results were seen)
R1_mlp_reg,G,nuScenes,mono,brake,J,0.5,-0.1054763369038702,-0.41694065555564097,0.26541981246342833,post-hoc (decided after Task 24's test results were seen),-0.3209556506198764,-0.5983136672754121,0.20405158657458375,post-hoc (decided after Task 24's test results were seen)
R1_gbm_reg,rankV,nuScenes,mono,brake,J,0.1,-0.07534264977055492,-0.38676479290283783,0.11704668035664854,post-hoc (decided after Task 24's test results were seen),-0.014012611769192773,-0.3341803899325693,0.2067481776910663,post-hoc (decided after Task 24's test results were seen)
R1_gbm_reg,rankV,nuScenes,mono,brake,J,0.2,-0.12203470974665614,-0.49069872452230623,0.1195856724404107,post-hoc (decided after Task 24's test results were seen),-0.11670020826112998,-0.4798527291548567,0.1346506382640178,post-hoc (decided after Task 24's test results were seen)
R1_gbm_reg,rankV,nuScenes,mono,brake,J,0.3,-0.07209963377130119,-0.5116351526381179,0.08314402713616692,post-hoc (decided after Task 24's test results were seen),-0.020181799080851326,-0.4085417916743117,0.175267918405613,post-hoc (decided after Task 24's test results were seen)
R1_gbm_reg,rankV,nuScenes,mono,brake,J,0.5,-0.2586192946387865,-0.6462068015435961,-0.09367754227109128,post-hoc (decided after Task 24's test results were seen),-0.22923202996774744,-0.602733610454336,0.0007395793136810694,post-hoc (decided after Task 24's test results were seen)
R1_gbm_reg,secdfV,nuScenes,mono,brake,J,0.1,0.2629810050584419,-0.20884416798429192,0.45479280047991083,post-hoc (decided after Task 24's test results were seen),0.0755848153279399,-0.25294425766070805,0.30225045262994554,post-hoc (decided after Task 24's test results were seen)
R1_gbm_reg,secdfV,nuScenes,mono,brake,J,0.2,-0.006960960394794713,-0.327428315845567,0.20948116929842808,post-hoc (decided after Task 24's test results were seen),0.0418535974566851,-0.23322247718327863,0.2319382890112913,post-hoc (decided after Task 24's test results were seen)
R1_gbm_reg,secdfV,nuScenes,mono,brake,J,0.3,-0.009437901282149386,-0.4032464678405022,0.17102543293050845,post-hoc (decided after Task 24's test results were seen),0.10951858780403206,-0.1568977338876834,0.2684725093733843,post-hoc (decided after Task 24's test results were seen)
R1_gbm_reg,secdfV,nuScenes,mono,brake,J,0.5,-0.10990846387091469,-0.4504708445587074,0.07370869513184489,post-hoc (decided after Task 24's test results were seen),-0.035991877809954054,-0.22179830987449345,0.07367615445341207,post-hoc (decided after Task 24's test results were seen)
R1_gbm_reg,Q,nuScenes,mono,brake,J,0.1,-0.022472227560205824,-0.2666315450231297,0.10536679341766092,post-hoc (decided after Task 24's test results were seen),-0.09433504029281749,-0.3149867108034916,0.12448510862682681,post-hoc (decided after Task 24's test results were seen)
R1_gbm_reg,Q,nuScenes,mono,brake,J,0.2,-0.27109254455898407,-0.3969303113865403,0.03360763821651827,post-hoc (decided after Task 24's test results were seen),-0.2733728823192557,-0.4307577236505863,0.030356614689255795,post-hoc (decided after Task 24's test results were seen)
R1_gbm_reg,Q,nuScenes,mono,brake,J,0.3,-0.11477259300351639,-0.43696549378011207,0.26219558935494186,post-hoc (decided after Task 24's test results were seen),-0.12914458178684798,-0.41703945960402555,0.27520944840937167,post-hoc (decided after Task 24's test results were seen)
R1_gbm_reg,Q,nuScenes,mono,brake,J,0.5,-0.1503655520494928,-0.3690952906293286,0.13097062459641678,post-hoc (decided after Task 24's test results were seen),-0.1500239689943597,-0.3691245768595864,0.1532776246198872,post-hoc (decided after Task 24's test results were seen)
R1_gbm_reg,G,nuScenes,mono,brake,J,0.1,0.029371702465453328,-0.20788459659209782,0.2673092151664524,post-hoc (decided after Task 24's test results were seen),-0.041089817397872985,-0.23097096509019044,0.27612693386434123,post-hoc (decided after Task 24's test results were seen)
R1_gbm_reg,G,nuScenes,mono,brake,J,0.2,-0.1148735657457966,-0.28029567616023693,0.15672646728502626,post-hoc (decided after Task 24's test results were seen),-0.1155860909813552,-0.3094475530062793,0.15222363075401968,post-hoc (decided after Task 24's test results were seen)
R1_gbm_reg,G,nuScenes,mono,brake,J,0.3,-0.08771526851674882,-0.39820851396703966,0.17421560016475976,post-hoc (decided after Task 24's test results were seen),-0.10413122877472697,-0.4201689058776639,0.18548230060961748,post-hoc (decided after Task 24's test results were seen)
R1_gbm_reg,G,nuScenes,mono,brake,J,0.5,-0.14278188759293914,-0.49577558568592067,0.22205141882111262,post-hoc (decided after Task 24's test results were seen),-0.14464863441894993,-0.5117681893299015,0.24230504410085826,post-hoc (decided after Task 24's test results were seen)
R1_mlp_reg,rankV,nuScenes,mono,plan_ade,JC_ade,0.1,-0.2106137871552838,-0.33298151185554586,0.03850826648620501,post-hoc (decided after Task 24's test results were seen),-0.2106137871552838,-0.33298151185554586,0.03850826648620501,post-hoc (decided after Task 24's test results were seen)
R1_mlp_reg,rankV,nuScenes,mono,plan_ade,JC_ade,0.2,-0.17111846712704243,-0.30430131095519214,0.15450975837734257,post-hoc (decided after Task 24's test results were seen),-0.17111846712704243,-0.30430131095519214,0.15450975837734257,post-hoc (decided after Task 24's test results were seen)
R1_mlp_reg,rankV,nuScenes,mono,plan_ade,JC_ade,0.3,-0.02357723674851986,-0.20973382297573515,0.31916597945575725,post-hoc (decided after Task 24's test results were seen),-0.02357723674851986,-0.20973382297573515,0.31916597945575725,post-hoc (decided after Task 24's test results were seen)
R1_mlp_reg,rankV,nuScenes,mono,plan_ade,JC_ade,0.5,0.07775142688087816,-0.16758219876755687,0.3266288058250751,post-hoc (decided after Task 24's test results were seen),0.07775142688087816,-0.16758219876755687,0.3266288058250751,post-hoc (decided after Task 24's test results were seen)
R1_mlp_reg,secdfV,nuScenes,mono,plan_ade,JC_ade,0.1,-0.0944451871953865,-0.2762853910193733,0.13086757174925284,post-hoc (decided after Task 24's test results were seen),-0.0944451871953865,-0.2762853910193733,0.13086757174925284,post-hoc (decided after Task 24's test results were seen)
R1_mlp_reg,secdfV,nuScenes,mono,plan_ade,JC_ade,0.2,-0.002204583478213701,-0.303961491613071,0.2600115193328606,post-hoc (decided after Task 24's test results were seen),-0.002204583478213701,-0.303961491613071,0.2600115193328606,post-hoc (decided after Task 24's test results were seen)
R1_mlp_reg,secdfV,nuScenes,mono,plan_ade,JC_ade,0.3,0.0026337750269092575,-0.2900484249297594,0.26044620725623363,post-hoc (decided after Task 24's test results were seen),0.0026337750269092575,-0.2900484249297594,0.26044620725623363,post-hoc (decided after Task 24's test results were seen)
R1_mlp_reg,secdfV,nuScenes,mono,plan_ade,JC_ade,0.5,0.05868493717670459,-0.21408791149662207,0.24518423600903133,post-hoc (decided after Task 24's test results were seen),0.05868493717670459,-0.21408791149662207,0.24518423600903133,post-hoc (decided after Task 24's test results were seen)
R1_mlp_reg,Q,nuScenes,mono,plan_ade,JC_ade,0.1,-0.06748140813630414,-0.2465893353710001,0.0566244734037344,post-hoc (decided after Task 24's test results were seen),-0.06748140813630414,-0.2465893353710001,0.0566244734037344,post-hoc (decided after Task 24's test results were seen)
R1_mlp_reg,Q,nuScenes,mono,plan_ade,JC_ade,0.2,-0.16845722346538616,-0.3371095886669684,-0.024830426883159337,post-hoc (decided after Task 24's test results were seen),-0.16845722346538616,-0.3371095886669684,-0.024830426883159337,post-hoc (decided after Task 24's test results were seen)
R1_mlp_reg,Q,nuScenes,mono,plan_ade,JC_ade,0.3,-0.03583445598469254,-0.3754130445105697,0.11100102415520785,post-hoc (decided after Task 24's test results were seen),-0.03583445598469254,-0.3754130445105697,0.11100102415520785,post-hoc (decided after Task 24's test results were seen)
R1_mlp_reg,Q,nuScenes,mono,plan_ade,JC_ade,0.5,-0.06519568326072664,-0.4204461783912908,0.10044510342019307,post-hoc (decided after Task 24's test results were seen),-0.06519568326072664,-0.4204461783912908,0.10044510342019307,post-hoc (decided after Task 24's test results were seen)
R1_mlp_reg,G,nuScenes,mono,plan_ade,JC_ade,0.1,-0.15801388341189124,-0.32914933482307385,0.1493629957872517,post-hoc (decided after Task 24's test results were seen),-0.15801388341189124,-0.32914933482307385,0.1493629957872517,post-hoc (decided after Task 24's test results were seen)
R1_mlp_reg,G,nuScenes,mono,plan_ade,JC_ade,0.2,-0.04756517434657376,-0.2503217348050603,0.24499332594159162,post-hoc (decided after Task 24's test results were seen),-0.04756517434657376,-0.2503217348050603,0.24499332594159162,post-hoc (decided after Task 24's test results were seen)
R1_mlp_reg,G,nuScenes,mono,plan_ade,JC_ade,0.3,-0.0328448864510916,-0.2674167117071807,0.2728440289126332,post-hoc (decided after Task 24's test results were seen),-0.0328448864510916,-0.2674167117071807,0.2728440289126332,post-hoc (decided after Task 24's test results were seen)
R1_mlp_reg,G,nuScenes,mono,plan_ade,JC_ade,0.5,0.1344356020488196,-0.19423081006470508,0.33419281920547883,post-hoc (decided after Task 24's test results were seen),0.1344356020488196,-0.19423081006470508,0.33419281920547883,post-hoc (decided after Task 24's test results were seen)
R1_gbm_reg,rankV,nuScenes,mono,plan_ade,JC_ade,0.1,0.061420064935625615,-0.03128847397169509,0.2947821325341551,post-hoc (decided after Task 24's test results were seen),0.061420064935625615,-0.03128847397169509,0.2947821325341551,post-hoc (decided after Task 24's test results were seen)
R1_gbm_reg,rankV,nuScenes,mono,plan_ade,JC_ade,0.2,0.06342516611070269,-0.05362323375745628,0.2895812799309245,post-hoc (decided after Task 24's test results were seen),0.06342516611070269,-0.05362323375745628,0.2895812799309245,post-hoc (decided after Task 24's test results were seen)
R1_gbm_reg,rankV,nuScenes,mono,plan_ade,JC_ade,0.3,0.04284738513383742,-0.09653331431495583,0.1990372236318101,post-hoc (decided after Task 24's test results were seen),0.04284738513383742,-0.09653331431495583,0.1990372236318101,post-hoc (decided after Task 24's test results were seen)
R1_gbm_reg,rankV,nuScenes,mono,plan_ade,JC_ade,0.5,0.10931161844045026,-0.016135189940334797,0.26581938435447816,post-hoc (decided after Task 24's test results were seen),0.10931161844045026,-0.016135189940334797,0.26581938435447816,post-hoc (decided after Task 24's test results were seen)
R1_gbm_reg,secdfV,nuScenes,mono,plan_ade,JC_ade,0.1,0.06880568755296522,0.007521381976315969,0.194775893880703,post-hoc (decided after Task 24's test results were seen),0.06880568755296522,0.007521381976315969,0.194775893880703,post-hoc (decided after Task 24's test results were seen)
R1_gbm_reg,secdfV,nuScenes,mono,plan_ade,JC_ade,0.2,0.12159801710981444,0.0029720668435114107,0.21265278396519394,post-hoc (decided after Task 24's test results were seen),0.12159801710981444,0.0029720668435114107,0.21265278396519394,post-hoc (decided after Task 24's test results were seen)
R1_gbm_reg,secdfV,nuScenes,mono,plan_ade,JC_ade,0.3,0.06999998770719765,-0.10769125734983054,0.13382593923226377,post-hoc (decided after Task 24's test results were seen),0.06999998770719765,-0.10769125734983054,0.13382593923226377,post-hoc (decided after Task 24's test results were seen)
R1_gbm_reg,secdfV,nuScenes,mono,plan_ade,JC_ade,0.5,0.010750417467982346,-0.16337429550348265,0.1386080162813157,post-hoc (decided after Task 24's test results were seen),0.010750417467982346,-0.16337429550348265,0.1386080162813157,post-hoc (decided after Task 24's test results were seen)
R1_gbm_reg,Q,nuScenes,mono,plan_ade,JC_ade,0.1,0.3013150216720913,-0.003194185991882101,0.3874191388335496,post-hoc (decided after Task 24's test results were seen),0.3013150216720913,-0.003194185991882101,0.3874191388335496,post-hoc (decided after Task 24's test results were seen)
R1_gbm_reg,Q,nuScenes,mono,plan_ade,JC_ade,0.2,0.2827332843592282,-0.007321317427178526,0.45422693063276587,post-hoc (decided after Task 24's test results were seen),0.2827332843592282,-0.007321317427178526,0.45422693063276587,post-hoc (decided after Task 24's test results were seen)
R1_gbm_reg,Q,nuScenes,mono,plan_ade,JC_ade,0.3,0.33001514975564306,-0.00999089508107734,0.498409333351731,post-hoc (decided after Task 24's test results were seen),0.33001514975564306,-0.00999089508107734,0.498409333351731,post-hoc (decided after Task 24's test results were seen)
R1_gbm_reg,Q,nuScenes,mono,plan_ade,JC_ade,0.5,0.392321536424315,0.015489914151800023,0.5637842361291896,post-hoc (decided after Task 24's test results were seen),0.392321536424315,0.015489914151800023,0.5637842361291896,post-hoc (decided after Task 24's test results were seen)
R1_gbm_reg,G,nuScenes,mono,plan_ade,JC_ade,0.1,0.15818658493246912,-0.013561912999359908,0.39056987264679094,post-hoc (decided after Task 24's test results were seen),0.15818658493246912,-0.013561912999359908,0.39056987264679094,post-hoc (decided after Task 24's test results were seen)
R1_gbm_reg,G,nuScenes,mono,plan_ade,JC_ade,0.2,0.2937945335530626,0.1042450326188369,0.49777976635661647,post-hoc (decided after Task 24's test results were seen),0.2937945335530626,0.1042450326188369,0.49777976635661647,post-hoc (decided after Task 24's test results were seen)
R1_gbm_reg,G,nuScenes,mono,plan_ade,JC_ade,0.3,0.29382360251115147,0.040080227208799175,0.42860358996981757,post-hoc (decided after Task 24's test results were seen),0.29382360251115147,0.040080227208799175,0.42860358996981757,post-hoc (decided after Task 24's test results were seen)
R1_gbm_reg,G,nuScenes,mono,plan_ade,JC_ade,0.5,0.2709537386617804,-0.0009162856654939096,0.46955064188396817,post-hoc (decided after Task 24's test results were seen),0.2709537386617804,-0.0009162856654939096,0.46955064188396817,post-hoc (decided after Task 24's test results were seen)
R1_mlp_reg,rankV,nuScenes,mono,plan_fde,JC_fde,0.1,-0.08161103261943796,-0.19121638349851788,0.029078415005649838,post-hoc (decided after Task 24's test results were seen),-0.08161103261943796,-0.19121638349851788,0.029078415005649838,post-hoc (decided after Task 24's test results were seen)
R1_mlp_reg,rankV,nuScenes,mono,plan_fde,JC_fde,0.2,-0.13064695160987758,-0.21089691284264103,0.05161829894454561,post-hoc (decided after Task 24's test results were seen),-0.13064695160987758,-0.21089691284264103,0.05161829894454561,post-hoc (decided after Task 24's test results were seen)
R1_mlp_reg,rankV,nuScenes,mono,plan_fde,JC_fde,0.3,-0.050782863561969205,-0.24980467985475407,0.08310018585160818,post-hoc (decided after Task 24's test results were seen),-0.050782863561969205,-0.24980467985475407,0.08310018585160818,post-hoc (decided after Task 24's test results were seen)
R1_mlp_reg,rankV,nuScenes,mono,plan_fde,JC_fde,0.5,-0.1613582824353445,-0.4521376846971373,0.03905392231291079,post-hoc (decided after Task 24's test results were seen),-0.1613582824353445,-0.4521376846971373,0.03905392231291079,post-hoc (decided after Task 24's test results were seen)
R1_mlp_reg,secdfV,nuScenes,mono,plan_fde,JC_fde,0.1,0.036853027143353756,-0.14304478012935226,0.1705850910700505,post-hoc (decided after Task 24's test results were seen),0.036853027143353756,-0.14304478012935226,0.1705850910700505,post-hoc (decided after Task 24's test results were seen)
R1_mlp_reg,secdfV,nuScenes,mono,plan_fde,JC_fde,0.2,-0.024708606322506182,-0.1822258967796033,0.21773045866544147,post-hoc (decided after Task 24's test results were seen),-0.024708606322506182,-0.1822258967796033,0.21773045866544147,post-hoc (decided after Task 24's test results were seen)
R1_mlp_reg,secdfV,nuScenes,mono,plan_fde,JC_fde,0.3,0.042698155614946776,-0.15076853884685046,0.2989820015212967,post-hoc (decided after Task 24's test results were seen),0.042698155614946776,-0.15076853884685046,0.2989820015212967,post-hoc (decided after Task 24's test results were seen)
R1_mlp_reg,secdfV,nuScenes,mono,plan_fde,JC_fde,0.5,-0.05755155137357121,-0.22003048679305323,0.10992339649444278,post-hoc (decided after Task 24's test results were seen),-0.05755155137357121,-0.22003048679305323,0.10992339649444278,post-hoc (decided after Task 24's test results were seen)
R1_mlp_reg,Q,nuScenes,mono,plan_fde,JC_fde,0.1,-0.14851784410350824,-0.34437174239101603,0.022973408815802357,post-hoc (decided after Task 24's test results were seen),-0.14851784410350824,-0.34437174239101603,0.022973408815802357,post-hoc (decided after Task 24's test results were seen)
R1_mlp_reg,Q,nuScenes,mono,plan_fde,JC_fde,0.2,-0.3007126364672428,-0.4652748770583,-0.09513541520152345,post-hoc (decided after Task 24's test results were seen),-0.3007126364672428,-0.4652748770583,-0.09513541520152345,post-hoc (decided after Task 24's test results were seen)
R1_mlp_reg,Q,nuScenes,mono,plan_fde,JC_fde,0.3,-0.14544989866855473,-0.39613704226502183,-0.028206413624967223,post-hoc (decided after Task 24's test results were seen),-0.14544989866855473,-0.39613704226502183,-0.028206413624967223,post-hoc (decided after Task 24's test results were seen)
R1_mlp_reg,Q,nuScenes,mono,plan_fde,JC_fde,0.5,-0.26221139818283723,-0.5915914737385355,-0.06843972394315868,post-hoc (decided after Task 24's test results were seen),-0.26221139818283723,-0.5915914737385355,-0.06843972394315868,post-hoc (decided after Task 24's test results were seen)
R1_mlp_reg,G,nuScenes,mono,plan_fde,JC_fde,0.1,-0.2410977786350157,-0.4506200452707336,0.08569215027006226,post-hoc (decided after Task 24's test results were seen),-0.2410977786350157,-0.4506200452707336,0.08569215027006226,post-hoc (decided after Task 24's test results were seen)
R1_mlp_reg,G,nuScenes,mono,plan_fde,JC_fde,0.2,-0.160927706685692,-0.3509889775857478,0.123556506894327,post-hoc (decided after Task 24's test results were seen),-0.160927706685692,-0.3509889775857478,0.123556506894327,post-hoc (decided after Task 24's test results were seen)
R1_mlp_reg,G,nuScenes,mono,plan_fde,JC_fde,0.3,-0.13963838559509256,-0.35206510782268957,0.10089998140868936,post-hoc (decided after Task 24's test results were seen),-0.13963838559509256,-0.35206510782268957,0.10089998140868936,post-hoc (decided after Task 24's test results were seen)
R1_mlp_reg,G,nuScenes,mono,plan_fde,JC_fde,0.5,-0.09826359552806846,-0.4662127633118615,0.15183267957172294,post-hoc (decided after Task 24's test results were seen),-0.09826359552806846,-0.4662127633118615,0.15183267957172294,post-hoc (decided after Task 24's test results were seen)
R1_gbm_reg,rankV,nuScenes,mono,plan_fde,JC_fde,0.1,0.20002380172065345,0.055544303454749415,0.36306343593003465,post-hoc (decided after Task 24's test results were seen),0.20002380172065345,0.055544303454749415,0.36306343593003465,post-hoc (decided after Task 24's test results were seen)
R1_gbm_reg,rankV,nuScenes,mono,plan_fde,JC_fde,0.2,0.16976933942372793,0.040823578143335204,0.37662411408210344,post-hoc (decided after Task 24's test results were seen),0.16976933942372793,0.040823578143335204,0.37662411408210344,post-hoc (decided after Task 24's test results were seen)
R1_gbm_reg,rankV,nuScenes,mono,plan_fde,JC_fde,0.3,0.229852977984129,0.07071053317902688,0.45525750777802415,post-hoc (decided after Task 24's test results were seen),0.229852977984129,0.07071053317902688,0.45525750777802415,post-hoc (decided after Task 24's test results were seen)
R1_gbm_reg,rankV,nuScenes,mono,plan_fde,JC_fde,0.5,0.04726659907111863,-0.088464530005578,0.35202106649313725,post-hoc (decided after Task 24's test results were seen),0.04726659907111863,-0.088464530005578,0.35202106649313725,post-hoc (decided after Task 24's test results were seen)
R1_gbm_reg,secdfV,nuScenes,mono,plan_fde,JC_fde,0.1,0.24118357242183572,0.056099810790999925,0.4096998417433325,post-hoc (decided after Task 24's test results were seen),0.24118357242183572,0.056099810790999925,0.4096998417433325,post-hoc (decided after Task 24's test results were seen)
R1_gbm_reg,secdfV,nuScenes,mono,plan_fde,JC_fde,0.2,0.21639906920672253,0.04825722962548516,0.43449775954563047,post-hoc (decided after Task 24's test results were seen),0.21639906920672253,0.04825722962548516,0.43449775954563047,post-hoc (decided after Task 24's test results were seen)
R1_gbm_reg,secdfV,nuScenes,mono,plan_fde,JC_fde,0.3,0.16160208746048974,0.003334650762595965,0.36330285372020693,post-hoc (decided after Task 24's test results were seen),0.16160208746048974,0.003334650762595965,0.36330285372020693,post-hoc (decided after Task 24's test results were seen)
R1_gbm_reg,secdfV,nuScenes,mono,plan_fde,JC_fde,0.5,0.07169405587733835,-0.06900272625079637,0.3259011847588979,post-hoc (decided after Task 24's test results were seen),0.07169405587733835,-0.06900272625079637,0.3259011847588979,post-hoc (decided after Task 24's test results were seen)
R1_gbm_reg,Q,nuScenes,mono,plan_fde,JC_fde,0.1,0.2966717770639567,0.06272302582277099,0.4013144152033163,post-hoc (decided after Task 24's test results were seen),0.2966717770639567,0.06272302582277099,0.4013144152033163,post-hoc (decided after Task 24's test results were seen)
R1_gbm_reg,Q,nuScenes,mono,plan_fde,JC_fde,0.2,0.25276168438217733,0.05312703511373736,0.41236872404241987,post-hoc (decided after Task 24's test results were seen),0.25276168438217733,0.05312703511373736,0.41236872404241987,post-hoc (decided after Task 24's test results were seen)
R1_gbm_reg,Q,nuScenes,mono,plan_fde,JC_fde,0.3,0.1834234069459423,-0.003316640984363876,0.40654143295255946,post-hoc (decided after Task 24's test results were seen),0.1834234069459423,-0.003316640984363876,0.40654143295255946,post-hoc (decided after Task 24's test results were seen)
R1_gbm_reg,Q,nuScenes,mono,plan_fde,JC_fde,0.5,0.24362042181433943,0.005355192666281361,0.5676840883065671,post-hoc (decided after Task 24's test results were seen),0.24362042181433943,0.005355192666281361,0.5676840883065671,post-hoc (decided after Task 24's test results were seen)
R1_gbm_reg,G,nuScenes,mono,plan_fde,JC_fde,0.1,0.14886697644430308,0.0644510369532917,0.34303410402261586,post-hoc (decided after Task 24's test results were seen),0.14886697644430308,0.0644510369532917,0.34303410402261586,post-hoc (decided after Task 24's test results were seen)
R1_gbm_reg,G,nuScenes,mono,plan_fde,JC_fde,0.2,0.18942845185678625,0.028538831496842026,0.47624747931773803,post-hoc (decided after Task 24's test results were seen),0.18942845185678625,0.028538831496842026,0.47624747931773803,post-hoc (decided after Task 24's test results were seen)
R1_gbm_reg,G,nuScenes,mono,plan_fde,JC_fde,0.3,0.20948185596706123,0.010265710911066477,0.4771514720382334,post-hoc (decided after Task 24's test results were seen),0.20948185596706123,0.010265710911066477,0.4771514720382334,post-hoc (decided after Task 24's test results were seen)
R1_gbm_reg,G,nuScenes,mono,plan_fde,JC_fde,0.5,0.11257948810211085,-0.13263716580140852,0.4734636802482528,post-hoc (decided after Task 24's test results were seen),0.11257948810211085,-0.13263716580140852,0.4734636802482528,post-hoc (decided after Task 24's test results were seen)
R1_mlp_reg,rankV,nuScenes,oracle,brake,J,0.1,0.001178012547657134,-0.280584588315785,0.3099620600274518,post-hoc (decided after Task 24's test results were seen),0.00981455425896599,-0.1388512277946664,0.1255543014066426,post-hoc (decided after Task 24's test results were seen)
R1_mlp_reg,rankV,nuScenes,oracle,brake,J,0.2,-0.19315160920936345,-0.4627838165065034,0.2190125738267549,post-hoc (decided after Task 24's test results were seen),-0.20976734316239554,-0.6151439867246752,0.08225007621443253,post-hoc (decided after Task 24's test results were seen)
R1_mlp_reg,rankV,nuScenes,oracle,brake,J,0.3,-0.2548513457817223,-0.5184232428729625,0.17734188447940086,post-hoc (decided after Task 24's test results were seen),-0.3537151390838811,-0.6327096971208608,0.11875989325266496,post-hoc (decided after Task 24's test results were seen)
R1_mlp_reg,rankV,nuScenes,oracle,brake,J,0.5,-0.31975897154861044,-0.578089105187777,0.16147121014894295,post-hoc (decided after Task 24's test results were seen),-0.24848359264729103,-0.6775204255389098,0.3238321395743853,post-hoc (decided after Task 24's test results were seen)
R1_mlp_reg,secdfV,nuScenes,oracle,brake,J,0.1,-0.04147412493934709,-0.22585333066018318,0.10346902200340112,post-hoc (decided after Task 24's test results were seen),0.03768887853015233,-0.047331601979238185,0.1545999943468629,post-hoc (decided after Task 24's test results were seen)
R1_mlp_reg,secdfV,nuScenes,oracle,brake,J,0.2,-0.17219719769292058,-0.3039482601659448,0.06704658868780451,post-hoc (decided after Task 24's test results were seen),-0.055588300674669855,-0.3588150805227233,0.153770312044907,post-hoc (decided after Task 24's test results were seen)
R1_mlp_reg,secdfV,nuScenes,oracle,brake,J,0.3,-0.0019612406389030723,-0.2536717443293374,0.24522751406723897,post-hoc (decided after Task 24's test results were seen),-0.21956895429406503,-0.4904726664191609,0.0,post-hoc (decided after Task 24's test results were seen)
R1_mlp_reg,secdfV,nuScenes,oracle,brake,J,0.5,-0.06796822436899286,-0.27158850313897176,0.44340336212287157,post-hoc (decided after Task 24's test results were seen),-0.036375576334928605,-0.5785372982574769,0.17148202624716483,post-hoc (decided after Task 24's test results were seen)
R1_mlp_reg,Q,nuScenes,oracle,brake,J,0.1,-0.05340654863309331,-0.41705771365504435,0.22811610736801582,post-hoc (decided after Task 24's test results were seen),0.023824078556659363,-0.35399576978135977,0.26855784278435235,post-hoc (decided after Task 24's test results were seen)
R1_mlp_reg,Q,nuScenes,oracle,brake,J,0.2,-0.17152357664070306,-0.5754174507854226,0.24679654789751898,post-hoc (decided after Task 24's test results were seen),-0.19374409623670777,-0.7536092623361209,0.2868748985050693,post-hoc (decided after Task 24's test results were seen)
R1_mlp_reg,Q,nuScenes,oracle,brake,J,0.3,-0.15420005610755466,-0.5618336680915156,0.31134800731479056,post-hoc (decided after Task 24's test results were seen),-0.2724190322326357,-0.7233355068814175,0.19522051048988417,post-hoc (decided after Task 24's test results were seen)
R1_mlp_reg,Q,nuScenes,oracle,brake,J,0.5,-0.1764716535874965,-0.7045081579413331,0.33026335809644786,post-hoc (decided after Task 24's test results were seen),-0.17904700114790967,-0.8066583079674877,0.3155520514097386,post-hoc (decided after Task 24's test results were seen)
R1_mlp_reg,G,nuScenes,oracle,brake,J,0.1,-0.029331585180887132,-0.2588219286406192,0.342636904612453,post-hoc (decided after Task 24's test results were seen),0.04648574942486627,-0.11621875672846632,0.3612878972612361,post-hoc (decided after Task 24's test results were seen)
R1_mlp_reg,G,nuScenes,oracle,brake,J,0.2,-0.04769872929521696,-0.42200275880589055,0.45510876806012873,post-hoc (decided after Task 24's test results were seen),-0.06592853232335277,-0.48715096161761096,0.3659009943253142,post-hoc (decided after Task 24's test results were seen)
R1_mlp_reg,G,nuScenes,oracle,brake,J,0.3,-0.1650271126557529,-0.5039234583883786,0.3917419673706498,post-hoc (decided after Task 24's test results were seen),-0.27881727514738797,-0.5817405371287127,0.21720046643756719,post-hoc (decided after Task 24's test results were seen)
R1_mlp_reg,G,nuScenes,oracle,brake,J,0.5,-0.035310569698885796,-0.551797379922829,0.4404555986993108,post-hoc (decided after Task 24's test results were seen),-0.037135520300794755,-0.5303683544692792,0.3480615865648361,post-hoc (decided after Task 24's test results were seen)
R1_gbm_reg,rankV,nuScenes,oracle,brake,J,0.1,-0.1526500995687465,-0.36230024024128266,0.07715445431410259,post-hoc (decided after Task 24's test results were seen),0.1344749447609551,-0.21669579204548015,0.42127826309854743,post-hoc (decided after Task 24's test results were seen)
R1_gbm_reg,rankV,nuScenes,oracle,brake,J,0.2,-0.18984436670840343,-0.41853398303156597,0.10101552022819464,post-hoc (decided after Task 24's test results were seen),0.13434812081539682,-0.30100022761945955,0.3263557104648855,post-hoc (decided after Task 24's test results were seen)
R1_gbm_reg,rankV,nuScenes,oracle,brake,J,0.3,-0.2841713480130066,-0.4379452839384793,0.06946889089378822,post-hoc (decided after Task 24's test results were seen),-0.16433126542848525,-0.3224253258454828,0.29368076424101064,post-hoc (decided after Task 24's test results were seen)
R1_gbm_reg,rankV,nuScenes,oracle,brake,J,0.5,-0.1142998366686645,-0.41055924068775834,0.3764326721860276,post-hoc (decided after Task 24's test results were seen),0.06550095286678292,-0.2706911140756197,0.4675428454198423,post-hoc (decided after Task 24's test results were seen)
R1_gbm_reg,secdfV,nuScenes,oracle,brake,J,0.1,0.026905977256744373,-0.28631541089954293,0.12796440758393166,post-hoc (decided after Task 24's test results were seen),0.15532387869248584,0.0,0.3121342229856508,post-hoc (decided after Task 24's test results were seen)
R1_gbm_reg,secdfV,nuScenes,oracle,brake,J,0.2,-0.21480226969043892,-0.3890043535885245,0.048113303583949614,post-hoc (decided after Task 24's test results were seen),-0.021521227976959822,-0.4075396915514254,0.06945747781163206,post-hoc (decided after Task 24's test results were seen)
R1_gbm_reg,secdfV,nuScenes,oracle,brake,J,0.3,-0.13524872560563422,-0.32976357279711366,0.08061474249999247,post-hoc (decided after Task 24's test results were seen),-0.0955783188767031,-0.3903112979279219,1.1102230246251565e-16,post-hoc (decided after Task 24's test results were seen)
R1_gbm_reg,secdfV,nuScenes,oracle,brake,J,0.5,-0.05728396545539283,-0.42327574975915244,0.25285888087631536,post-hoc (decided after Task 24's test results were seen),-0.11834806043958501,-0.5276502846693404,0.1954361448359574,post-hoc (decided after Task 24's test results were seen)
R1_gbm_reg,Q,nuScenes,oracle,brake,J,0.1,-0.05952110152904834,-0.33939818956189416,0.2952379345894342,post-hoc (decided after Task 24's test results were seen),0.06566466189984552,-0.29617373435151234,0.29170860227476125,post-hoc (decided after Task 24's test results were seen)
R1_gbm_reg,Q,nuScenes,oracle,brake,J,0.2,-0.30071793716946316,-0.6838482447958497,0.3265165659107788,post-hoc (decided after Task 24's test results were seen),-0.10682440663962518,-0.5956349478699596,0.3153220169737991,post-hoc (decided after Task 24's test results were seen)
R1_gbm_reg,Q,nuScenes,oracle,brake,J,0.3,-0.216357636800038,-0.7113066619909324,0.49250432578164405,post-hoc (decided after Task 24's test results were seen),-0.22198881529868736,-0.7481446479709041,0.46864913728293106,post-hoc (decided after Task 24's test results were seen)
R1_gbm_reg,Q,nuScenes,oracle,brake,J,0.5,-0.1308303534032076,-0.5004456529199199,0.4136329375233343,post-hoc (decided after Task 24's test results were seen),-0.09337768496507876,-0.5548637425391907,0.5045289996210188,post-hoc (decided after Task 24's test results were seen)
R1_gbm_reg,G,nuScenes,oracle,brake,J,0.1,0.011845623394814181,-0.31480194681039453,0.6015874430553901,post-hoc (decided after Task 24's test results were seen),0.1359434862831937,-0.25043995679943026,0.5534851631841046,post-hoc (decided after Task 24's test results were seen)
R1_gbm_reg,G,nuScenes,oracle,brake,J,0.2,0.054469050056367097,-0.32642827671518343,0.5942486525170038,post-hoc (decided after Task 24's test results were seen),0.25197524569125684,-0.28369181616781797,0.614017138029657,post-hoc (decided after Task 24's test results were seen)
R1_gbm_reg,G,nuScenes,oracle,brake,J,0.3,0.0666468361259357,-0.29615408793394443,0.5966910815177487,post-hoc (decided after Task 24's test results were seen),0.0604173686024031,-0.3253736005366242,0.5663692803624217,post-hoc (decided after Task 24's test results were seen)
R1_gbm_reg,G,nuScenes,oracle,brake,J,0.5,0.01413090195771427,-0.47640746142298657,0.6081225631934782,post-hoc (decided after Task 24's test results were seen),0.054523973118535185,-0.5082117845828327,0.6988041755324368,post-hoc (decided after Task 24's test results were seen)
R1_mlp_reg,rankV,nuScenes,oracle,plan_ade,JC_ade,0.1,-0.07656728236124538,-0.3676951737818801,0.14221829787541054,post-hoc (decided after Task 24's test results were seen),-0.07656728236124538,-0.3676951737818801,0.14221829787541054,post-hoc (decided after Task 24's test results were seen)
R1_mlp_reg,rankV,nuScenes,oracle,plan_ade,JC_ade,0.2,-0.0463146741790261,-0.23485785192015793,0.21228471733477483,post-hoc (decided after Task 24's test results were seen),-0.0463146741790261,-0.23485785192015793,0.21228471733477483,post-hoc (decided after Task 24's test results were seen)
R1_mlp_reg,rankV,nuScenes,oracle,plan_ade,JC_ade,0.3,0.2678377016525997,-0.036716642484099095,0.4692596282993539,post-hoc (decided after Task 24's test results were seen),0.2678377016525997,-0.036716642484099095,0.4692596282993539,post-hoc (decided after Task 24's test results were seen)
R1_mlp_reg,rankV,nuScenes,oracle,plan_ade,JC_ade,0.5,0.19978797756016944,-0.023423479370801373,0.442910624856894,post-hoc (decided after Task 24's test results were seen),0.19978797756016944,-0.023423479370801373,0.442910624856894,post-hoc (decided after Task 24's test results were seen)
R1_mlp_reg,secdfV,nuScenes,oracle,plan_ade,JC_ade,0.1,-0.02252844956005963,-0.24887122215317423,0.16050539284038312,post-hoc (decided after Task 24's test results were seen),-0.02252844956005963,-0.24887122215317423,0.16050539284038312,post-hoc (decided after Task 24's test results were seen)
R1_mlp_reg,secdfV,nuScenes,oracle,plan_ade,JC_ade,0.2,-0.04353867994600322,-0.25366369042256626,0.23333970491034703,post-hoc (decided after Task 24's test results were seen),-0.04353867994600322,-0.25366369042256626,0.23333970491034703,post-hoc (decided after Task 24's test results were seen)
R1_mlp_reg,secdfV,nuScenes,oracle,plan_ade,JC_ade,0.3,0.24782627936152057,-0.03396114021091083,0.4303277411559173,post-hoc (decided after Task 24's test results were seen),0.24782627936152057,-0.03396114021091083,0.4303277411559173,post-hoc (decided after Task 24's test results were seen)
R1_mlp_reg,secdfV,nuScenes,oracle,plan_ade,JC_ade,0.5,0.14491535691919105,-0.017654512715438466,0.3175286082345609,post-hoc (decided after Task 24's test results were seen),0.14491535691919105,-0.017654512715438466,0.3175286082345609,post-hoc (decided after Task 24's test results were seen)
R1_mlp_reg,Q,nuScenes,oracle,plan_ade,JC_ade,0.1,0.10197654502080306,-0.11848874176155466,0.30962127099781483,post-hoc (decided after Task 24's test results were seen),0.10197654502080306,-0.11848874176155466,0.30962127099781483,post-hoc (decided after Task 24's test results were seen)
R1_mlp_reg,Q,nuScenes,oracle,plan_ade,JC_ade,0.2,0.14449114374226085,-0.1763582099705886,0.34071328817686597,post-hoc (decided after Task 24's test results were seen),0.14449114374226085,-0.1763582099705886,0.34071328817686597,post-hoc (decided after Task 24's test results were seen)
R1_mlp_reg,Q,nuScenes,oracle,plan_ade,JC_ade,0.3,0.28099697403908735,-0.028978543777212703,0.45993334097874944,post-hoc (decided after Task 24's test results were seen),0.28099697403908735,-0.028978543777212703,0.45993334097874944,post-hoc (decided after Task 24's test results were seen)
R1_mlp_reg,Q,nuScenes,oracle,plan_ade,JC_ade,0.5,0.1764562160372119,-0.0973833554511514,0.4029117318457725,post-hoc (decided after Task 24's test results were seen),0.1764562160372119,-0.0973833554511514,0.4029117318457725,post-hoc (decided after Task 24's test results were seen)
R1_mlp_reg,G,nuScenes,oracle,plan_ade,JC_ade,0.1,0.03537828211934902,-0.1328812132018421,0.266202128766351,post-hoc (decided after Task 24's test results were seen),0.03537828211934902,-0.1328812132018421,0.266202128766351,post-hoc (decided after Task 24's test results were seen)
R1_mlp_reg,G,nuScenes,oracle,plan_ade,JC_ade,0.2,0.12352171762899203,-0.15015334779375905,0.32001110825726026,post-hoc (decided after Task 24's test results were seen),0.12352171762899203,-0.15015334779375905,0.32001110825726026,post-hoc (decided after Task 24's test results were seen)
R1_mlp_reg,G,nuScenes,oracle,plan_ade,JC_ade,0.3,0.16714439778793355,-0.06215370151160031,0.3360163755361139,post-hoc (decided after Task 24's test results were seen),0.16714439778793355,-0.06215370151160031,0.3360163755361139,post-hoc (decided after Task 24's test results were seen)
R1_mlp_reg,G,nuScenes,oracle,plan_ade,JC_ade,0.5,0.06064253310955831,-0.3607068275351044,0.3284083436317358,post-hoc (decided after Task 24's test results were seen),0.06064253310955831,-0.3607068275351044,0.3284083436317358,post-hoc (decided after Task 24's test results were seen)
R1_gbm_reg,rankV,nuScenes,oracle,plan_ade,JC_ade,0.1,0.09452917579961656,-0.0271270579343712,0.23901372772095883,post-hoc (decided after Task 24's test results were seen),0.09452917579961656,-0.0271270579343712,0.23901372772095883,post-hoc (decided after Task 24's test results were seen)
R1_gbm_reg,rankV,nuScenes,oracle,plan_ade,JC_ade,0.2,0.17286681390290826,-0.04078788942877313,0.4455536793005157,post-hoc (decided after Task 24's test results were seen),0.17286681390290826,-0.04078788942877313,0.4455536793005157,post-hoc (decided after Task 24's test results were seen)
R1_gbm_reg,rankV,nuScenes,oracle,plan_ade,JC_ade,0.3,0.30966007917752864,-0.03865100041553556,0.643548206370376,post-hoc (decided after Task 24's test results were seen),0.30966007917752864,-0.03865100041553556,0.643548206370376,post-hoc (decided after Task 24's test results were seen)
R1_gbm_reg,rankV,nuScenes,oracle,plan_ade,JC_ade,0.5,0.24192599795742672,-0.025052015028979736,0.7427690549344945,post-hoc (decided after Task 24's test results were seen),0.24192599795742672,-0.025052015028979736,0.7427690549344945,post-hoc (decided after Task 24's test results were seen)
R1_gbm_reg,secdfV,nuScenes,oracle,plan_ade,JC_ade,0.1,0.08414287058766581,-0.0017007861229126637,0.2497391314976874,post-hoc (decided after Task 24's test results were seen),0.08414287058766581,-0.0017007861229126637,0.2497391314976874,post-hoc (decided after Task 24's test results were seen)
R1_gbm_reg,secdfV,nuScenes,oracle,plan_ade,JC_ade,0.2,0.09250624836282595,-0.03594725131082312,0.2138078768604867,post-hoc (decided after Task 24's test results were seen),0.09250624836282595,-0.03594725131082312,0.2138078768604867,post-hoc (decided after Task 24's test results were seen)
R1_gbm_reg,secdfV,nuScenes,oracle,plan_ade,JC_ade,0.3,0.13099378896144231,-0.12778841300277113,0.4284556595097068,post-hoc (decided after Task 24's test results were seen),0.13099378896144231,-0.12778841300277113,0.4284556595097068,post-hoc (decided after Task 24's test results were seen)
R1_gbm_reg,secdfV,nuScenes,oracle,plan_ade,JC_ade,0.5,0.04545517547497216,-0.09608626080873432,0.29254285647415756,post-hoc (decided after Task 24's test results were seen),0.04545517547497216,-0.09608626080873432,0.29254285647415756,post-hoc (decided after Task 24's test results were seen)
R1_gbm_reg,Q,nuScenes,oracle,plan_ade,JC_ade,0.1,0.18101846158054713,0.08118893018334744,0.3084570147731855,post-hoc (decided after Task 24's test results were seen),0.18101846158054713,0.08118893018334744,0.3084570147731855,post-hoc (decided after Task 24's test results were seen)
R1_gbm_reg,Q,nuScenes,oracle,plan_ade,JC_ade,0.2,0.15674829952510927,0.04315081551764413,0.3007451249071637,post-hoc (decided after Task 24's test results were seen),0.15674829952510927,0.04315081551764413,0.3007451249071637,post-hoc (decided after Task 24's test results were seen)
R1_gbm_reg,Q,nuScenes,oracle,plan_ade,JC_ade,0.3,0.2798258352222673,0.03677839868832737,0.5245090750877933,post-hoc (decided after Task 24's test results were seen),0.2798258352222673,0.03677839868832737,0.5245090750877933,post-hoc (decided after Task 24's test results were seen)
R1_gbm_reg,Q,nuScenes,oracle,plan_ade,JC_ade,0.5,0.279715504280161,0.05039425034549784,0.5460929972273977,post-hoc (decided after Task 24's test results were seen),0.279715504280161,0.05039425034549784,0.5460929972273977,post-hoc (decided after Task 24's test results were seen)
R1_gbm_reg,G,nuScenes,oracle,plan_ade,JC_ade,0.1,0.22152524904036658,0.007018861352259188,0.4221315118273463,post-hoc (decided after Task 24's test results were seen),0.22152524904036658,0.007018861352259188,0.4221315118273463,post-hoc (decided after Task 24's test results were seen)
R1_gbm_reg,G,nuScenes,oracle,plan_ade,JC_ade,0.2,0.2765740491351823,0.014471290122673076,0.4618081479062677,post-hoc (decided after Task 24's test results were seen),0.2765740491351823,0.014471290122673076,0.4618081479062677,post-hoc (decided after Task 24's test results were seen)
R1_gbm_reg,G,nuScenes,oracle,plan_ade,JC_ade,0.3,0.3401251711462778,-0.0051830188684435785,0.5486512119591168,post-hoc (decided after Task 24's test results were seen),0.3401251711462778,-0.0051830188684435785,0.5486512119591168,post-hoc (decided after Task 24's test results were seen)
R1_gbm_reg,G,nuScenes,oracle,plan_ade,JC_ade,0.5,0.1601990134121331,-0.15868829706313145,0.4839222369646447,post-hoc (decided after Task 24's test results were seen),0.1601990134121331,-0.15868829706313145,0.4839222369646447,post-hoc (decided after Task 24's test results were seen)
R1_mlp_reg,rankV,nuScenes,oracle,plan_fde,JC_fde,0.1,0.08471871397616289,-0.038946060436622,0.2450047239545308,post-hoc (decided after Task 24's test results were seen),0.08471871397616289,-0.038946060436622,0.2450047239545308,post-hoc (decided after Task 24's test results were seen)
R1_mlp_reg,rankV,nuScenes,oracle,plan_fde,JC_fde,0.2,0.16205171705851987,-0.05245977041407284,0.3280242110723444,post-hoc (decided after Task 24's test results were seen),0.16205171705851987,-0.05245977041407284,0.3280242110723444,post-hoc (decided after Task 24's test results were seen)
R1_mlp_reg,rankV,nuScenes,oracle,plan_fde,JC_fde,0.3,0.09559493700900044,-0.09823080076959564,0.3020702984781253,post-hoc (decided after Task 24's test results were seen),0.09559493700900044,-0.09823080076959564,0.3020702984781253,post-hoc (decided after Task 24's test results were seen)
R1_mlp_reg,rankV,nuScenes,oracle,plan_fde,JC_fde,0.5,0.08578650792766024,-0.29429997574684946,0.48828645133443704,post-hoc (decided after Task 24's test results were seen),0.08578650792766024,-0.29429997574684946,0.48828645133443704,post-hoc (decided after Task 24's test results were seen)
R1_mlp_reg,secdfV,nuScenes,oracle,plan_fde,JC_fde,0.1,-0.12061266668706722,-0.3274769019652269,0.20507881477541512,post-hoc (decided after Task 24's test results were seen),-0.12061266668706722,-0.3274769019652269,0.20507881477541512,post-hoc (decided after Task 24's test results were seen)
R1_mlp_reg,secdfV,nuScenes,oracle,plan_fde,JC_fde,0.2,-0.02125906614701568,-0.283481330444317,0.24615913972162004,post-hoc (decided after Task 24's test results were seen),-0.02125906614701568,-0.283481330444317,0.24615913972162004,post-hoc (decided after Task 24's test results were seen)
R1_mlp_reg,secdfV,nuScenes,oracle,plan_fde,JC_fde,0.3,-0.04774882588811534,-0.3967982453630808,0.25747511178912363,post-hoc (decided after Task 24's test results were seen),-0.04774882588811534,-0.3967982453630808,0.25747511178912363,post-hoc (decided after Task 24's test results were seen)
R1_mlp_reg,secdfV,nuScenes,oracle,plan_fde,JC_fde,0.5,0.07280244149577036,-0.30227598707603687,0.4070365032050985,post-hoc (decided after Task 24's test results were seen),0.07280244149577036,-0.30227598707603687,0.4070365032050985,post-hoc (decided after Task 24's test results were seen)
R1_mlp_reg,Q,nuScenes,oracle,plan_fde,JC_fde,0.1,0.06403213521931485,-0.060989221487836254,0.19741141008186297,post-hoc (decided after Task 24's test results were seen),0.06403213521931485,-0.060989221487836254,0.19741141008186297,post-hoc (decided after Task 24's test results were seen)
R1_mlp_reg,Q,nuScenes,oracle,plan_fde,JC_fde,0.2,0.08734091011682873,-0.10762388074590808,0.23094050981702785,post-hoc (decided after Task 24's test results were seen),0.08734091011682873,-0.10762388074590808,0.23094050981702785,post-hoc (decided after Task 24's test results were seen)
R1_mlp_reg,Q,nuScenes,oracle,plan_fde,JC_fde,0.3,0.05246222274022676,-0.1567556365433077,0.2838911515625967,post-hoc (decided after Task 24's test results were seen),0.05246222274022676,-0.1567556365433077,0.2838911515625967,post-hoc (decided after Task 24's test results were seen)
R1_mlp_reg,Q,nuScenes,oracle,plan_fde,JC_fde,0.5,0.012793047704997229,-0.1884931431668462,0.2765878526294866,post-hoc (decided after Task 24's test results were seen),0.012793047704997229,-0.1884931431668462,0.2765878526294866,post-hoc (decided after Task 24's test results were seen)
R1_mlp_reg,G,nuScenes,oracle,plan_fde,JC_fde,0.1,-0.007440904498604073,-0.0962550501823212,0.22787616369476552,post-hoc (decided after Task 24's test results were seen),-0.007440904498604073,-0.0962550501823212,0.22787616369476552,post-hoc (decided after Task 24's test results were seen)
R1_mlp_reg,G,nuScenes,oracle,plan_fde,JC_fde,0.2,0.16162399450527176,-0.06022725408388577,0.35967244155376216,post-hoc (decided after Task 24's test results were seen),0.16162399450527176,-0.06022725408388577,0.35967244155376216,post-hoc (decided after Task 24's test results were seen)
R1_mlp_reg,G,nuScenes,oracle,plan_fde,JC_fde,0.3,0.059311411903099756,-0.10050640935849767,0.3169553783733012,post-hoc (decided after Task 24's test results were seen),0.059311411903099756,-0.10050640935849767,0.3169553783733012,post-hoc (decided after Task 24's test results were seen)
R1_mlp_reg,G,nuScenes,oracle,plan_fde,JC_fde,0.5,0.08788167475760031,-0.19118191686423275,0.43204536639981655,post-hoc (decided after Task 24's test results were seen),0.08788167475760031,-0.19118191686423275,0.43204536639981655,post-hoc (decided after Task 24's test results were seen)
R1_gbm_reg,rankV,nuScenes,oracle,plan_fde,JC_fde,0.1,0.043576422585651614,-0.11785302081836296,0.21042139648591737,post-hoc (decided after Task 24's test results were seen),0.043576422585651614,-0.11785302081836296,0.21042139648591737,post-hoc (decided after Task 24's test results were seen)
R1_gbm_reg,rankV,nuScenes,oracle,plan_fde,JC_fde,0.2,0.21578341112009491,-0.058892513339269044,0.5871729766097623,post-hoc (decided after Task 24's test results were seen),0.21578341112009491,-0.058892513339269044,0.5871729766097623,post-hoc (decided after Task 24's test results were seen)
R1_gbm_reg,rankV,nuScenes,oracle,plan_fde,JC_fde,0.3,0.26332189630482217,-0.028448388929342316,0.7388320398356106,post-hoc (decided after Task 24's test results were seen),0.26332189630482217,-0.028448388929342316,0.7388320398356106,post-hoc (decided after Task 24's test results were seen)
R1_gbm_reg,rankV,nuScenes,oracle,plan_fde,JC_fde,0.5,0.2794754165670414,-0.17479767415584035,0.7147629061693378,post-hoc (decided after Task 24's test results were seen),0.2794754165670414,-0.17479767415584035,0.7147629061693378,post-hoc (decided after Task 24's test results were seen)
R1_gbm_reg,secdfV,nuScenes,oracle,plan_fde,JC_fde,0.1,0.09909218910889638,-0.08869044771958125,0.24613828359614082,post-hoc (decided after Task 24's test results were seen),0.09909218910889638,-0.08869044771958125,0.24613828359614082,post-hoc (decided after Task 24's test results were seen)
R1_gbm_reg,secdfV,nuScenes,oracle,plan_fde,JC_fde,0.2,0.19735221180590595,-0.0325125638320279,0.47234877231737704,post-hoc (decided after Task 24's test results were seen),0.19735221180590595,-0.0325125638320279,0.47234877231737704,post-hoc (decided after Task 24's test results were seen)
R1_gbm_reg,secdfV,nuScenes,oracle,plan_fde,JC_fde,0.3,0.13610199017214636,-0.08704852859497923,0.4990935634276994,post-hoc (decided after Task 24's test results were seen),0.13610199017214636,-0.08704852859497923,0.4990935634276994,post-hoc (decided after Task 24's test results were seen)
R1_gbm_reg,secdfV,nuScenes,oracle,plan_fde,JC_fde,0.5,0.17192914646057242,-0.10359860455136448,0.6014427584566951,post-hoc (decided after Task 24's test results were seen),0.17192914646057242,-0.10359860455136448,0.6014427584566951,post-hoc (decided after Task 24's test results were seen)
R1_gbm_reg,Q,nuScenes,oracle,plan_fde,JC_fde,0.1,0.10671163686012879,-0.04540011532675864,0.20293131601787442,post-hoc (decided after Task 24's test results were seen),0.10671163686012879,-0.04540011532675864,0.20293131601787442,post-hoc (decided after Task 24's test results were seen)
R1_gbm_reg,Q,nuScenes,oracle,plan_fde,JC_fde,0.2,0.2610135993920074,-0.0019699746338511484,0.5640455712524972,post-hoc (decided after Task 24's test results were seen),0.2610135993920074,-0.0019699746338511484,0.5640455712524972,post-hoc (decided after Task 24's test results were seen)
R1_gbm_reg,Q,nuScenes,oracle,plan_fde,JC_fde,0.3,0.3321054672597473,-0.005371068478252703,0.6716289411344976,post-hoc (decided after Task 24's test results were seen),0.3321054672597473,-0.005371068478252703,0.6716289411344976,post-hoc (decided after Task 24's test results were seen)
R1_gbm_reg,Q,nuScenes,oracle,plan_fde,JC_fde,0.5,0.43645421254503614,0.050589438232962115,0.7094599700800813,post-hoc (decided after Task 24's test results were seen),0.43645421254503614,0.050589438232962115,0.7094599700800813,post-hoc (decided after Task 24's test results were seen)
R1_gbm_reg,G,nuScenes,oracle,plan_fde,JC_fde,0.1,0.13004540323044098,-0.07792002584737161,0.32627717908949655,post-hoc (decided after Task 24's test results were seen),0.13004540323044098,-0.07792002584737161,0.32627717908949655,post-hoc (decided after Task 24's test results were seen)
R1_gbm_reg,G,nuScenes,oracle,plan_fde,JC_fde,0.2,0.4154120381211238,0.057680923450885095,0.7789630792708145,post-hoc (decided after Task 24's test results were seen),0.4154120381211238,0.057680923450885095,0.7789630792708145,post-hoc (decided after Task 24's test results were seen)
R1_gbm_reg,G,nuScenes,oracle,plan_fde,JC_fde,0.3,0.4095861343628025,0.0020683560951253225,0.762871189591717,post-hoc (decided after Task 24's test results were seen),0.4095861343628025,0.0020683560951253225,0.762871189591717,post-hoc (decided after Task 24's test results were seen)
R1_gbm_reg,G,nuScenes,oracle,plan_fde,JC_fde,0.5,0.29942055707042,-0.024772344123415117,0.5856316398967482,post-hoc (decided after Task 24's test results were seen),0.29942055707042,-0.024772344123415117,0.5856316398967482,post-hoc (decided after Task 24's test results were seen)
